ISO-10303-21;
HEADER;
FILE_DESCRIPTION (( 'STEP AP214' ),
    '1' );
FILE_NAME ('TMPS 15-105.STEP',
    '2022-01-26T03:24:50',
    ( '' ),
    ( '' ),
    'SwSTEP 2.0',
    'SolidWorks 2017',
    '' );
FILE_SCHEMA (( 'AUTOMOTIVE_DESIGN' ));
ENDSEC;

DATA;
#1 = AXIS2_PLACEMENT_3D ( 'NONE', #4196, #5092, #3463 ) ;
#2 = VECTOR ( 'NONE', #1007, 1000.000000000000100 ) ;
#3 = CARTESIAN_POINT ( 'NONE',  ( 12.42013518795323000, 0.7000000000000070600, -25.60325947668015400 ) ) ;
#4 = CYLINDRICAL_SURFACE ( 'NONE', #5011, 0.2999999999999999300 ) ;
#5 = EDGE_CURVE ( 'NONE', #1401, #2181, #3909, .T. ) ;
#6 = LINE ( 'NONE', #3255, #4936 ) ;
#7 = DIRECTION ( 'NONE',  ( 1.000000000000000000, 2.470955234246605300E-016, -1.718560196236194400E-013 ) ) ;
#8 = CARTESIAN_POINT ( 'NONE',  ( 11.86745506492733600, 1.700000000000006800, -15.50000000000203900 ) ) ;
#9 = CARTESIAN_POINT ( 'NONE',  ( -12.18835778681045300, 0.7000000000000010700, -25.66745506493092700 ) ) ;
#10 = AXIS2_PLACEMENT_3D ( 'NONE', #2888, #3757, #2552 ) ;
#11 = FACE_BOUND ( 'NONE', #31, .T. ) ;
#12 = EDGE_LOOP ( 'NONE', ( #4465, #1124, #1908, #2064 ) ) ;
#13 = CARTESIAN_POINT ( 'NONE',  ( -10.65999999999607400, 1.699999999999991700, 22.86000000000182900 ) ) ;
#14 = LINE ( 'NONE', #2053, #715 ) ;
#15 = FACE_OUTER_BOUND ( 'NONE', #2522, .T. ) ;
#16 = FILL_AREA_STYLE_COLOUR ( '', #1783 ) ;
#17 = CARTESIAN_POINT ( 'NONE',  ( -11.15484855006593000, 54.13459999999999200, 23.75484855007193400 ) ) ;
#18 = PRESENTATION_STYLE_ASSIGNMENT (( #852 ) ) ;
#19 = AXIS2_PLACEMENT_3D ( 'NONE', #34, #3527, #1653 ) ;
#20 = ADVANCED_FACE ( 'NONE', ( #5029 ), #2498, .F. ) ;
#21 = CARTESIAN_POINT ( 'NONE',  ( -12.65925303154156000, 1.700000000000002600, -25.44308418776091300 ) ) ;
#22 = EDGE_CURVE ( 'NONE', #1626, #1380, #802, .T. ) ;
#23 = VECTOR ( 'NONE', #4608, 1000.000000000000000 ) ;
#24 = CARTESIAN_POINT ( 'NONE',  ( -12.77609723762921800, 22.03701650788863000, -25.37609723780888500 ) ) ;
#25 = CARTESIAN_POINT ( 'NONE',  ( -12.77609723780303200, 22.03701650797375700, 25.37609723762336200 ) ) ;
#26 = DIRECTION ( 'NONE',  ( -1.000000000000000000, -4.336808689942013800E-016, 1.734723475976805600E-013 ) ) ;
#27 = VECTOR ( 'NONE', #1069, 1000.000000000000000 ) ;
#28 = CARTESIAN_POINT ( 'NONE',  ( -4.502627714138829800E-012, 6.473902713724993400E-015, -26.20000000000000300 ) ) ;
#29 = CARTESIAN_POINT ( 'NONE',  ( 13.06745506492876000, 0.7000000000000072800, -24.78835778680833400 ) ) ;
#30 = DIRECTION ( 'NONE',  ( -1.718560196236194400E-013, 2.470955234246180800E-016, -1.000000000000000000 ) ) ;
#31 = EDGE_LOOP ( 'NONE', ( #2456, #2517 ) ) ;
#32 = VERTEX_POINT ( 'NONE', #3676 ) ;
#33 = EDGE_CURVE ( 'NONE', #2994, #4597, #4346, .T. ) ;
#34 = CARTESIAN_POINT ( 'NONE',  ( -13.05000000000471200, 1.700000000000003300, -27.40976292091776000 ) ) ;
#35 = CARTESIAN_POINT ( 'NONE',  ( -9.499999999996310500, 23.44999999999998900, 21.50000000000164100 ) ) ;
#36 = AXIS2_PLACEMENT_3D ( 'NONE', #89, #3182, #2413 ) ;
#37 = ORIENTED_EDGE ( 'NONE', *, *, #1159, .T. ) ;
#38 = ORIENTED_EDGE ( 'NONE', *, *, #3143, .T. ) ;
#39 = ADVANCED_FACE ( 'NONE', ( #3272 ), #2144, .T. ) ;
#40 = DIRECTION ( 'NONE',  ( -2.470955234246180800E-016, 1.000000000000000000, 2.470955234246605300E-016 ) ) ;
#41 = CARTESIAN_POINT ( 'NONE',  ( -13.08770529053186500, 0.7000000000000020700, -9.399999999997763900 ) ) ;
#42 = EDGE_CURVE ( 'NONE', #2099, #4209, #1861, .T. ) ;
#43 = VERTEX_POINT ( 'NONE', #1009 ) ;
#44 = CARTESIAN_POINT ( 'NONE',  ( 8.590000000004501100, 0.6999999999999956300, 26.18778145454852400 ) ) ;
#46 = ORIENTED_EDGE ( 'NONE', *, *, #4343, .T. ) ;
#45 = ORIENTED_EDGE ( 'NONE', *, *, #4558, .T. ) ;
#47 =( BOUNDED_CURVE ( )  B_SPLINE_CURVE ( 3, ( #1341, #124, #3606, #1304 ),
 .UNSPECIFIED., .F., .F. ) 
 B_SPLINE_CURVE_WITH_KNOTS ( ( 4, 4 ),
 ( 0.4250113684648856900, 0.7852458701529438900 ),
 .UNSPECIFIED. ) 
 CURVE ( )  GEOMETRIC_REPRESENTATION_ITEM ( )  RATIONAL_B_SPLINE_CURVE ( ( 1.000000000000000000, 0.9892151297711702100, 0.9892151297711702100, 1.000000000000000000 ) ) 
 REPRESENTATION_ITEM ( '' )  );
#48 = ORIENTED_EDGE ( 'NONE', *, *, #754, .T. ) ;
#49 = AXIS2_PLACEMENT_3D ( 'NONE', #4713, #4663, #3209 ) ;
#50 = CARTESIAN_POINT ( 'NONE',  ( 8.499999999996472200, 23.45000000000000600, -20.50000000000145300 ) ) ;
#51 = DIRECTION ( 'NONE',  ( 2.752243213584974200E-015, 0.9998476951563912700, 0.01745240643728005600 ) ) ;
#52 = VERTEX_POINT ( 'NONE', #3281 ) ;
#53 = CARTESIAN_POINT ( 'NONE',  ( 13.09992383598422600, -2.841602282798101700E-015, 24.59993906658774800 ) ) ;
#55 = ORIENTED_EDGE ( 'NONE', *, *, #1084, .T. ) ;
#54 = ORIENTED_EDGE ( 'NONE', *, *, #2407, .F. ) ;
#56 = ORIENTED_EDGE ( 'NONE', *, *, #4093, .F. ) ;
#57 = CARTESIAN_POINT ( 'NONE',  ( -8.589999999995589200, -8.472886678442132400E-015, 25.69992383598148000 ) ) ;
#58 = LINE ( 'NONE', #76, #4112 ) ;
#59 = ORIENTED_EDGE ( 'NONE', *, *, #1948, .T. ) ;
#60 = ORIENTED_EDGE ( 'NONE', *, *, #4215, .F. ) ;
#61 = CARTESIAN_POINT ( 'NONE',  ( -10.16000000000392800, -7.414213562373091400, -22.85999999999796000 ) ) ;
#62 = EDGE_LOOP ( 'NONE', ( #502, #2512, #4589, #1885 ) ) ;
#63 = CARTESIAN_POINT ( 'NONE',  ( -12.97882969773600700, -9.680913431326997300E-015, 26.19999999999933100 ) ) ;
#64 = CIRCLE ( 'NONE', #2909, 1.499999999999999600 ) ;
#65 = ORIENTED_EDGE ( 'NONE', *, *, #1465, .T. ) ;
#66 = DIRECTION ( 'NONE',  ( 1.718560196236194400E-013, -2.470955234246180800E-016, 1.000000000000000000 ) ) ;
#67 = CARTESIAN_POINT ( 'NONE',  ( -3.928974535769231400E-012, 1.399973453572675600, -22.85999999999999900 ) ) ;
#68 = VECTOR ( 'NONE', #2434, 1000.000000000000100 ) ;
#69 = ORIENTED_EDGE ( 'NONE', *, *, #2473, .T. ) ;
#70 = CARTESIAN_POINT ( 'NONE',  ( -11.99993905486441800, 3.385204910399639500E-015, -25.69992383597794100 ) ) ;
#71 = EDGE_CURVE ( 'NONE', #2278, #3679, #2855, .T. ) ;
#72 = CARTESIAN_POINT ( 'NONE',  ( -13.06745506492733900, 1.699999999999992900, 15.50000000000224700 ) ) ;
#73 = FACE_OUTER_BOUND ( 'NONE', #3466, .T. ) ;
#74 = VECTOR ( 'NONE', #4003, 1000.000000000000000 ) ;
#75 = ORIENTED_EDGE ( 'NONE', *, *, #644, .T. ) ;
#76 = CARTESIAN_POINT ( 'NONE',  ( -15.37931440638557000, 22.02617860965290200, 25.81553162225072700 ) ) ;
#77 = VECTOR ( 'NONE', #3612, 1000.000000000000000 ) ;
#78 = VECTOR ( 'NONE', #2148, 1000.000000000000000 ) ;
#79 = CARTESIAN_POINT ( 'NONE',  ( 14.40000000000364400, 0.6999999999999984000, 21.19999999999752700 ) ) ;
#80 = EDGE_CURVE ( 'NONE', #2616, #4470, #1535, .T. ) ;
#81 = CIRCLE ( 'NONE', #3347, 1.500000000000001300 ) ;
#82 = ORIENTED_EDGE ( 'NONE', *, *, #3920, .T. ) ;
#83 = VECTOR ( 'NONE', #2270, 1000.000000000000000 ) ;
#84 = DIRECTION ( 'NONE',  ( 1.000000000000000000, 2.470955234246605300E-016, -1.718560196236194400E-013 ) ) ;
#85 = AXIS2_PLACEMENT_3D ( 'NONE', #4999, #1504, #4188 ) ;
#86 = DIRECTION ( 'NONE',  ( 0.01744974916067704200, -0.9996954598818875700, -0.01744974916068303700 ) ) ;
#87 = DIRECTION ( 'NONE',  ( 2.470955234246180800E-016, -1.000000000000000000, -2.470955234246605300E-016 ) ) ;
#88 = ORIENTED_EDGE ( 'NONE', *, *, #1499, .T. ) ;
#89 = CARTESIAN_POINT ( 'NONE',  ( -10.15999999999607100, 0.7000000000000015100, 22.86000000000174400 ) ) ;
#90 = B_SPLINE_CURVE_WITH_KNOTS ( 'NONE', 3,
 ( #303, #1485, #1829, #4938, #3388, #2597, #4150, #4182 ),
 .UNSPECIFIED., .F., .F.,
 ( 4, 1, 1, 1, 1, 4 ),
 ( 0.0000000000000000000, 0.0003436264300335428300, 0.0006872528600670856500, 0.001030879290100628400, 0.001374505720134171300, 0.001718132150167714000 ),
 .UNSPECIFIED. ) ;
#91 = CARTESIAN_POINT ( 'NONE',  ( -13.05000000000640100, 1.700000000000002600, -24.65015230484172500 ) ) ;
#92 = ORIENTED_EDGE ( 'NONE', *, *, #3781, .F. ) ;
#93 = LINE ( 'NONE', #1513, #3641 ) ;
#94 = DIRECTION ( 'NONE',  ( -1.000000000000000000, -2.168404344971014300E-016, 1.734723475976811600E-013 ) ) ;
#95 = CARTESIAN_POINT ( 'NONE',  ( 12.85085130651873800, 1.700000000000009300, -25.24932416386002700 ) ) ;
#96 = DIRECTION ( 'NONE',  ( -2.470955234246180800E-016, 1.000000000000000000, 2.470955234246605300E-016 ) ) ;
#97 = SURFACE_STYLE_FILL_AREA ( #5037 ) ;
#98 = CARTESIAN_POINT ( 'NONE',  ( -12.16745506493159800, 1.699999999999999300, -9.299999999997909900 ) ) ;
#99 = PRODUCT_DEFINITION_FORMATION_WITH_SPECIFIED_SOURCE ( 'ANY', '', #1436, .NOT_KNOWN. ) ;
#100 = ADVANCED_FACE ( 'NONE', ( #4146 ), #607, .T. ) ;
#101 = CARTESIAN_POINT ( 'NONE',  ( -8.589999999995587400, 0.6999999999999926300, 25.68770529053154000 ) ) ;
#102 = VECTOR ( 'NONE', #4848, 1000.000000000000000 ) ;
#103 = DIRECTION ( 'NONE',  ( -1.718560196236194400E-013, 2.470955234246180800E-016, -1.000000000000000000 ) ) ;
#104 = EDGE_CURVE ( 'NONE', #107, #4859, #1856, .T. ) ;
#105 = CARTESIAN_POINT ( 'NONE',  ( 12.06760736977659400, 0.7000000000000057300, 25.66745506492983300 ) ) ;
#106 = CARTESIAN_POINT ( 'NONE',  ( -13.06745506493160000, 1.699999999999999100, -9.299999999997755400 ) ) ;
#107 = VERTEX_POINT ( 'NONE', #2585 ) ;
#108 = DIRECTION ( 'NONE',  ( 0.01744974916068304000, -0.9996954598818875700, 0.01744974916067654900 ) ) ;
#109 = PRESENTATION_LAYER_ASSIGNMENT (  '', '', ( #4416 ) ) ;
#110 = ORIENTED_EDGE ( 'NONE', *, *, #2156, .F. ) ;
#111 = EDGE_CURVE ( 'NONE', #1199, #4827, #919, .T. ) ;
#112 = DIRECTION ( 'NONE',  ( -2.470955234246180800E-016, 1.000000000000000000, 2.470955234246605300E-016 ) ) ;
#113 = ORIENTED_EDGE ( 'NONE', *, *, #42, .T. ) ;
#114 = ORIENTED_EDGE ( 'NONE', *, *, #2268, .T. ) ;
#115 = CARTESIAN_POINT ( 'NONE',  ( -2.965146281095416900E-016, 1.200000000000000000, 2.965146281095926200E-016 ) ) ;
#116 = EDGE_LOOP ( 'NONE', ( #4159, #1117, #3776, #478 ) ) ;
#117 = DIRECTION ( 'NONE',  ( 1.000000000000000000, 2.470955234246605300E-016, -1.718560196236194400E-013 ) ) ;
#118 = AXIS2_PLACEMENT_3D ( 'NONE', #1943, #3040, #3434 ) ;
#119 = CARTESIAN_POINT ( 'NONE',  ( 11.86745506493000100, 0.7000000000000008400, -2.039320623654635000E-012 ) ) ;
#120 = ORIENTED_EDGE ( 'NONE', *, *, #4057, .T. ) ;
#121 = ORIENTED_EDGE ( 'NONE', *, *, #5, .F. ) ;
#122 = LINE ( 'NONE', #790, #2113 ) ;
#123 = ORIENTED_EDGE ( 'NONE', *, *, #4291, .F. ) ;
#124 = CARTESIAN_POINT ( 'NONE',  ( -13.04582323908436500, 0.7000000000000008400, -24.90714819870947500 ) ) ;
#125 = ORIENTED_EDGE ( 'NONE', *, *, #3364, .F. ) ;
#126 = ORIENTED_EDGE ( 'NONE', *, *, #1313, .T. ) ;
#127 = AXIS2_PLACEMENT_3D ( 'NONE', #833, #4751, #2426 ) ;
#128 = DIRECTION ( 'NONE',  ( -1.000000000000000000, 0.0000000000000000000, 1.711593829630450300E-013 ) ) ;
#129 = VECTOR ( 'NONE', #2972, 1000.000000000000200 ) ;
#130 = CARTESIAN_POINT ( 'NONE',  ( -12.08770529053000000, 0.6999999999999969600, 2.077517884480249300E-012 ) ) ;
#131 = VERTEX_POINT ( 'NONE', #291 ) ;
#132 = ADVANCED_FACE ( 'NONE', ( #4279 ), #2231, .F. ) ;
#133 = ORIENTED_EDGE ( 'NONE', *, *, #5088, .T. ) ;
#134 = EDGE_CURVE ( 'NONE', #939, #1064, #3326, .T. ) ;
#136 = VECTOR ( 'NONE', #2398, 1000.000000000000000 ) ;
#135 = CARTESIAN_POINT ( 'NONE',  ( -11.86745506492840200, 0.6999999999999927400, 9.300000000002041700 ) ) ;
#137 = EDGE_LOOP ( 'NONE', ( #369, #2988, #3993, #1367 ) ) ;
#138 = PLANE ( 'NONE',  #2962 ) ;
#139 = FACE_OUTER_BOUND ( 'NONE', #2851, .T. ) ;
#140 = DIRECTION ( 'NONE',  ( 1.000000000000000000, 2.470955234246605300E-016, -1.718560196236194400E-013 ) ) ;
#141 = CARTESIAN_POINT ( 'NONE',  ( 10.65622705110149200, 22.87887801648281200, 25.37729573990197100 ) ) ;
#142 = LINE ( 'NONE', #1249, #3357 ) ;
#143 = CARTESIAN_POINT ( 'NONE',  ( -12.34548283941440900, 3.290808892101732700E-015, -25.66344524719787800 ) ) ;
#144 = LINE ( 'NONE', #4194, #3750 ) ;
#145 = CARTESIAN_POINT ( 'NONE',  ( 11.71576007910453000, 22.02617860965640500, 25.81553162224429300 ) ) ;
#146 = VECTOR ( 'NONE', #4830, 1000.000000000000100 ) ;
#147 = ORIENTED_EDGE ( 'NONE', *, *, #3905, .T. ) ;
#148 = EDGE_CURVE ( 'NONE', #2333, #4716, #3771, .T. ) ;
#149 = CARTESIAN_POINT ( 'NONE',  ( -3.800116166883458200E-012, 1.399973453572675300, -22.25999999999999800 ) ) ;
#150 = CIRCLE ( 'NONE', #4993, 0.5000000000000004400 ) ;
#151 = LINE ( 'NONE', #1130, #1474 ) ;
#152 = AXIS2_PLACEMENT_3D ( 'NONE', #461, #4776, #857 ) ;
#153 = DIRECTION ( 'NONE',  ( 1.000000000000000000, 2.470955234246605300E-016, -1.718560196236194400E-013 ) ) ;
#154 = VECTOR ( 'NONE', #1975, 1000.000000000000000 ) ;
#155 = PLANE ( 'NONE',  #4062 ) ;
#156 = EDGE_CURVE ( 'NONE', #43, #2115, #2438, .T. ) ;
#157 = CARTESIAN_POINT ( 'NONE',  ( 11.86745506493159900, 1.700000000000000600, 9.299999999997961500 ) ) ;
#158 = ADVANCED_FACE ( 'NONE', ( #2494 ), #3462, .F. ) ;
#159 = DIRECTION ( 'NONE',  ( -2.470955234246180800E-016, 1.000000000000000000, 2.470955234246605300E-016 ) ) ;
#160 = PLANE ( 'NONE',  #3570 ) ;
#161 = LINE ( 'NONE', #3528, #4771 ) ;
#162 = CARTESIAN_POINT ( 'NONE',  ( -9.659999999996072600, 1.699999999999992200, 22.86000000000165500 ) ) ;
#163 = DIRECTION ( 'NONE',  ( 2.470955234246180800E-016, -1.000000000000000000, -2.470955234246605300E-016 ) ) ;
#164 = CARTESIAN_POINT ( 'NONE',  ( 13.05000000000093500, 1.700000000000009300, -24.87247621356034300 ) ) ;
#165 = VECTOR ( 'NONE', #971, 1000.000000000000000 ) ;
#166 = DIRECTION ( 'NONE',  ( -2.470955234246180800E-016, 1.000000000000000000, 2.470955234246605300E-016 ) ) ;
#167 = DIRECTION ( 'NONE',  ( -0.01744974916067572700, -0.9996954598818875700, 0.01744974916068282900 ) ) ;
#168 = PLANE ( 'NONE',  #731 ) ;
#169 = ORIENTED_EDGE ( 'NONE', *, *, #3857, .T. ) ;
#170 = DIRECTION ( 'NONE',  ( -0.01744974916067654500, -0.9996954598818875700, 0.01744974916068254400 ) ) ;
#171 = EDGE_LOOP ( 'NONE', ( #1252, #5007, #1594, #3172 ) ) ;
#172 = CARTESIAN_POINT ( 'NONE',  ( 12.76095110939313000, 22.90473760959576700, 25.36095110962775200 ) ) ;
#173 = DIRECTION ( 'NONE',  ( 2.470955234246180800E-016, -1.000000000000000000, -2.470955234246605300E-016 ) ) ;
#174 = CARTESIAN_POINT ( 'NONE',  ( -11.99993905486441600, 0.5666666666667035100, -25.69003263251794100 ) ) ;
#175 = ORIENTED_EDGE ( 'NONE', *, *, #2987, .T. ) ;
#176 = EDGE_CURVE ( 'NONE', #2583, #4532, #2265, .T. ) ;
#177 = VERTEX_POINT ( 'NONE', #1062 ) ;
#178 = CARTESIAN_POINT ( 'NONE',  ( 12.77609723762551000, 22.03701650797376400, 25.37609723780520500 ) ) ;
#179 = DIRECTION ( 'NONE',  ( -1.718560196236194400E-013, 2.470955234246180800E-016, -1.000000000000000000 ) ) ;
#180 = DIRECTION ( 'NONE',  ( 2.470955234246180800E-016, -1.000000000000000000, -2.470955234246605300E-016 ) ) ;
#181 = AXIS2_PLACEMENT_3D ( 'NONE', #2288, #332, #1157 ) ;
#183 = EDGE_LOOP ( 'NONE', ( #4384, #1248, #1944, #250 ) ) ;
#182 = ORIENTED_EDGE ( 'NONE', *, *, #748, .F. ) ;
#184 = ADVANCED_FACE ( 'NONE', ( #544 ), #3267, .T. ) ;
#185 = ORIENTED_EDGE ( 'NONE', *, *, #3372, .F. ) ;
#186 = EDGE_CURVE ( 'NONE', #4293, #3804, #1235, .T. ) ;
#187 = CARTESIAN_POINT ( 'NONE',  ( -12.02709324932423300, 3.003600000000003200, -24.62709324931793400 ) ) ;
#188 = ORIENTED_EDGE ( 'NONE', *, *, #4124, .F. ) ;
#189 = ORIENTED_EDGE ( 'NONE', *, *, #858, .F. ) ;
#190 = DIRECTION ( 'NONE',  ( -1.000000000000000000, -2.470955234246605300E-016, 1.718560196236194400E-013 ) ) ;
#191 = VERTEX_POINT ( 'NONE', #1555 ) ;
#192 = AXIS2_PLACEMENT_3D ( 'NONE', #4096, #595, #2540 ) ;
#193 = LINE ( 'NONE', #4345, #5047 ) ;
#194 = VERTEX_POINT ( 'NONE', #3886 ) ;
#195 = ORIENTED_EDGE ( 'NONE', *, *, #4680, .F. ) ;
#196 = CARTESIAN_POINT ( 'NONE',  ( -1.598433949366058100E-012, 0.7000000000000001800, -9.300000000000000700 ) ) ;
#197 = CIRCLE ( 'NONE', #765, 0.5000000000000004400 ) ;
#198 = ORIENTED_EDGE ( 'NONE', *, *, #3474, .T. ) ;
#199 = AXIS2_PLACEMENT_3D ( 'NONE', #5101, #3455, #4264 ) ;
#200 = CARTESIAN_POINT ( 'NONE',  ( 12.79262666071367600, 22.00057016017411400, 23.27155797205318800 ) ) ;
#201 = CARTESIAN_POINT ( 'NONE',  ( -9.259960178580062300, 1.699999999971161000, 22.86000000000158700 ) ) ;
#202 = LINE ( 'NONE', #4543, #2829 ) ;
#203 = EDGE_CURVE ( 'NONE', #2626, #194, #4342, .T. ) ;
#204 = CARTESIAN_POINT ( 'NONE',  ( -12.77609723762552100, 22.03701650797377100, -25.37609723780520100 ) ) ;
#205 = VECTOR ( 'NONE', #3620, 1000.000000000000100 ) ;
#206 = PLANE ( 'NONE',  #3525 ) ;
#207 = DIRECTION ( 'NONE',  ( 1.000000000000000000, 3.614007241618348300E-016, -1.676899360110913600E-013 ) ) ;
#208 = LINE ( 'NONE', #1689, #642 ) ;
#209 = ORIENTED_EDGE ( 'NONE', *, *, #2805, .F. ) ;
#210 = DIRECTION ( 'NONE',  ( 1.718560196236194400E-013, -2.470955234246180800E-016, 1.000000000000000000 ) ) ;
#211 = CARTESIAN_POINT ( 'NONE',  ( -12.46745506492840300, 1.299999999999994700, 9.300000000002143000 ) ) ;
#212 = LINE ( 'NONE', #3942, #906 ) ;
#213 = LINE ( 'NONE', #2778, #527 ) ;
#214 = ADVANCED_FACE ( 'NONE', ( #4711 ), #4652, .F. ) ;
#215 = APPLICATION_PROTOCOL_DEFINITION ( 'draft international standard', 'automotive_design', 1998, #4131 ) ;
#216 = CARTESIAN_POINT ( 'NONE',  ( 12.11409038858558400, 0.5666666666667094000, -25.69003263252208300 ) ) ;
#217 = VECTOR ( 'NONE', #3089, 1000.000000000000000 ) ;
#218 = ORIENTED_EDGE ( 'NONE', *, *, #739, .T. ) ;
#219 = AXIS2_PLACEMENT_3D ( 'NONE', #415, #817, #1225 ) ;
#220 = CIRCLE ( 'NONE', #656, 0.2999999999999999300 ) ;
#221 = EDGE_CURVE ( 'NONE', #4234, #1933, #4959, .T. ) ;
#222 = DIRECTION ( 'NONE',  ( -0.9998476951563912700, 0.01745240643728037500, 1.734723475976808100E-013 ) ) ;
#223 = DIRECTION ( 'NONE',  ( -0.01744974916068254400, -0.9996954598818875700, -0.01744974916067704200 ) ) ;
#224 = DIRECTION ( 'NONE',  ( 2.470955234246180800E-016, -1.000000000000000000, -2.470955234246605300E-016 ) ) ;
#225 = ORIENTED_EDGE ( 'NONE', *, *, #4921, .T. ) ;
#226 = PLANE ( 'NONE',  #4295 ) ;
#227 = CIRCLE ( 'NONE', #3648, 0.5999999999999998700 ) ;
#228 = B_SPLINE_CURVE_WITH_KNOTS ( 'NONE', 3,
 ( #2120, #4478, #2854, #3638 ),
 .UNSPECIFIED., .F., .F.,
 ( 4, 4 ),
 ( 0.0000000000000000000, 1.000000000000000000 ),
 .UNSPECIFIED. ) ;
#229 = CARTESIAN_POINT ( 'NONE',  ( 11.15484854966229200, 54.16077860964872300, 25.25462009280281000 ) ) ;
#230 = VECTOR ( 'NONE', #4213, 1000.000000000000000 ) ;
#231 = CARTESIAN_POINT ( 'NONE',  ( 13.09003263251575300, 0.5666666666667092800, -24.71409038859225000 ) ) ;
#232 = FACE_OUTER_BOUND ( 'NONE', #3545, .T. ) ;
#233 = EDGE_CURVE ( 'NONE', #4234, #1257, #2322, .T. ) ;
#234 = CARTESIAN_POINT ( 'NONE',  ( 14.80976292091559200, 1.700000000000009900, -25.65000000000254600 ) ) ;
#235 = CARTESIAN_POINT ( 'NONE',  ( -13.09992383598264700, 5.683385236644581400E-016, -15.39999999999776600 ) ) ;
#236 = ORIENTED_EDGE ( 'NONE', *, *, #4087, .F. ) ;
#237 = CARTESIAN_POINT ( 'NONE',  ( 12.42013518795323000, 0.7000000000000070600, -25.60325947668015400 ) ) ;
#238 = ORIENTED_EDGE ( 'NONE', *, *, #937, .T. ) ;
#239 = DIRECTION ( 'NONE',  ( -0.01745240643728005600, 0.9998476951563912700, 3.246358992744149600E-015 ) ) ;
#241 = ORIENTED_EDGE ( 'NONE', *, *, #1633, .T. ) ;
#240 = ORIENTED_EDGE ( 'NONE', *, *, #1188, .T. ) ;
#242 = ORIENTED_EDGE ( 'NONE', *, *, #3116, .F. ) ;
#243 = CARTESIAN_POINT ( 'NONE',  ( -10.15999999999607100, 1.399973453572561900, 22.86000000000174400 ) ) ;
#244 = ORIENTED_EDGE ( 'NONE', *, *, #5095, .T. ) ;
#245 = ORIENTED_EDGE ( 'NONE', *, *, #2318, .F. ) ;
#246 = EDGE_CURVE ( 'NONE', #1878, #107, #3904, .T. ) ;
#247 = ORIENTED_EDGE ( 'NONE', *, *, #2660, .T. ) ;
#248 = ORIENTED_EDGE ( 'NONE', *, *, #1424, .F. ) ;
#249 = FACE_OUTER_BOUND ( 'NONE', #4791, .T. ) ;
#250 = ORIENTED_EDGE ( 'NONE', *, *, #2507, .F. ) ;
#252 = VERTEX_POINT ( 'NONE', #2799 ) ;
#251 = VERTEX_POINT ( 'NONE', #57 ) ;
#253 = EDGE_CURVE ( 'NONE', #2707, #2333, #4406, .T. ) ;
#255 = CIRCLE ( 'NONE', #330, 0.5000000000000000000 ) ;
#254 = DIRECTION ( 'NONE',  ( 0.9998476951563912700, 0.01745240643728005600, -1.718255327079238300E-013 ) ) ;
#256 = EDGE_CURVE ( 'NONE', #4072, #4000, #420, .T. ) ;
#257 = ORIENTED_EDGE ( 'NONE', *, *, #5093, .T. ) ;
#258 = DIRECTION ( 'NONE',  ( -2.470955234246180800E-016, 1.000000000000000000, 2.470955234246605300E-016 ) ) ;
#259 = ORIENTED_EDGE ( 'NONE', *, *, #3828, .F. ) ;
#260 = CARTESIAN_POINT ( 'NONE',  ( 12.65925303153263000, 1.700000000000009500, -25.44308418776538300 ) ) ;
#261 = CARTESIAN_POINT ( 'NONE',  ( 11.86745506492840200, 1.700000000000005300, -9.300000000002041700 ) ) ;
#262 = LINE ( 'NONE', #4851, #1582 ) ;
#263 = ORIENTED_EDGE ( 'NONE', *, *, #4390, .T. ) ;
#264 = ORIENTED_EDGE ( 'NONE', *, *, #4825, .F. ) ;
#265 = ADVANCED_FACE ( 'NONE', ( #1976 ), #4462, .T. ) ;
#266 = CARTESIAN_POINT ( 'NONE',  ( -11.86745506493159900, 1.299999999999999600, -9.299999999997961500 ) ) ;
#267 = LINE ( 'NONE', #3067, #4754 ) ;
#268 = VECTOR ( 'NONE', #1971, 1000.000000000000000 ) ;
#269 = ADVANCED_FACE ( 'NONE', ( #3589 ), #3147, .F. ) ;
#270 = DIRECTION ( 'NONE',  ( 1.000000000000000000, 3.614007241618348800E-016, -1.329954664915552400E-013 ) ) ;
#271 = VECTOR ( 'NONE', #1086, 1000.000000000000100 ) ;
#272 = CARTESIAN_POINT ( 'NONE',  ( -13.12048244983896200, 22.90473760987765300, -25.00141976923511000 ) ) ;
#273 = FACE_BOUND ( 'NONE', #1444, .T. ) ;
#274 = CARTESIAN_POINT ( 'NONE',  ( -12.54975595146999000, 1.700000000000003100, -25.52593462648055900 ) ) ;
#275 = VECTOR ( 'NONE', #3910, 1000.000000000000000 ) ;
#276 = CARTESIAN_POINT ( 'NONE',  ( 8.590000000004415900, -4.227785586006464300E-015, 25.69992383597852700 ) ) ;
#277 = DIRECTION ( 'NONE',  ( 2.470955234246180800E-016, -1.000000000000000000, -2.470955234246605300E-016 ) ) ;
#278 = LINE ( 'NONE', #1646, #4762 ) ;
#279 = EDGE_CURVE ( 'NONE', #4795, #1332, #2679, .T. ) ;
#280 = AXIS2_PLACEMENT_3D ( 'NONE', #4982, #672, #5001 ) ;
#281 =( BOUNDED_SURFACE ( )  B_SPLINE_SURFACE ( 3, 3, ( 
 ( #1181, #3074, #4928, #2555 ),
 ( #1185, #5099, #2348, #4698 ),
 ( #5005, #5021, #2184, #1008 ),
 ( #2467, #4835, #728, #3840 ) ),
 .UNSPECIFIED., .F., .F., .T. ) 
 B_SPLINE_SURFACE_WITH_KNOTS ( ( 4, 4 ),
 ( 4, 4 ),
 ( 0.0000000000000000000, 1.000000000000000000 ),
 ( 0.0000000000000000000, 1.000000000000000000 ),
 .UNSPECIFIED. ) 
 GEOMETRIC_REPRESENTATION_ITEM ( )  RATIONAL_B_SPLINE_SURFACE ( (
 ( 1.000000000000000000, 0.8047378541307385100, 0.8047378541307385100, 1.000000000000000000),
 ( 0.8083544723009072900, 0.6505134434164175900, 0.6505134434164175900, 0.8083544723009072900),
 ( 0.8083544723009072900, 0.6505134434164175900, 0.6505134434164175900, 0.8083544723009072900),
 ( 1.000000000000000000, 0.8047378541307385100, 0.8047378541307385100, 1.000000000000000000) ) ) 
 REPRESENTATION_ITEM ( '' )  SURFACE ( )  );
#282 = EDGE_CURVE ( 'NONE', #694, #1932, #1303, .T. ) ;
#283 = CARTESIAN_POINT ( 'NONE',  ( -13.05000000000471200, 1.700000000000003300, -27.40976292091776000 ) ) ;
#284 = CARTESIAN_POINT ( 'NONE',  ( -12.40141976923296200, 22.90473760987764600, 25.72048244983678700 ) ) ;
#285 = CARTESIAN_POINT ( 'NONE',  ( -11.99993905486441600, 0.7000000000000080600, -25.68770529052819300 ) ) ;
#286 = VECTOR ( 'NONE', #2386, 1000.000000000000000 ) ;
#287 = AXIS2_PLACEMENT_3D ( 'NONE', #4651, #2309, #5056 ) ;
#288 = CARTESIAN_POINT ( 'NONE',  ( -11.71576007951427400, 22.00000000000000400, -24.84208138431798200 ) ) ;
#290 = ADVANCED_FACE ( 'NONE', ( #1552 ), #523, .T. ) ;
#289 = VECTOR ( 'NONE', #2132, 1000.000000000000000 ) ;
#291 = CARTESIAN_POINT ( 'NONE',  ( 13.06745506493100400, 0.6999999999999885200, 9.299999999997751800 ) ) ;
#292 = CARTESIAN_POINT ( 'NONE',  ( -11.99993905485558600, 0.5666666666666906300, 25.69003263252206500 ) ) ;
#293 = CARTESIAN_POINT ( 'NONE',  ( 2.663595337299704200E-012, 0.6999999999999941800, 15.50000000000000000 ) ) ;
#294 = DIRECTION ( 'NONE',  ( 1.000000000000000000, 2.470955234246605300E-016, -1.718560196236194400E-013 ) ) ;
#295 = ORIENTED_EDGE ( 'NONE', *, *, #3474, .F. ) ;
#296 = ORIENTED_EDGE ( 'NONE', *, *, #2117, .F. ) ;
#297 = DIRECTION ( 'NONE',  ( 1.000000000000000000, 0.0000000000000000000, -1.734723475976811600E-013 ) ) ;
#298 = CARTESIAN_POINT ( 'NONE',  ( -11.08467416195471400, 23.49993545788450800, 24.92716743294679200 ) ) ;
#299 = EDGE_CURVE ( 'NONE', #699, #1430, #4832, .T. ) ;
#300 = ORIENTED_EDGE ( 'NONE', *, *, #620, .T. ) ;
#301 = VERTEX_POINT ( 'NONE', #3668 ) ;
#302 = AXIS2_PLACEMENT_3D ( 'NONE', #963, #1369, #4430 ) ;
#303 = CARTESIAN_POINT ( 'NONE',  ( -13.09992383598422800, 2.787392171275404800E-015, -24.59993905485778100 ) ) ;
#304 = DIRECTION ( 'NONE',  ( 1.718560196236194400E-013, -2.470955234246180800E-016, 1.000000000000000000 ) ) ;
#306 = ORIENTED_EDGE ( 'NONE', *, *, #3010, .F. ) ;
#305 = EDGE_LOOP ( 'NONE', ( #445, #440, #1490, #2223 ) ) ;
#307 = DIRECTION ( 'NONE',  ( 1.000000000000000000, 2.470955234246605300E-016, -1.718560196236194400E-013 ) ) ;
#308 = ORIENTED_EDGE ( 'NONE', *, *, #531, .F. ) ;
#309 =( BOUNDED_CURVE ( )  B_SPLINE_CURVE ( 3, ( #1709, #3622, #2874, #4444 ),
 .UNSPECIFIED., .F., .F. ) 
 B_SPLINE_CURVE_WITH_KNOTS ( ( 4, 4 ),
 ( 5.497939436619061500, 7.068431177327525500 ),
 .UNSPECIFIED. ) 
 CURVE ( )  GEOMETRIC_REPRESENTATION_ITEM ( )  RATIONAL_B_SPLINE_CURVE ( ( 1.000000000000000000, 0.8048096402864618500, 0.8048096402864618500, 1.000000000000000000 ) ) 
 REPRESENTATION_ITEM ( '' )  );
#310 = CARTESIAN_POINT ( 'NONE',  ( -13.06344524719571600, -9.391835980370121600E-015, 24.94548283941224700 ) ) ;
#311 = ORIENTED_EDGE ( 'NONE', *, *, #148, .T. ) ;
#312 = ORIENTED_EDGE ( 'NONE', *, *, #2451, .F. ) ;
#313 = B_SPLINE_CURVE_WITH_KNOTS ( 'NONE', 3,
 ( #4823, #2853, #4061, #891 ),
 .UNSPECIFIED., .F., .F.,
 ( 4, 4 ),
 ( 0.0000000000000000000, 1.000000000000000000 ),
 .UNSPECIFIED. ) ;
#314 = CARTESIAN_POINT ( 'NONE',  ( -11.99993905485560000, -9.369677462673235100E-015, 25.69992383598206600 ) ) ;
#315 = VECTOR ( 'NONE', #2802, 1000.000000000000000 ) ;
#316 = EDGE_LOOP ( 'NONE', ( #4424, #54, #2180, #4410 ) ) ;
#317 = EDGE_CURVE ( 'NONE', #3098, #3853, #4032, .T. ) ;
#318 = EDGE_LOOP ( 'NONE', ( #3988, #928, #311, #2870 ) ) ;
#320 = ORIENTED_EDGE ( 'NONE', *, *, #1424, .T. ) ;
#319 = ORIENTED_EDGE ( 'NONE', *, *, #4723, .F. ) ;
#321 = DIRECTION ( 'NONE',  ( -1.000000000000000000, -2.470955234246605300E-016, 1.718560196236194400E-013 ) ) ;
#322 = CARTESIAN_POINT ( 'NONE',  ( -12.24208138431582800, 23.49999999999998900, 24.31576007951211000 ) ) ;
#323 = LINE ( 'NONE', #2371, #449 ) ;
#324 = ORIENTED_EDGE ( 'NONE', *, *, #4558, .F. ) ;
#325 = DIRECTION ( 'NONE',  ( 1.000000000000000000, 2.470955234246605300E-016, -1.718560196236194400E-013 ) ) ;
#326 = EDGE_CURVE ( 'NONE', #5097, #2766, #2381, .T. ) ;
#327 = CIRCLE ( 'NONE', #3219, 0.5999999999999999800 ) ;
#328 = DIRECTION ( 'NONE',  ( -2.470955234246180800E-016, 1.000000000000000000, 2.470955234246605300E-016 ) ) ;
#329 = CARTESIAN_POINT ( 'NONE',  ( 13.09992383598422800, -2.841602279899671300E-015, 24.59993905485774900 ) ) ;
#330 = AXIS2_PLACEMENT_3D ( 'NONE', #4540, #1415, #2214 ) ;
#331 = CARTESIAN_POINT ( 'NONE',  ( 13.05000000000159800, 1.700000000000000800, 9.299999999997750100 ) ) ;
#332 = DIRECTION ( 'NONE',  ( 2.470955234246180800E-016, -1.000000000000000000, -2.470955234246605300E-016 ) ) ;
#334 = CIRCLE ( 'NONE', #1275, 0.5000000000000000000 ) ;
#333 = DIRECTION ( 'NONE',  ( -1.718560196236194400E-013, 2.470955234246180800E-016, -1.000000000000000000 ) ) ;
#335 = CARTESIAN_POINT ( 'NONE',  ( -13.07025022560422800, 1.700000000000002600, -24.59993905485775700 ) ) ;
#336 = VECTOR ( 'NONE', #40, 1000.000000000000000 ) ;
#337 = ORIENTED_EDGE ( 'NONE', *, *, #4784, .F. ) ;
#338 = CIRCLE ( 'NONE', #36, 0.5000000000000004400 ) ;
#339 = CIRCLE ( 'NONE', #856, 0.5000000000000004400 ) ;
#340 = DIRECTION ( 'NONE',  ( 2.470955234246180800E-016, -1.000000000000000000, -2.470955234246605300E-016 ) ) ;
#341 = DIRECTION ( 'NONE',  ( 1.000000000000000000, 2.409231562247368800E-016, -1.696099019822147600E-013 ) ) ;
#342 = CARTESIAN_POINT ( 'NONE',  ( 13.05000000000423700, 1.699999999999997100, 24.65015230483775700 ) ) ;
#343 = LINE ( 'NONE', #3789, #966 ) ;
#344 = CARTESIAN_POINT ( 'NONE',  ( 10.16000000000382800, 1.699999999999997100, 22.85999999999825100 ) ) ;
#345 = FACE_OUTER_BOUND ( 'NONE', #2163, .T. ) ;
#346 = DIRECTION ( 'NONE',  ( -1.000000000000000000, -2.470955234246605300E-016, 1.718560196236194400E-013 ) ) ;
#347 = CARTESIAN_POINT ( 'NONE',  ( 12.11409038859441400, 0.5666666666666966300, 25.69003263251792300 ) ) ;
#348 = ADVANCED_FACE ( 'NONE', ( #232 ), #2560, .T. ) ;
#349 = EDGE_CURVE ( 'NONE', #4977, #3546, #4685, .T. ) ;
#350 = CARTESIAN_POINT ( 'NONE',  ( 11.86745506492733400, 1.300000000000007100, -15.50000000000203900 ) ) ;
#351 = EDGE_LOOP ( 'NONE', ( #5110, #4152, #2519, #2863 ) ) ;
#352 = CIRCLE ( 'NONE', #3851, 1.500000000000001100 ) ;
#353 = CARTESIAN_POINT ( 'NONE',  ( 13.60000000000000000, 3.360499118575382900E-015, -2.337241866881224400E-012 ) ) ;
#354 = AXIS2_PLACEMENT_3D ( 'NONE', #3251, #3654, #4529 ) ;
#355 =( NAMED_UNIT ( * ) SI_UNIT ( $, .STERADIAN. ) SOLID_ANGLE_UNIT ( ) );
#356 = CARTESIAN_POINT ( 'NONE',  ( 12.97849523947828300, 1.699999999999996600, 25.08296569297189300 ) ) ;
#357 = EDGE_CURVE ( 'NONE', #2170, #3098, #2094, .T. ) ;
#358 = CARTESIAN_POINT ( 'NONE',  ( -12.08770529053161400, 1.199999999999999300, -9.399999999997922000 ) ) ;
#359 = AXIS2_PLACEMENT_3D ( 'NONE', #288, #693, #3811 ) ;
#360 = VECTOR ( 'NONE', #2032, 1000.000000000000100 ) ;
#361 = PLANE ( 'NONE',  #757 ) ;
#362 = CARTESIAN_POINT ( 'NONE',  ( -8.590000000004415900, 4.227785586006464300E-015, -25.69992383597852700 ) ) ;
#363 = ORIENTED_EDGE ( 'NONE', *, *, #3330, .F. ) ;
#364 = CARTESIAN_POINT ( 'NONE',  ( -13.08014142905577200, 1.133333333332990900, 24.59993905486224700 ) ) ;
#365 = VERTEX_POINT ( 'NONE', #3203 ) ;
#366 = CARTESIAN_POINT ( 'NONE',  ( -3.929048670985761700E-012, 1.700000000000005500, -22.85999999999999900 ) ) ;
#368 = ORIENTED_EDGE ( 'NONE', *, *, #1557, .F. ) ;
#367 = ORIENTED_EDGE ( 'NONE', *, *, #2577, .F. ) ;
#369 = ORIENTED_EDGE ( 'NONE', *, *, #1729, .T. ) ;
#370 = ADVANCED_FACE ( 'NONE', ( #4526, #1425 ), #3235, .T. ) ;
#371 = CARTESIAN_POINT ( 'NONE',  ( -12.48296569296973100, 1.699999999999990600, 25.57849523947611900 ) ) ;
#372 = CARTESIAN_POINT ( 'NONE',  ( -13.09992383598364400, 2.001492559527241600E-015, -21.19999999999776100 ) ) ;
#373 = ORIENTED_EDGE ( 'NONE', *, *, #4289, .F. ) ;
#374 = ORIENTED_EDGE ( 'NONE', *, *, #739, .F. ) ;
#375 = DIRECTION ( 'NONE',  ( 0.7071067811866688100, 2.987810678524582200E-029, 0.7071067811864262300 ) ) ;
#377 = VECTOR ( 'NONE', #1730, 1000.000000000000000 ) ;
#376 = CARTESIAN_POINT ( 'NONE',  ( 11.99993905485560000, 9.261257245424684700E-015, -25.69992383598206600 ) ) ;
#378 = CARTESIAN_POINT ( 'NONE',  ( 9.660000000003830000, -6.000000000000003600, 22.85999999999834000 ) ) ;
#379 = EDGE_CURVE ( 'NONE', #3296, #5046, #1178, .T. ) ;
#380 = DIRECTION ( 'NONE',  ( -0.01744974916065913200, 0.9996954598809073600, 0.01744974921685264700 ) ) ;
#381 = ORIENTED_EDGE ( 'NONE', *, *, #1232, .T. ) ;
#382 = FACE_OUTER_BOUND ( 'NONE', #569, .T. ) ;
#383 = MECHANICAL_DESIGN_GEOMETRIC_PRESENTATION_REPRESENTATION (  '', ( #4416 ), #3513 ) ;
#384 = DIRECTION ( 'NONE',  ( -1.000000000000000000, -2.470955234246605300E-016, 1.718560196236194400E-013 ) ) ;
#385 = EDGE_CURVE ( 'NONE', #2583, #1626, #3385, .T. ) ;
#386 = VECTOR ( 'NONE', #572, 1000.000000000000000 ) ;
#387 = ORIENTED_EDGE ( 'NONE', *, *, #3644, .T. ) ;
#388 = ORIENTED_EDGE ( 'NONE', *, *, #2892, .T. ) ;
#389 = CARTESIAN_POINT ( 'NONE',  ( 13.08770529052844900, 0.7000000000000067300, -9.400000000002249200 ) ) ;
#390 = CARTESIAN_POINT ( 'NONE',  ( -12.42013518796209600, 0.7000000000000008400, -25.60325947667585900 ) ) ;
#391 = CARTESIAN_POINT ( 'NONE',  ( -12.93536159853173700, 23.50798738008916500, 24.30394395683918800 ) ) ;
#392 = CYLINDRICAL_SURFACE ( 'NONE', #3788, 1.500000000000001300 ) ;
#393 = CARTESIAN_POINT ( 'NONE',  ( 12.06760736977659400, 0.7000000000000057300, 25.66745506492983300 ) ) ;
#394 = LINE ( 'NONE', #3206, #4312 ) ;
#395 = VECTOR ( 'NONE', #3990, 1000.000000000000000 ) ;
#396 = CARTESIAN_POINT ( 'NONE',  ( 11.99993905486441300, 1.699999999999996600, 25.67025022559794000 ) ) ;
#397 = VECTOR ( 'NONE', #2556, 1000.000000000000000 ) ;
#398 = AXIS2_PLACEMENT_3D ( 'NONE', #862, #1234, #1221 ) ;
#399 = ADVANCED_FACE ( 'NONE', ( #3090 ), #1506, .F. ) ;
#400 = LINE ( 'NONE', #1958, #1088 ) ;
#401 = ORIENTED_EDGE ( 'NONE', *, *, #823, .F. ) ;
#402 = CARTESIAN_POINT ( 'NONE',  ( 3.689097677107339500E-012, 23.49999999999999300, 21.50000000000000700 ) ) ;
#403 = DIRECTION ( 'NONE',  ( 1.718560196236194400E-013, -2.470955234246180800E-016, 1.000000000000000000 ) ) ;
#404 = LINE ( 'NONE', #2693, #4820 ) ;
#405 = CARTESIAN_POINT ( 'NONE',  ( 9.560000000003929800, 1.399973453572566800, 22.85999999999838300 ) ) ;
#406 = EDGE_CURVE ( 'NONE', #1932, #2342, #1038, .T. ) ;
#407 = VECTOR ( 'NONE', #1588, 1000.000000000000000 ) ;
#408 = ORIENTED_EDGE ( 'NONE', *, *, #1911, .T. ) ;
#409 = DIRECTION ( 'NONE',  ( 2.470955234246180800E-016, -1.000000000000000000, -2.470955234246605300E-016 ) ) ;
#410 = CARTESIAN_POINT ( 'NONE',  ( -3.929048670985769000E-012, 1.700000000028018000, -22.85999999999999900 ) ) ;
#411 = VERTEX_POINT ( 'NONE', #1374 ) ;
#412 = DIRECTION ( 'NONE',  ( 1.000000000000000000, 2.470955234246605300E-016, -1.718560196236194400E-013 ) ) ;
#413 = CARTESIAN_POINT ( 'NONE',  ( 12.11305478499441300, 1.133333333332996900, 25.68014142905792200 ) ) ;
#414 = LINE ( 'NONE', #4618, #4521 ) ;
#415 = CARTESIAN_POINT ( 'NONE',  ( -2.000003980637197800E-006, 10.21200000000000500, -22.85999999999969700 ) ) ;
#416 = EDGE_CURVE ( 'NONE', #2222, #2625, #3210, .T. ) ;
#417 = DIRECTION ( 'NONE',  ( -0.7068914387408932200, 0.02467767198250971800, -0.7068914388648046600 ) ) ;
#418 = DIRECTION ( 'NONE',  ( 1.000000000000000000, 2.470955234246605300E-016, -1.718560196236194400E-013 ) ) ;
#419 = CARTESIAN_POINT ( 'NONE',  ( -11.06003982141208300, 1.699999999971158800, 22.86000000000190000 ) ) ;
#420 = LINE ( 'NONE', #5125, #3647 ) ;
#421 = AXIS2_PLACEMENT_3D ( 'NONE', #1615, #422, #3138 ) ;
#422 = DIRECTION ( 'NONE',  ( -2.470955234246180800E-016, 1.000000000000000000, 2.470955234246605300E-016 ) ) ;
#423 = ADVANCED_FACE ( 'NONE', ( #2794 ), #4792, .T. ) ;
#424 = CARTESIAN_POINT ( 'NONE',  ( 12.65925303154155700, 1.699999999999996200, 25.44308418776091300 ) ) ;
#425 = EDGE_CURVE ( 'NONE', #700, #3784, #4274, .T. ) ;
#426 = VERTEX_POINT ( 'NONE', #704 ) ;
#427 = EDGE_LOOP ( 'NONE', ( #4481, #2758 ) ) ;
#428 =( LENGTH_UNIT ( ) NAMED_UNIT ( * ) SI_UNIT ( .MILLI., .METRE. ) );
#429 = DIRECTION ( 'NONE',  ( 1.000000000000000000, 2.409231562176336800E-016, -1.734646724766962400E-013 ) ) ;
#431 = VERTEX_POINT ( 'NONE', #2591 ) ;
#430 = ORIENTED_EDGE ( 'NONE', *, *, #773, .F. ) ;
#432 = EDGE_LOOP ( 'NONE', ( #1058, #1870 ) ) ;
#433 = CARTESIAN_POINT ( 'NONE',  ( -12.08770529053161400, 0.6999999999999992900, -9.399999999997922000 ) ) ;
#434 = DIRECTION ( 'NONE',  ( -0.01745240643847690100, 0.9998476951563704000, 3.246358992949830100E-015 ) ) ;
#436 = ORIENTED_EDGE ( 'NONE', *, *, #2086, .F. ) ;
#435 = ORIENTED_EDGE ( 'NONE', *, *, #4892, .T. ) ;
#437 = ORIENTED_EDGE ( 'NONE', *, *, #2732, .F. ) ;
#438 = AXIS2_PLACEMENT_3D ( 'NONE', #2149, #4084, #2281 ) ;
#439 = ORIENTED_EDGE ( 'NONE', *, *, #3846, .F. ) ;
#440 = ORIENTED_EDGE ( 'NONE', *, *, #1379, .T. ) ;
#441 = DIRECTION ( 'NONE',  ( -1.718560196236194400E-013, 2.470955234246180800E-016, -1.000000000000000000 ) ) ;
#442 = CARTESIAN_POINT ( 'NONE',  ( -10.75999999999607000, 1.399973453572561600, 22.86000000000187200 ) ) ;
#443 = VECTOR ( 'NONE', #3999, 1000.000000000000200 ) ;
#444 = CARTESIAN_POINT ( 'NONE',  ( -12.77609723780303100, 22.03701650797375300, 25.37609723762336200 ) ) ;
#445 = ORIENTED_EDGE ( 'NONE', *, *, #1759, .T. ) ;
#446 = MANIFOLD_SOLID_BREP ( 'Body-Move/Copy1[3]', #3842 ) ;
#447 = VERTEX_POINT ( 'NONE', #4964 ) ;
#448 = PLANE ( 'NONE',  #398 ) ;
#449 = VECTOR ( 'NONE', #1947, 1000.000000000000000 ) ;
#450 = CARTESIAN_POINT ( 'NONE',  ( 13.08770529052602200, 0.7000000000000137200, -24.59993905486224700 ) ) ;
#451 = ORIENTED_EDGE ( 'NONE', *, *, #2914, .T. ) ;
#452 = EDGE_CURVE ( 'NONE', #5073, #4979, #2147, .T. ) ;
#453 = DIRECTION ( 'NONE',  ( -0.01744974916068163900, -0.9996954598818813500, -0.01744974916103673300 ) ) ;
#454 = ADVANCED_FACE ( 'NONE', ( #3836 ), #1300, .T. ) ;
#455 = AXIS2_PLACEMENT_3D ( 'NONE', #2734, #4555, #2210 ) ;
#456 = CIRCLE ( 'NONE', #1070, 0.5000000000000004400 ) ;
#457 = CARTESIAN_POINT ( 'NONE',  ( 13.21553162225287500, 22.02617860965290900, 27.97931440638773300 ) ) ;
#458 = DIRECTION ( 'NONE',  ( 1.000000000000000000, 3.614007241618348800E-016, -1.734723475976807600E-013 ) ) ;
#459 = EDGE_CURVE ( 'NONE', #301, #2051, #1970, .T. ) ;
#460 = VECTOR ( 'NONE', #3516, 1000.000000000000000 ) ;
#461 = CARTESIAN_POINT ( 'NONE',  ( -11.86745506493266500, 1.700000000000000800, -15.49999999999796100 ) ) ;
#462 = DIRECTION ( 'NONE',  ( -1.000000000000000000, -2.470955234246605300E-016, 1.718560196236194400E-013 ) ) ;
#463 = CARTESIAN_POINT ( 'NONE',  ( 13.05000000000471000, 1.699999999999996400, 27.40976292091776000 ) ) ;
#464 = AXIS2_PLACEMENT_3D ( 'NONE', #1139, #4610, #660 ) ;
#465 = LINE ( 'NONE', #3626, #3015 ) ;
#466 = ORIENTED_EDGE ( 'NONE', *, *, #3332, .F. ) ;
#467 = CARTESIAN_POINT ( 'NONE',  ( 13.38098323059046600, 22.54531576091250900, -24.75346645175951100 ) ) ;
#468 = VECTOR ( 'NONE', #2439, 1000.000000000000000 ) ;
#469 = LINE ( 'NONE', #1097, #275 ) ;
#470 = CARTESIAN_POINT ( 'NONE',  ( 12.08770529053264700, 0.6999999999999992900, 15.39999999999792200 ) ) ;
#471 = CYLINDRICAL_SURFACE ( 'NONE', #3257, 0.5999999999999998700 ) ;
#472 = ORIENTED_EDGE ( 'NONE', *, *, #1981, .T. ) ;
#473 = CARTESIAN_POINT ( 'NONE',  ( 13.06344524720428900, -2.966570777234956400E-015, 24.94548283940775600 ) ) ;
#474 = AXIS2_PLACEMENT_3D ( 'NONE', #2665, #5055, #4193 ) ;
#475 = DIRECTION ( 'NONE',  ( -2.470955234246180800E-016, 1.000000000000000000, 2.470955234246605300E-016 ) ) ;
#476 = CARTESIAN_POINT ( 'NONE',  ( -3.929048670985761700E-012, 1.700000000000005500, -22.85999999999999900 ) ) ;
#477 = EDGE_CURVE ( 'NONE', #3578, #2766, #1108, .T. ) ;
#478 = ORIENTED_EDGE ( 'NONE', *, *, #2360, .T. ) ;
#480 = ADVANCED_FACE ( 'NONE', ( #2037 ), #4955, .T. ) ;
#479 = LINE ( 'NONE', #119, #3145 ) ;
#481 = CARTESIAN_POINT ( 'NONE',  ( 12.93536159852910000, 23.50798738008918000, -24.30394395684181000 ) ) ;
#482 = FACE_OUTER_BOUND ( 'NONE', #1194, .T. ) ;
#483 = CARTESIAN_POINT ( 'NONE',  ( -13.09992383598422800, 2.787392171275404800E-015, -24.59993905485778100 ) ) ;
#484 = DIRECTION ( 'NONE',  ( 1.000000000000000000, 2.470955234246605300E-016, -1.718560196236194400E-013 ) ) ;
#485 = AXIS2_PLACEMENT_3D ( 'NONE', #3293, #1827, #222 ) ;
#486 = VECTOR ( 'NONE', #4056, 1000.000000000000100 ) ;
#487 = EDGE_CURVE ( 'NONE', #2448, #3231, #3458, .T. ) ;
#488 = CARTESIAN_POINT ( 'NONE',  ( 0.5999999999960710100, 1.399973453572675800, -22.86000000000010200 ) ) ;
#489 = DIRECTION ( 'NONE',  ( 1.718560196236194400E-013, -2.470955234246180800E-016, 1.000000000000000000 ) ) ;
#490 = AXIS2_PLACEMENT_3D ( 'NONE', #3079, #5102, #1206 ) ;
#491 = ORIENTED_EDGE ( 'NONE', *, *, #4166, .T. ) ;
#492 = ORIENTED_EDGE ( 'NONE', *, *, #1053, .F. ) ;
#493 = CARTESIAN_POINT ( 'NONE',  ( -13.08508703078577200, 0.8499999999998781900, 24.59993905486224700 ) ) ;
#494 = DIRECTION ( 'NONE',  ( -2.470955234246180800E-016, 1.000000000000000000, 2.470955234246605300E-016 ) ) ;
#495 = ORIENTED_EDGE ( 'NONE', *, *, #4147, .F. ) ;
#496 = VERTEX_POINT ( 'NONE', #3086 ) ;
#497 = AXIS2_PLACEMENT_3D ( 'NONE', #4818, #4434, #952 ) ;
#498 = B_SPLINE_CURVE_WITH_KNOTS ( 'NONE', 3,
 ( #376, #1927, #742, #4296, #1524, #4644, #2717, #786 ),
 .UNSPECIFIED., .F., .F.,
 ( 4, 1, 1, 1, 1, 4 ),
 ( 0.0000000000000000000, 0.0003436264300335414200, 0.0006872528600670828300, 0.001030879290100624200, 0.001374505720134165700, 0.001718132150167707100 ),
 .UNSPECIFIED. ) ;
#499 = DIRECTION ( 'NONE',  ( 2.470955234246180800E-016, -1.000000000000000000, -2.470955234246605300E-016 ) ) ;
#501 = ORIENTED_EDGE ( 'NONE', *, *, #843, .T. ) ;
#500 = EDGE_LOOP ( 'NONE', ( #1715, #2441, #5032, #245, #2985, #242, #1253, #1926, #2124, #2747, #504, #2572, #2390, #1187, #2509, #439 ) ) ;
#502 = ORIENTED_EDGE ( 'NONE', *, *, #4723, .T. ) ;
#503 = LINE ( 'NONE', #4615, #3864 ) ;
#504 = ORIENTED_EDGE ( 'NONE', *, *, #4457, .F. ) ;
#505 = EDGE_CURVE ( 'NONE', #1405, #5073, #4091, .T. ) ;
#506 = CARTESIAN_POINT ( 'NONE',  ( -10.16000000000392900, 1.699999999971170400, -22.85999999999825100 ) ) ;
#507 = CARTESIAN_POINT ( 'NONE',  ( -10.16000000000392900, 0.7000000000000121700, -22.85999999999795700 ) ) ;
#508 = DIRECTION ( 'NONE',  ( -2.470955234246180800E-016, 1.000000000000000000, 2.470955234246605300E-016 ) ) ;
#510 = VERTEX_POINT ( 'NONE', #5059 ) ;
#509 = EDGE_LOOP ( 'NONE', ( #320, #771, #1651, #169, #2447, #218, #133, #1763 ) ) ;
#511 = CARTESIAN_POINT ( 'NONE',  ( -12.08770529053161400, 0.6999999999999992900, -9.399999999997922000 ) ) ;
#512 = AXIS2_PLACEMENT_3D ( 'NONE', #2737, #2674, #4640 ) ;
#513 = FACE_OUTER_BOUND ( 'NONE', #4673, .T. ) ;
#514 = CARTESIAN_POINT ( 'NONE',  ( -13.06745506492733900, 1.299999999999992900, 15.50000000000224700 ) ) ;
#515 = MANIFOLD_SOLID_BREP ( 'Body-Move/Copy1[1]', #929 ) ;
#516 =( LENGTH_UNIT ( ) NAMED_UNIT ( * ) SI_UNIT ( .MILLI., .METRE. ) );
#517 = CARTESIAN_POINT ( 'NONE',  ( 11.70592079754933600, 23.49993545762983200, -24.30592079725212400 ) ) ;
#518 = FACE_OUTER_BOUND ( 'NONE', #3492, .T. ) ;
#519 = ORIENTED_EDGE ( 'NONE', *, *, #3702, .T. ) ;
#520 = CARTESIAN_POINT ( 'NONE',  ( 11.86745506493159900, 1.700000000000000600, 9.299999999997961500 ) ) ;
#521 = EDGE_CURVE ( 'NONE', #2175, #3566, #1035, .T. ) ;
#522 = VECTOR ( 'NONE', #2449, 1000.000000000000100 ) ;
#523 = PLANE ( 'NONE',  #4211 ) ;
#524 = LINE ( 'NONE', #2006, #2194 ) ;
#525 = CARTESIAN_POINT ( 'NONE',  ( 8.590000000004501100, 0.6999999999999956300, 26.18778145454852400 ) ) ;
#526 = LINE ( 'NONE', #4898, #3366 ) ;
#527 = VECTOR ( 'NONE', #4368, 1000.000000000000000 ) ;
#528 = ORIENTED_EDGE ( 'NONE', *, *, #5016, .F. ) ;
#529 = PLANE ( 'NONE',  #2646 ) ;
#530 = EDGE_CURVE ( 'NONE', #1522, #2058, #3707, .T. ) ;
#531 = EDGE_CURVE ( 'NONE', #729, #2326, #3585, .T. ) ;
#532 = FACE_OUTER_BOUND ( 'NONE', #870, .T. ) ;
#533 = CONICAL_SURFACE ( 'NONE', #1129, 0.9000398214311644600, 0.7854202859248451400 ) ;
#534 = ADVANCED_FACE ( 'NONE', ( #3207, #5086 ), #4017, .F. ) ;
#535 = AXIS2_PLACEMENT_3D ( 'NONE', #3419, #4226, #2227 ) ;
#536 = CARTESIAN_POINT ( 'NONE',  ( -3.212241804520035500E-016, 1.300000000000000300, 3.212241804520587200E-016 ) ) ;
#537 = CARTESIAN_POINT ( 'NONE',  ( 12.46745506492840100, 1.400000000000005500, -9.300000000002144800 ) ) ;
#538 = CARTESIAN_POINT ( 'NONE',  ( 15.37931440638555700, 22.02617860965292400, -25.81553162225071300 ) ) ;
#539 = CARTESIAN_POINT ( 'NONE',  ( 11.86745506493000100, 0.7000000000000008400, -2.039320623654635000E-012 ) ) ;
#540 = DIRECTION ( 'NONE',  ( 3.246358992744107000E-015, -0.9998476951563912700, 0.01745240643727956000 ) ) ;
#541 = LINE ( 'NONE', #2685, #3205 ) ;
#542 =( BOUNDED_CURVE ( )  B_SPLINE_CURVE ( 3, ( #4801, #2491, #2894, #4464 ),
 .UNSPECIFIED., .F., .T. ) 
 B_SPLINE_CURVE_WITH_KNOTS ( ( 4, 4 ),
 ( 5.497939436892353100, 7.068431177327525500 ),
 .UNSPECIFIED. ) 
 CURVE ( )  GEOMETRIC_REPRESENTATION_ITEM ( )  RATIONAL_B_SPLINE_CURVE ( ( 1.000000000000000000, 0.8048096403508673300, 0.8048096403508673300, 1.000000000000000000 ) ) 
 REPRESENTATION_ITEM ( '' )  );
#543 = SURFACE_SIDE_STYLE ('',( #1212 ) ) ;
#544 = FACE_OUTER_BOUND ( 'NONE', #814, .T. ) ;
#545 = CARTESIAN_POINT ( 'NONE',  ( -13.05388201153428600, 0.5666666666667029600, -24.94237600997775300 ) ) ;
#546 = EDGE_CURVE ( 'NONE', #1184, #4795, #1852, .T. ) ;
#547 = DIRECTION ( 'NONE',  ( -2.470955234246180800E-016, 1.000000000000000000, 2.470955234246605300E-016 ) ) ;
#548 = CARTESIAN_POINT ( 'NONE',  ( 11.71576007930922500, 23.49999999999999600, 24.31576007950799600 ) ) ;
#549 = ORIENTED_EDGE ( 'NONE', *, *, #4896, .F. ) ;
#550 = DIRECTION ( 'NONE',  ( 1.718560196236194400E-013, -2.470955234246180800E-016, 1.000000000000000000 ) ) ;
#551 = STYLED_ITEM ( 'NONE', ( #1795 ), #515 ) ;
#552 = EDGE_LOOP ( 'NONE', ( #1514, #1803, #4232, #4664, #2258, #4357, #2406 ) ) ;
#553 = EDGE_CURVE ( 'NONE', #252, #2701, #1421, .T. ) ;
#554 = DIRECTION ( 'NONE',  ( 1.000000000000000000, 2.470955234246605300E-016, -1.718560196236194400E-013 ) ) ;
#555 = ORIENTED_EDGE ( 'NONE', *, *, #2442, .F. ) ;
#556 = ORIENTED_EDGE ( 'NONE', *, *, #3048, .T. ) ;
#557 = DIRECTION ( 'NONE',  ( 1.718560196236194400E-013, -2.470955234246180800E-016, 1.000000000000000000 ) ) ;
#558 = ORIENTED_EDGE ( 'NONE', *, *, #4704, .F. ) ;
#559 = DIRECTION ( 'NONE',  ( -1.000000000000000000, -2.470955234246605300E-016, 1.718560196236194400E-013 ) ) ;
#561 = VERTEX_POINT ( 'NONE', #4720 ) ;
#560 = ORIENTED_EDGE ( 'NONE', *, *, #1729, .F. ) ;
#562 = ORIENTED_EDGE ( 'NONE', *, *, #3857, .F. ) ;
#563 = DIRECTION ( 'NONE',  ( -1.000000000000000000, -2.470955234246605300E-016, 1.718560196236194400E-013 ) ) ;
#564 = CARTESIAN_POINT ( 'NONE',  ( -12.34237600998441100, 0.5666666666667032900, -25.65388201152788400 ) ) ;
#565 = EDGE_LOOP ( 'NONE', ( #3179, #2939, #295, #4599, #4137, #4487, #705, #3543, #943, #3551, #616, #3399, #3922, #2063 ) ) ;
#566 = VERTEX_POINT ( 'NONE', #2756 ) ;
#567 = AXIS2_PLACEMENT_3D ( 'NONE', #1511, #2706, #4649 ) ;
#568 = CARTESIAN_POINT ( 'NONE',  ( 1.615150069833913200E-012, 1.199999999999997500, 9.400000000000000400 ) ) ;
#569 = EDGE_LOOP ( 'NONE', ( #4910, #622, #5067, #123, #4001, #4320, #3547, #2927 ) ) ;
#570 = CIRCLE ( 'NONE', #2848, 0.5999999999999999800 ) ;
#571 = DIRECTION ( 'NONE',  ( -0.01745240643727956000, -0.9998476951563912700, 2.752243213584931600E-015 ) ) ;
#572 = DIRECTION ( 'NONE',  ( 1.718560196236194400E-013, -2.470955234246180800E-016, 1.000000000000000000 ) ) ;
#573 = ORIENTED_EDGE ( 'NONE', *, *, #4761, .F. ) ;
#574 = EDGE_CURVE ( 'NONE', #711, #3110, #604, .T. ) ;
#575 = VECTOR ( 'NONE', #30, 1000.000000000000000 ) ;
#576 = ORIENTED_EDGE ( 'NONE', *, *, #975, .F. ) ;
#577 = DIRECTION ( 'NONE',  ( 2.470955234246180800E-016, -1.000000000000000000, -2.470955234246605300E-016 ) ) ;
#578 = ORIENTED_EDGE ( 'NONE', *, *, #748, .T. ) ;
#579 = ADVANCED_FACE ( 'NONE', ( #914 ), #826, .F. ) ;
#580 = DIRECTION ( 'NONE',  ( -1.718560196236194400E-013, 2.470955234246180800E-016, -1.000000000000000000 ) ) ;
#581 = VECTOR ( 'NONE', #4174, 1000.000000000000000 ) ;
#582 = CARTESIAN_POINT ( 'NONE',  ( -12.18835778680226400, 0.6999999999999885200, 25.66745506493501200 ) ) ;
#583 = CARTESIAN_POINT ( 'NONE',  ( 13.06745506492733700, 1.700000000000007100, -15.50000000000224700 ) ) ;
#584 = CARTESIAN_POINT ( 'NONE',  ( -11.99993905485559000, 1.699999999999990900, 25.67025022560206400 ) ) ;
#585 = VERTEX_POINT ( 'NONE', #4745 ) ;
#586 = EDGE_CURVE ( 'NONE', #3601, #2271, #2436, .T. ) ;
#587 = DIRECTION ( 'NONE',  ( -1.000000000000000000, 0.0000000000000000000, 1.734723475976805600E-013 ) ) ;
#588 = VECTOR ( 'NONE', #772, 1000.000000000000000 ) ;
#589 = LINE ( 'NONE', #285, #2420 ) ;
#590 = AXIS2_PLACEMENT_3D ( 'NONE', #1550, #2621, #1169 ) ;
#591 = LINE ( 'NONE', #3489, #217 ) ;
#592 = DIRECTION ( 'NONE',  ( 1.718560196236194400E-013, -2.470955234246180800E-016, 1.000000000000000000 ) ) ;
#593 = EDGE_CURVE ( 'NONE', #1822, #2497, #2317, .T. ) ;
#594 = CARTESIAN_POINT ( 'NONE',  ( -13.08770529052652500, 0.6999999999999946300, 21.20000000000224500 ) ) ;
#595 = DIRECTION ( 'NONE',  ( 2.470955234246180800E-016, -1.000000000000000000, -2.470955234246605300E-016 ) ) ;
#596 = CARTESIAN_POINT ( 'NONE',  ( -13.06344524720428900, 2.935998298197564000E-015, -24.94548283940775600 ) ) ;
#597 = ORIENTED_EDGE ( 'NONE', *, *, #4482, .T. ) ;
#598 = DIRECTION ( 'NONE',  ( -2.470955234246180800E-016, 1.000000000000000000, 2.470955234246605300E-016 ) ) ;
#599 = VECTOR ( 'NONE', #3812, 1000.000000000000000 ) ;
#600 = CARTESIAN_POINT ( 'NONE',  ( -13.60000000000480800, 3.553064219733511200E-015, -27.97931440638766200 ) ) ;
#601 =( BOUNDED_CURVE ( )  B_SPLINE_CURVE ( 3, ( #2310, #4242, #356, #1565 ),
 .UNSPECIFIED., .F., .F. ) 
 B_SPLINE_CURVE_WITH_KNOTS ( ( 4, 4 ),
 ( 5.497939437025752200, 6.152828170809006500 ),
 .UNSPECIFIED. ) 
 CURVE ( )  GEOMETRIC_REPRESENTATION_ITEM ( )  RATIONAL_B_SPLINE_CURVE ( ( 1.000000000000000000, 0.9645782588639841800, 0.9645782588639841800, 1.000000000000000000 ) ) 
 REPRESENTATION_ITEM ( '' )  );
#602 = ADVANCED_FACE ( 'NONE', ( #1547 ), #4030, .F. ) ;
#603 = AXIS2_PLACEMENT_3D ( 'NONE', #4777, #2376, #462 ) ;
#604 = LINE ( 'NONE', #3535, #4647 ) ;
#605 = CARTESIAN_POINT ( 'NONE',  ( -13.38985562696663400, 22.03701650778055700, -24.76233884857841600 ) ) ;
#606 = DIRECTION ( 'NONE',  ( -2.470955234246180800E-016, 1.000000000000000000, 2.470955234246605300E-016 ) ) ;
#607 = CYLINDRICAL_SURFACE ( 'NONE', #3148, 1.499999999999999800 ) ;
#608 = CARTESIAN_POINT ( 'NONE',  ( 10.16000000000392800, 1.699999999971167700, 22.85999999999825100 ) ) ;
#609 = CARTESIAN_POINT ( 'NONE',  ( 9.660000000003824600, 10.21199999999999800, 22.85999999999834400 ) ) ;
#610 = CARTESIAN_POINT ( 'NONE',  ( 11.99993905485558400, 9.315467354048955200E-015, -25.69992383598206600 ) ) ;
#611 = ORIENTED_EDGE ( 'NONE', *, *, #1605, .F. ) ;
#612 = EDGE_CURVE ( 'NONE', #496, #301, #479, .T. ) ;
#613 = VERTEX_POINT ( 'NONE', #98 ) ;
#614 = CARTESIAN_POINT ( 'NONE',  ( -12.84308418776754700, 1.700000000000003100, -25.25925303153479700 ) ) ;
#615 = AXIS2_PLACEMENT_3D ( 'NONE', #630, #2205, #2587 ) ;
#617 = ORIENTED_EDGE ( 'NONE', *, *, #2867, .T. ) ;
#616 = ORIENTED_EDGE ( 'NONE', *, *, #1003, .F. ) ;
#618 = VERTEX_POINT ( 'NONE', #2469 ) ;
#619 = EDGE_CURVE ( 'NONE', #3420, #1151, #2964, .T. ) ;
#620 = EDGE_CURVE ( 'NONE', #1728, #700, #3970, .T. ) ;
#621 = CARTESIAN_POINT ( 'NONE',  ( 13.59999999999515000, 9.463814997931300000E-015, -24.70022845726945700 ) ) ;
#622 = ORIENTED_EDGE ( 'NONE', *, *, #5093, .F. ) ;
#623 = DIRECTION ( 'NONE',  ( -1.718560196236194400E-013, 2.470955234246180800E-016, -1.000000000000000000 ) ) ;
#624 = ORIENTED_EDGE ( 'NONE', *, *, #3683, .T. ) ;
#625 =( GEOMETRIC_REPRESENTATION_CONTEXT ( 3 ) GLOBAL_UNCERTAINTY_ASSIGNED_CONTEXT ( ( #4238 ) ) GLOBAL_UNIT_ASSIGNED_CONTEXT ( ( #4525, #641, #3341 ) ) REPRESENTATION_CONTEXT ( 'NONE', 'WORKASPACE' ) );
#626 = CYLINDRICAL_SURFACE ( 'NONE', #4872, 0.5999999999999998700 ) ;
#627 = ORIENTED_EDGE ( 'NONE', *, *, #1796, .T. ) ;
#629 = ORIENTED_EDGE ( 'NONE', *, *, #1465, .F. ) ;
#628 = CLOSED_SHELL ( 'NONE', ( #4821, #969, #1075, #2280 ) ) ;
#630 = CARTESIAN_POINT ( 'NONE',  ( 10.16000000000382600, 10.21199999999999800, 22.85999999999825500 ) ) ;
#631 = CARTESIAN_POINT ( 'NONE',  ( -3.212241804520035500E-016, 1.300000000000000300, 3.212241804520587200E-016 ) ) ;
#632 = DIRECTION ( 'NONE',  ( -2.470955234246180800E-016, 1.000000000000000000, 2.470955234246605300E-016 ) ) ;
#633 = LINE ( 'NONE', #1585, #5121 ) ;
#634 = ORIENTED_EDGE ( 'NONE', *, *, #4323, .F. ) ;
#635 = ADVANCED_FACE ( 'NONE', ( #4142 ), #4580, .T. ) ;
#636 = PLANE ( 'NONE',  #2121 ) ;
#637 = VECTOR ( 'NONE', #4466, 1000.000000000000000 ) ;
#638 = CARTESIAN_POINT ( 'NONE',  ( 13.07897775806191400, 1.200000000000116800, -24.59993905486224700 ) ) ;
#639 = DIRECTION ( 'NONE',  ( 0.01745240643728005600, -0.9998476951563912700, -3.246358992744149600E-015 ) ) ;
#640 = VECTOR ( 'NONE', #770, 1000.000000000000000 ) ;
#641 =( NAMED_UNIT ( * ) PLANE_ANGLE_UNIT ( ) SI_UNIT ( $, .RADIAN. ) );
#642 = VECTOR ( 'NONE', #4400, 1000.000000000000000 ) ;
#643 = LINE ( 'NONE', #2881, #4263 ) ;
#644 = EDGE_CURVE ( 'NONE', #4597, #2062, #4780, .T. ) ;
#645 = CIRCLE ( 'NONE', #3760, 0.5000000000000004400 ) ;
#646 = VERTEX_POINT ( 'NONE', #2868 ) ;
#647 = DIRECTION ( 'NONE',  ( 1.718560196236194400E-013, -2.470955234246180800E-016, 1.000000000000000000 ) ) ;
#648 = CARTESIAN_POINT ( 'NONE',  ( 12.63949452596561900, 1.700000000000009300, -25.48021493424217000 ) ) ;
#649 = CIRCLE ( 'NONE', #4707, 1.499999999999999800 ) ;
#650 = EDGE_CURVE ( 'NONE', #32, #807, #1484, .T. ) ;
#651 = VECTOR ( 'NONE', #4050, 1000.000000000000000 ) ;
#652 = VECTOR ( 'NONE', #4101, 1000.000000000000100 ) ;
#653 = EDGE_CURVE ( 'NONE', #43, #4793, #227, .T. ) ;
#654 = DIRECTION ( 'NONE',  ( 2.470955234246180800E-016, -1.000000000000000000, -2.470955234246605300E-016 ) ) ;
#655 = VERTEX_POINT ( 'NONE', #4985 ) ;
#656 = AXIS2_PLACEMENT_3D ( 'NONE', #3960, #4298, #2011 ) ;
#657 = PLANE ( 'NONE',  #4770 ) ;
#658 = DIRECTION ( 'NONE',  ( 1.000000000000000000, 2.470955234246605300E-016, -1.718560196236194400E-013 ) ) ;
#659 = ORIENTED_EDGE ( 'NONE', *, *, #2858, .F. ) ;
#660 = DIRECTION ( 'NONE',  ( -1.000000000000000000, 7.228014483236697500E-016, 1.734723475976807600E-013 ) ) ;
#661 = VECTOR ( 'NONE', #1874, 1000.000000000000000 ) ;
#662 = CARTESIAN_POINT ( 'NONE',  ( -13.00325947668232000, 0.7000000000000006200, -25.02013518795539300 ) ) ;
#663 = CARTESIAN_POINT ( 'NONE',  ( 13.08014142905575200, 1.133333333333009600, -24.71305478499224900 ) ) ;
#664 = VECTOR ( 'NONE', #4138, 1000.000000000000000 ) ;
#665 = DIRECTION ( 'NONE',  ( -1.718560196236194400E-013, 2.470955234246180800E-016, -1.000000000000000000 ) ) ;
#666 = EDGE_CURVE ( 'NONE', #4072, #3047, #93, .T. ) ;
#667 = DIRECTION ( 'NONE',  ( 1.718560196236194400E-013, -2.470955234246180800E-016, 1.000000000000000000 ) ) ;
#668 = ORIENTED_EDGE ( 'NONE', *, *, #2483, .F. ) ;
#669 = CARTESIAN_POINT ( 'NONE',  ( -10.15999999999607300, 1.699999999999992000, 22.86000000000174400 ) ) ;
#670 = ORIENTED_EDGE ( 'NONE', *, *, #1226, .T. ) ;
#671 = DIRECTION ( 'NONE',  ( -1.000000000000000000, 0.0000000000000000000, 1.734723475976805600E-013 ) ) ;
#672 = DIRECTION ( 'NONE',  ( -0.9998476951563913800, 0.01745240643727956300, 1.718341575309310900E-013 ) ) ;
#673 = EDGE_LOOP ( 'NONE', ( #573, #2826, #3794, #120 ) ) ;
#674 = ORIENTED_EDGE ( 'NONE', *, *, #1379, .F. ) ;
#675 = ORIENTED_EDGE ( 'NONE', *, *, #2017, .T. ) ;
#676 = CARTESIAN_POINT ( 'NONE',  ( -13.09992383597577300, -9.315467354049000900E-015, 24.59993905486225100 ) ) ;
#677 = CARTESIAN_POINT ( 'NONE',  ( 12.11305478498558800, 1.133333333333009600, -25.68014142906208600 ) ) ;
#678 = EDGE_CURVE ( 'NONE', #983, #740, #541, .T. ) ;
#680 = ORIENTED_EDGE ( 'NONE', *, *, #2636, .T. ) ;
#679 = EDGE_LOOP ( 'NONE', ( #810, #4475, #1387, #1768 ) ) ;
#681 = ORIENTED_EDGE ( 'NONE', *, *, #5057, .T. ) ;
#682 = ADVANCED_FACE ( 'NONE', ( #1607 ), #1105, .F. ) ;
#683 = CARTESIAN_POINT ( 'NONE',  ( -9.560000000003929800, 0.7000000000000011800, -22.85999999999835800 ) ) ;
#684 = CARTESIAN_POINT ( 'NONE',  ( 7.499999999996299000, 23.47500000000001200, -21.50000000000128600 ) ) ;
#685 = VERTEX_POINT ( 'NONE', #2190 ) ;
#686 = DIRECTION ( 'NONE',  ( -0.7071224239356742600, 0.7070911380913612600, 1.216113666977583400E-013 ) ) ;
#687 = ORIENTED_EDGE ( 'NONE', *, *, #3651, .F. ) ;
#688 = VERTEX_POINT ( 'NONE', #4960 ) ;
#690 = FACE_OUTER_BOUND ( 'NONE', #1480, .T. ) ;
#689 = CARTESIAN_POINT ( 'NONE',  ( -9.259960178587919100, 1.699999999971170600, -22.85999999999840800 ) ) ;
#691 = EDGE_CURVE ( 'NONE', #3231, #3478, #2607, .T. ) ;
#692 = CARTESIAN_POINT ( 'NONE',  ( -13.08770529052602200, 0.6999999999999950700, 24.59993905486224700 ) ) ;
#693 = DIRECTION ( 'NONE',  ( 1.718560196236194400E-013, -2.470955234246180800E-016, 1.000000000000000000 ) ) ;
#694 = VERTEX_POINT ( 'NONE', #4988 ) ;
#695 = AXIS2_PLACEMENT_3D ( 'NONE', #4136, #1825, #1466 ) ;
#696 = DIRECTION ( 'NONE',  ( 1.000000000000000000, 2.470955234246605300E-016, -1.718560196236194400E-013 ) ) ;
#697 = DIRECTION ( 'NONE',  ( 1.718560196236194400E-013, -2.470955234246180800E-016, 1.000000000000000000 ) ) ;
#698 = VECTOR ( 'NONE', #1016, 1000.000000000000100 ) ;
#699 = VERTEX_POINT ( 'NONE', #266 ) ;
#700 = VERTEX_POINT ( 'NONE', #3382 ) ;
#701 = CARTESIAN_POINT ( 'NONE',  ( -12.64540472096561900, 1.133333333332990900, 25.48834994888217100 ) ) ;
#702 = CARTESIAN_POINT ( 'NONE',  ( 11.86745506493266300, 1.699999999999999100, 15.49999999999796100 ) ) ;
#703 = CARTESIAN_POINT ( 'NONE',  ( -13.06344524719571600, -9.391834446780045900E-015, 24.94548283941224700 ) ) ;
#704 = CARTESIAN_POINT ( 'NONE',  ( -13.21553162225047900, 22.02617860965641200, -24.31576007950778600 ) ) ;
#705 = ORIENTED_EDGE ( 'NONE', *, *, #2660, .F. ) ;
#706 = PRESENTATION_LAYER_ASSIGNMENT (  '', '', ( #1518 ) ) ;
#707 = CARTESIAN_POINT ( 'NONE',  ( -12.30714819870733800, 0.6999999999999884100, 25.64582323908219100 ) ) ;
#708 = DIRECTION ( 'NONE',  ( 1.000000000000000000, 2.470955234246605300E-016, -1.718560196236194400E-013 ) ) ;
#709 = VECTOR ( 'NONE', #3032, 1000.000000000000000 ) ;
#710 = ADVANCED_FACE ( 'NONE', ( #2261 ), #1423, .T. ) ;
#711 = VERTEX_POINT ( 'NONE', #2965 ) ;
#712 = CARTESIAN_POINT ( 'NONE',  ( -12.79262666051071800, 22.00057016016693400, -23.27155797184385100 ) ) ;
#713 = CARTESIAN_POINT ( 'NONE',  ( -11.71576007950582500, 21.99999999999998900, 24.31576007951202100 ) ) ;
#714 = CARTESIAN_POINT ( 'NONE',  ( 7.499999999996299000, 23.45000000000001000, -21.50000000000128600 ) ) ;
#715 = VECTOR ( 'NONE', #117, 1000.000000000000000 ) ;
#716 = CARTESIAN_POINT ( 'NONE',  ( -11.99993905485560000, -9.369677462673235100E-015, 25.69992383598206600 ) ) ;
#717 = VECTOR ( 'NONE', #708, 1000.000000000000000 ) ;
#718 = ADVANCED_FACE ( 'NONE', ( #3833 ), #2490, .T. ) ;
#719 = LINE ( 'NONE', #812, #1158 ) ;
#720 = ORIENTED_EDGE ( 'NONE', *, *, #1759, .F. ) ;
#721 = EDGE_CURVE ( 'NONE', #3160, #699, #4085, .T. ) ;
#722 = CARTESIAN_POINT ( 'NONE',  ( -13.03475554018571500, 1.699999999999990600, 24.93616235113224300 ) ) ;
#723 = DIRECTION ( 'NONE',  ( 1.000000000000000000, 2.470955234246605300E-016, -1.718560196236194400E-013 ) ) ;
#724 = CARTESIAN_POINT ( 'NONE',  ( 11.71576007951426300, 21.99999999999999600, 24.84208138431799600 ) ) ;
#725 = EDGE_CURVE ( 'NONE', #2869, #2707, #2209, .T. ) ;
#726 = CARTESIAN_POINT ( 'NONE',  ( 11.86745506493266300, 1.699999999999999100, 15.49999999999796100 ) ) ;
#727 = CARTESIAN_POINT ( 'NONE',  ( 13.09992383598161500, 9.142346168832518100E-016, 9.399999999997760400 ) ) ;
#728 = CARTESIAN_POINT ( 'NONE',  ( -10.65622705089535000, 22.87887801641342700, -25.37729573969799500 ) ) ;
#729 = VERTEX_POINT ( 'NONE', #3744 ) ;
#730 = VECTOR ( 'NONE', #2129, 1000.000000000000000 ) ;
#731 = AXIS2_PLACEMENT_3D ( 'NONE', #1769, #4473, #2201 ) ;
#732 = CARTESIAN_POINT ( 'NONE',  ( -10.16000000000392900, 1.700000000000002800, -22.85999999999825100 ) ) ;
#733 = DIRECTION ( 'NONE',  ( -0.9998476951563912700, -0.01745240643728080900, 1.734723475976808100E-013 ) ) ;
#734 = DIRECTION ( 'NONE',  ( -2.470955234246180800E-016, 1.000000000000000000, 2.470955234246605300E-016 ) ) ;
#735 = CARTESIAN_POINT ( 'NONE',  ( -11.86745506492840400, 1.699999999999994400, 9.300000000002041700 ) ) ;
#736 = CARTESIAN_POINT ( 'NONE',  ( -13.09003263252424700, 0.5666666666667028500, -24.71409038858775300 ) ) ;
#737 = ORIENTED_EDGE ( 'NONE', *, *, #4775, .T. ) ;
#738 = CARTESIAN_POINT ( 'NONE',  ( -9.500000000003700200, 23.45000000000000300, -21.49999999999836200 ) ) ;
#739 = EDGE_CURVE ( 'NONE', #2998, #3929, #3449, .T. ) ;
#740 = VERTEX_POINT ( 'NONE', #1489 ) ;
#741 = VERTEX_POINT ( 'NONE', #4195 ) ;
#742 = CARTESIAN_POINT ( 'NONE',  ( 12.34548283940558900, 9.391837513960164200E-015, -25.66344524720212300 ) ) ;
#743 = DIRECTION ( 'NONE',  ( 1.000000000000000000, 2.409231562176336800E-016, -1.734646724766962400E-013 ) ) ;
#745 = ORIENTED_EDGE ( 'NONE', *, *, #2086, .T. ) ;
#744 = ORIENTED_EDGE ( 'NONE', *, *, #2705, .F. ) ;
#746 = CARTESIAN_POINT ( 'NONE',  ( -10.15999999999607100, 0.7000000000000015100, 22.86000000000174400 ) ) ;
#747 = ORIENTED_EDGE ( 'NONE', *, *, #4879, .T. ) ;
#748 = EDGE_CURVE ( 'NONE', #431, #751, #2492, .T. ) ;
#749 = CARTESIAN_POINT ( 'NONE',  ( -12.11512599218558400, -9.343929530620195000E-015, 25.69992383598208400 ) ) ;
#750 = ORIENTED_EDGE ( 'NONE', *, *, #4028, .F. ) ;
#751 = VERTEX_POINT ( 'NONE', #3328 ) ;
#752 = CIRCLE ( 'NONE', #2884, 1.500000000000001300 ) ;
#753 = ORIENTED_EDGE ( 'NONE', *, *, #2239, .T. ) ;
#754 = EDGE_CURVE ( 'NONE', #3933, #2707, #414, .T. ) ;
#755 = VERTEX_POINT ( 'NONE', #1890 ) ;
#756 = CARTESIAN_POINT ( 'NONE',  ( 12.40141976923294600, 22.90473760987767100, -25.72048244983679100 ) ) ;
#757 = AXIS2_PLACEMENT_3D ( 'NONE', #5084, #799, #4699 ) ;
#758 = FACE_OUTER_BOUND ( 'NONE', #2631, .T. ) ;
#759 = ORIENTED_EDGE ( 'NONE', *, *, #1858, .F. ) ;
#760 = DIRECTION ( 'NONE',  ( -0.01744974916068254400, -0.9996954598818875700, -0.01744974916067704200 ) ) ;
#761 = CARTESIAN_POINT ( 'NONE',  ( -2.646755669070136700E-012, 0.7000000000000038400, -15.40000000000000000 ) ) ;
#762 = COLOUR_RGB ( '',0.7921568627450980000, 0.8196078431372548800, 0.9333333333333333500 ) ;
#763 = DIRECTION ( 'NONE',  ( -0.9998476951563913800, 0.01745240643727848800, 1.711593829630450000E-013 ) ) ;
#764 = CARTESIAN_POINT ( 'NONE',  ( 12.33616235113440300, 1.699999999999996600, 25.63475554018787900 ) ) ;
#765 = AXIS2_PLACEMENT_3D ( 'NONE', #916, #163, #1330 ) ;
#766 = ADVANCED_FACE ( 'NONE', ( #2911 ), #4598, .T. ) ;
#767 = DIRECTION ( 'NONE',  ( -1.718560196236194400E-013, 2.470955234246180800E-016, -1.000000000000000000 ) ) ;
#769 = VECTOR ( 'NONE', #1871, 1000.000000000000000 ) ;
#768 = CARTESIAN_POINT ( 'NONE',  ( 12.08770529052735300, 0.7000000000000068400, -15.40000000000207900 ) ) ;
#770 = DIRECTION ( 'NONE',  ( 1.000000000000000000, 2.470955234246605300E-016, -1.718560196236194400E-013 ) ) ;
#771 = ORIENTED_EDGE ( 'NONE', *, *, #2629, .T. ) ;
#772 = DIRECTION ( 'NONE',  ( -1.718560196236194400E-013, 2.470955234246180800E-016, -1.000000000000000000 ) ) ;
#773 = EDGE_CURVE ( 'NONE', #3305, #948, #4456, .T. ) ;
#774 = VECTOR ( 'NONE', #883, 1000.000000000000100 ) ;
#775 = VECTOR ( 'NONE', #173, 1000.000000000000000 ) ;
#776 = ORIENTED_EDGE ( 'NONE', *, *, #1981, .F. ) ;
#777 = AXIS2_PLACEMENT_3D ( 'NONE', #1895, #4601, #1110 ) ;
#778 = CARTESIAN_POINT ( 'NONE',  ( 10.16000000000382600, 10.21199999999999800, 22.85999999999825500 ) ) ;
#779 = CARTESIAN_POINT ( 'NONE',  ( 11.70592079770430700, 23.49993545762984200, -24.30592079709715800 ) ) ;
#780 = FACE_OUTER_BOUND ( 'NONE', #351, .T. ) ;
#781 = ORIENTED_EDGE ( 'NONE', *, *, #4205, .F. ) ;
#782 = CARTESIAN_POINT ( 'NONE',  ( -12.79262666031673000, 22.00057016031552200, 23.27155797165653100 ) ) ;
#783 = LINE ( 'NONE', #2419, #4442 ) ;
#784 = FACE_OUTER_BOUND ( 'NONE', #12, .T. ) ;
#785 = DIRECTION ( 'NONE',  ( 2.470955234246180800E-016, -1.000000000000000000, -2.470955234246605300E-016 ) ) ;
#786 = CARTESIAN_POINT ( 'NONE',  ( 13.09992383597577300, 9.261257249177179300E-015, -24.59993907004849900 ) ) ;
#787 = DIRECTION ( 'NONE',  ( -0.01745240643906548900, 0.9998476951563601800, 3.246358993050980200E-015 ) ) ;
#788 = DIRECTION ( 'NONE',  ( -1.000000000000000000, -2.168404344971006900E-016, 1.734723475976805600E-013 ) ) ;
#789 = EDGE_CURVE ( 'NONE', #3047, #1728, #2667, .T. ) ;
#790 = CARTESIAN_POINT ( 'NONE',  ( -13.07025022560441100, 1.700000000000002800, -25.67025022559775500 ) ) ;
#791 = ADVANCED_FACE ( 'NONE', ( #1674 ), #961, .T. ) ;
#792 = EDGE_CURVE ( 'NONE', #3607, #1401, #352, .T. ) ;
#793 = CARTESIAN_POINT ( 'NONE',  ( 10.16000000000392800, 1.699999999971167700, 22.85999999999825100 ) ) ;
#794 = CARTESIAN_POINT ( 'NONE',  ( 11.86745506493266300, 1.299999999999999400, 15.49999999999796100 ) ) ;
#795 = EDGE_CURVE ( 'NONE', #3110, #2511, #4270, .T. ) ;
#796 = CARTESIAN_POINT ( 'NONE',  ( -13.38098323059246800, 22.54531576090998600, 24.75346645175761800 ) ) ;
#797 = AXIS2_PLACEMENT_3D ( 'NONE', #1576, #5070, #2031 ) ;
#798 = VECTOR ( 'NONE', #1996, 1000.000000000000000 ) ;
#799 = DIRECTION ( 'NONE',  ( -1.718560196236194400E-013, 2.470955234246180800E-016, -1.000000000000000000 ) ) ;
#800 = CARTESIAN_POINT ( 'NONE',  ( 12.64540472097438000, 1.133333333332996900, 25.48834994887782900 ) ) ;
#801 = DIRECTION ( 'NONE',  ( 1.718560196236194400E-013, -2.470955234246180800E-016, 1.000000000000000000 ) ) ;
#802 = CIRCLE ( 'NONE', #1823, 0.9000398213894755800 ) ;
#803 = ORIENTED_EDGE ( 'NONE', *, *, #2003, .F. ) ;
#804 = CARTESIAN_POINT ( 'NONE',  ( 13.07025022559780900, 1.700000000000045000, -24.59993905486224400 ) ) ;
#806 = ORIENTED_EDGE ( 'NONE', *, *, #913, .F. ) ;
#805 = ORIENTED_EDGE ( 'NONE', *, *, #4076, .T. ) ;
#807 = VERTEX_POINT ( 'NONE', #3827 ) ;
#808 = CARTESIAN_POINT ( 'NONE',  ( 3.643174649154335000E-012, 0.6999999999999947400, 21.19999999999999900 ) ) ;
#810 = ORIENTED_EDGE ( 'NONE', *, *, #3532, .F. ) ;
#809 = ORIENTED_EDGE ( 'NONE', *, *, #3022, .F. ) ;
#811 = EDGE_LOOP ( 'NONE', ( #2857, #2103, #388, #4596 ) ) ;
#812 = CARTESIAN_POINT ( 'NONE',  ( -11.86745506492840400, 1.299999999999994700, 9.300000000002041700 ) ) ;
#813 = EDGE_CURVE ( 'NONE', #4532, #1380, #2431, .T. ) ;
#814 = EDGE_LOOP ( 'NONE', ( #2652, #1984, #5117, #1818, #3274 ) ) ;
#815 = ADVANCED_FACE ( 'NONE', ( #4399 ), #4980, .F. ) ;
#816 = ORIENTED_EDGE ( 'NONE', *, *, #2211, .T. ) ;
#817 = DIRECTION ( 'NONE',  ( 2.470955234246180800E-016, -1.000000000000000000, -2.470955234246605300E-016 ) ) ;
#818 = VECTOR ( 'NONE', #1849, 1000.000000000000000 ) ;
#819 = AXIS2_PLACEMENT_3D ( 'NONE', #3780, #1893, #1922 ) ;
#820 = PLANE ( 'NONE',  #3698 ) ;
#821 = ORIENTED_EDGE ( 'NONE', *, *, #134, .F. ) ;
#822 = CARTESIAN_POINT ( 'NONE',  ( 13.07897775806349500, 1.200000000000078800, -15.40000000000224600 ) ) ;
#823 = EDGE_CURVE ( 'NONE', #741, #4072, #1357, .T. ) ;
#824 = LINE ( 'NONE', #2083, #1712 ) ;
#825 = EDGE_LOOP ( 'NONE', ( #1115, #1815, #4512, #1287 ) ) ;
#826 = PLANE ( 'NONE',  #152 ) ;
#827 = ADVANCED_BREP_SHAPE_REPRESENTATION ( 'TMPS 15-105', ( #515, #4621, #446, #2786, #4839, #302 ), #2435 ) ;
#828 = CARTESIAN_POINT ( 'NONE',  ( 12.16233884857625100, 22.03701650778056400, -25.98985562696446600 ) ) ;
#829 = AXIS2_PLACEMENT_3D ( 'NONE', #2668, #1177, #5019 ) ;
#830 = CARTESIAN_POINT ( 'NONE',  ( -12.77609723780303600, 22.03701650797375700, 25.37609723762336600 ) ) ;
#831 = CYLINDRICAL_SURFACE ( 'NONE', #359, 1.499999999999999600 ) ;
#832 = UNCERTAINTY_MEASURE_WITH_UNIT (LENGTH_MEASURE( 1.000000000000000100E-005 ), #2689, 'distance_accuracy_value', 'NONE');
#833 = CARTESIAN_POINT ( 'NONE',  ( -2.000003978286825000E-006, 0.7000000000000152800, -22.85999999999970100 ) ) ;
#834 = CARTESIAN_POINT ( 'NONE',  ( -13.05000000000471200, 1.700000000000003300, -27.40976292091776000 ) ) ;
#835 = VECTOR ( 'NONE', #580, 1000.000000000000000 ) ;
#836 = AXIS2_PLACEMENT_3D ( 'NONE', #2157, #4106, #4125 ) ;
#837 = ORIENTED_EDGE ( 'NONE', *, *, #3126, .F. ) ;
#838 = DIRECTION ( 'NONE',  ( 2.470955234246180800E-016, -1.000000000000000000, -2.470955234246605300E-016 ) ) ;
#839 = LINE ( 'NONE', #3102, #1469 ) ;
#840 = DIRECTION ( 'NONE',  ( 0.01745240643728005600, -0.9998476951563912700, -3.246358992744149600E-015 ) ) ;
#841 = CIRCLE ( 'NONE', #4285, 1.500000000000000000 ) ;
#842 = FACE_OUTER_BOUND ( 'NONE', #2234, .T. ) ;
#843 = EDGE_CURVE ( 'NONE', #3536, #5097, #2374, .T. ) ;
#844 = LINE ( 'NONE', #2781, #4888 ) ;
#845 = ORIENTED_EDGE ( 'NONE', *, *, #4493, .T. ) ;
#846 = PRODUCT_DEFINITION_SHAPE ( 'NONE', 'NONE',  #3013 ) ;
#847 = DIRECTION ( 'NONE',  ( 2.470955234246180800E-016, -1.000000000000000000, -2.470955234246605300E-016 ) ) ;
#848 = ADVANCED_FACE ( 'NONE', ( #3025 ), #4154, .F. ) ;
#849 = CARTESIAN_POINT ( 'NONE',  ( 12.02709324931646900, 3.021052406437138700, 25.62694094447432700 ) ) ;
#850 = DIRECTION ( 'NONE',  ( 0.01745240643728005600, -0.9998476951563912700, -3.246358992744149600E-015 ) ) ;
#851 = CARTESIAN_POINT ( 'NONE',  ( 8.589999999995496800, 8.596453259942828600E-015, -26.20000000000147700 ) ) ;
#852 = SURFACE_STYLE_USAGE ( .BOTH. , #3192 ) ;
#853 = B_SPLINE_SURFACE_WITH_KNOTS ( 'NONE', 3, 3, ( 
 ( #329, #4632, #2663, #3046 ),
 ( #1965, #3080, #3456, #4646 ),
 ( #3882, #4299, #1208, #3524 ),
 ( #2303, #4681, #1592, #2719 ),
 ( #1175, #2332, #800, #3063 ),
 ( #4700, #4280, #3131, #764 ),
 ( #3917, #347, #413, #1931 ),
 ( #3844, #3493, #1155, #396 ) ),
 .UNSPECIFIED., .F., .F., .F.,
 ( 4, 1, 1, 1, 1, 4 ),
 ( 4, 4 ),
 ( 0.0000000000000000000, 0.2000000000000000100, 0.4000000000000000200, 0.5999999999999999800, 0.8000000000000000400, 1.000000000000000000 ),
 ( 0.0000000000000000000, 1.000000000000000000 ),
 .UNSPECIFIED. ) ;
#854 = EDGE_CURVE ( 'NONE', #4614, #2162, #3380, .T. ) ;
#855 = CARTESIAN_POINT ( 'NONE',  ( -13.04999999999901000, 1.700000000000009500, 24.65015230485018100 ) ) ;
#856 = AXIS2_PLACEMENT_3D ( 'NONE', #344, #2645, #1496 ) ;
#857 = DIRECTION ( 'NONE',  ( -1.000000000000000000, -2.470955234246605300E-016, 1.718560196236194400E-013 ) ) ;
#858 = EDGE_CURVE ( 'NONE', #2416, #4324, #2790, .T. ) ;
#859 = EDGE_LOOP ( 'NONE', ( #3869, #1814, #2666, #1118 ) ) ;
#860 = CARTESIAN_POINT ( 'NONE',  ( 12.08770529053161400, 0.7000000000000007300, 9.399999999997922000 ) ) ;
#861 = AXIS2_PLACEMENT_3D ( 'NONE', #4403, #1668, #1697 ) ;
#862 = CARTESIAN_POINT ( 'NONE',  ( 12.46745506492840100, 1.700000000000005300, -9.300000000002143000 ) ) ;
#863 = CARTESIAN_POINT ( 'NONE',  ( 11.86745506492733600, 1.300000000000007100, -15.50000000000203900 ) ) ;
#864 = EDGE_LOOP ( 'NONE', ( #519, #4940, #2284, #1049 ) ) ;
#865 = PLANE ( 'NONE',  #1305 ) ;
#866 = ORIENTED_EDGE ( 'NONE', *, *, #4176, .F. ) ;
#867 = ADVANCED_FACE ( 'NONE', ( #2143, #1791 ), #3515, .F. ) ;
#868 = CARTESIAN_POINT ( 'NONE',  ( -12.27247621356253400, 1.700000000000002800, -25.65000000000309700 ) ) ;
#869 = ORIENTED_EDGE ( 'NONE', *, *, #4087, .T. ) ;
#870 = EDGE_LOOP ( 'NONE', ( #368, #5034, #747, #3728, #3045 ) ) ;
#871 = CARTESIAN_POINT ( 'NONE',  ( -12.10022845726259700, -1.033117673591963600E-014, 26.20000000000147700 ) ) ;
#872 = AXIS2_PLACEMENT_3D ( 'NONE', #778, #3837, #1603 ) ;
#873 = ORIENTED_EDGE ( 'NONE', *, *, #22, .T. ) ;
#874 = ORIENTED_EDGE ( 'NONE', *, *, #893, .F. ) ;
#875 = ORIENTED_EDGE ( 'NONE', *, *, #4076, .F. ) ;
#876 = LINE ( 'NONE', #2070, #377 ) ;
#877 = ORIENTED_EDGE ( 'NONE', *, *, #4627, .F. ) ;
#878 = CARTESIAN_POINT ( 'NONE',  ( 12.77609723780302000, 22.03701650797377100, -25.37609723762335200 ) ) ;
#880 = EDGE_LOOP ( 'NONE', ( #1377, #2250, #1875, #624 ) ) ;
#879 = ORIENTED_EDGE ( 'NONE', *, *, #1043, .F. ) ;
#881 = CARTESIAN_POINT ( 'NONE',  ( -10.15999999999606900, -6.000000000000008900, 22.86000000000174400 ) ) ;
#882 = FACE_BOUND ( 'NONE', #4167, .T. ) ;
#883 = DIRECTION ( 'NONE',  ( 0.01745240643727956000, 0.9998476951563912700, -2.752243213584931600E-015 ) ) ;
#884 = EDGE_CURVE ( 'NONE', #2391, #4788, #161, .T. ) ;
#885 = CARTESIAN_POINT ( 'NONE',  ( 12.49761833559076300, 0.6999999999999946300, 25.57078916954884600 ) ) ;
#886 = AXIS2_PLACEMENT_3D ( 'NONE', #1909, #340, #321 ) ;
#888 = FACE_OUTER_BOUND ( 'NONE', #880, .T. ) ;
#887 = DIRECTION ( 'NONE',  ( -1.000000000000000000, -2.470955234246605300E-016, 1.718560196236194400E-013 ) ) ;
#889 = CARTESIAN_POINT ( 'NONE',  ( 13.06745506493000200, 0.7000000000000011800, -2.245547847202978300E-012 ) ) ;
#890 = ORIENTED_EDGE ( 'NONE', *, *, #1003, .T. ) ;
#891 = CARTESIAN_POINT ( 'NONE',  ( -13.00325947668232000, 0.7000000000000006200, -25.02013518795539300 ) ) ;
#892 = EDGE_CURVE ( 'NONE', #4861, #3083, #4200, .T. ) ;
#893 = EDGE_CURVE ( 'NONE', #131, #3333, #3321, .T. ) ;
#894 = LINE ( 'NONE', #1145, #2534 ) ;
#895 = DIRECTION ( 'NONE',  ( -2.470955234246180800E-016, 1.000000000000000000, 2.470955234246605300E-016 ) ) ;
#896 = ADVANCED_FACE ( 'NONE', ( #3706 ), #2514, .T. ) ;
#897 = CARTESIAN_POINT ( 'NONE',  ( 11.70394395707919700, 23.50798738000624500, 25.53536159851752200 ) ) ;
#898 = AXIS2_PLACEMENT_3D ( 'NONE', #991, #3302, #3680 ) ;
#899 = SHAPE_DEFINITION_REPRESENTATION ( #846, #827 ) ;
#900 = ORIENTED_EDGE ( 'NONE', *, *, #3433, .F. ) ;
#901 = VECTOR ( 'NONE', #1222, 1000.000000000000000 ) ;
#902 = CIRCLE ( 'NONE', #2925, 1.499999999999999800 ) ;
#903 = ORIENTED_EDGE ( 'NONE', *, *, #2363, .T. ) ;
#904 = CARTESIAN_POINT ( 'NONE',  ( 12.87316610895084200, 0.6999999999999948500, 25.27132901533186900 ) ) ;
#905 = FACE_OUTER_BOUND ( 'NONE', #3603, .T. ) ;
#906 = VECTOR ( 'NONE', #3469, 1000.000000000000000 ) ;
#907 = DIRECTION ( 'NONE',  ( 1.000000000000000000, 2.470955234246605300E-016, -1.718560196236194400E-013 ) ) ;
#908 = CARTESIAN_POINT ( 'NONE',  ( 13.59999999999635600, 8.598924215177293100E-015, -21.20000000000236500 ) ) ;
#909 = CARTESIAN_POINT ( 'NONE',  ( 0.0000000000000000000, 0.0000000000000000000, 0.0000000000000000000 ) ) ;
#910 = ORIENTED_EDGE ( 'NONE', *, *, #4258, .T. ) ;
#911 = DIRECTION ( 'NONE',  ( 0.01745240643847641200, 0.9998476951563704000, -2.752243213790622700E-015 ) ) ;
#912 = DIRECTION ( 'NONE',  ( 1.000000000000000000, 2.470955234246605300E-016, -1.718560196236194400E-013 ) ) ;
#913 = EDGE_CURVE ( 'NONE', #2181, #191, #4643, .T. ) ;
#914 = FACE_OUTER_BOUND ( 'NONE', #3170, .T. ) ;
#915 = CARTESIAN_POINT ( 'NONE',  ( 9.259960178614452500, 1.699999999971167500, 22.85999999999840800 ) ) ;
#916 = CARTESIAN_POINT ( 'NONE',  ( -10.16000000000392900, 1.700000000000003100, -22.85999999999795700 ) ) ;
#917 = EDGE_CURVE ( 'NONE', #948, #411, #1294, .T. ) ;
#918 = DIRECTION ( 'NONE',  ( -1.000000000000000000, -2.470955234246605300E-016, 1.718560196236194400E-013 ) ) ;
#919 = LINE ( 'NONE', #4946, #5091 ) ;
#920 = EDGE_CURVE ( 'NONE', #688, #3593, #3579, .T. ) ;
#921 = CARTESIAN_POINT ( 'NONE',  ( -12.46745506492840300, 1.699999999999994400, 9.300000000002143000 ) ) ;
#922 = AXIS2_PLACEMENT_3D ( 'NONE', #4874, #667, #3371 ) ;
#923 = CARTESIAN_POINT ( 'NONE',  ( -5.806744800478524700E-015, 23.50000000000000000, 5.806744800479522600E-015 ) ) ;
#924 = FACE_OUTER_BOUND ( 'NONE', #673, .T. ) ;
#925 = ORIENTED_EDGE ( 'NONE', *, *, #2838, .F. ) ;
#926 = APPLICATION_PROTOCOL_DEFINITION ( 'draft international standard', 'automotive_design', 1998, #3236 ) ;
#927 = CARTESIAN_POINT ( 'NONE',  ( 12.31965277793826600, 23.50798738021439900, -24.91965277753619300 ) ) ;
#928 = ORIENTED_EDGE ( 'NONE', *, *, #253, .T. ) ;
#929 = CLOSED_SHELL ( 'NONE', ( #635, #2233, #4926, #766 ) ) ;
#930 = AXIS2_PLACEMENT_3D ( 'NONE', #3902, #2018, #2385 ) ;
#931 = DIRECTION ( 'NONE',  ( 2.470955234246180800E-016, -1.000000000000000000, -2.470955234246605300E-016 ) ) ;
#932 = ORIENTED_EDGE ( 'NONE', *, *, #1188, .F. ) ;
#933 = EDGE_LOOP ( 'NONE', ( #3560, #195, #3287, #1662, #1207, #837, #576, #2272 ) ) ;
#934 = VERTEX_POINT ( 'NONE', #2158 ) ;
#935 = VECTOR ( 'NONE', #4469, 1000.000000000000000 ) ;
#936 = EDGE_LOOP ( 'NONE', ( #3417, #3786, #1869, #2219, #1133, #940, #472, #4603 ) ) ;
#937 = EDGE_CURVE ( 'NONE', #2277, #2837, #2033, .T. ) ;
#938 = DIRECTION ( 'NONE',  ( 1.000000000000000000, 3.614007241618348800E-016, -1.734723475976807600E-013 ) ) ;
#939 = VERTEX_POINT ( 'NONE', #3337 ) ;
#940 = ORIENTED_EDGE ( 'NONE', *, *, #4966, .F. ) ;
#941 = LINE ( 'NONE', #984, #1578 ) ;
#942 = ADVANCED_FACE ( 'NONE', ( #5082 ), #1031, .T. ) ;
#943 = ORIENTED_EDGE ( 'NONE', *, *, #4579, .F. ) ;
#944 = CARTESIAN_POINT ( 'NONE',  ( -13.09992383597635700, -8.475357633676568400E-015, 21.20000000000224800 ) ) ;
#945 = DIRECTION ( 'NONE',  ( -1.000000000000000000, 0.0000000000000000000, 1.734723475976805600E-013 ) ) ;
#946 = FACE_OUTER_BOUND ( 'NONE', #1619, .T. ) ;
#947 = ORIENTED_EDGE ( 'NONE', *, *, #666, .F. ) ;
#948 = VERTEX_POINT ( 'NONE', #1243 ) ;
#949 = DIRECTION ( 'NONE',  ( -1.000000000000000000, -2.470955234246605300E-016, 1.718560196236194400E-013 ) ) ;
#950 = CARTESIAN_POINT ( 'NONE',  ( 8.589999999995589200, 8.472886678442132400E-015, -25.69992383598148000 ) ) ;
#951 = EDGE_CURVE ( 'NONE', #4827, #32, #4024, .T. ) ;
#952 = DIRECTION ( 'NONE',  ( -1.000000000000000000, -2.470955234246605300E-016, 1.718560196236194400E-013 ) ) ;
#953 = FACE_OUTER_BOUND ( 'NONE', #5048, .T. ) ;
#954 = LINE ( 'NONE', #2437, #1280 ) ;
#955 = AXIS2_PLACEMENT_3D ( 'NONE', #2557, #4549, #4132 ) ;
#956 = CARTESIAN_POINT ( 'NONE',  ( -10.16000000000393100, 10.21200000000000300, -22.85999999999795300 ) ) ;
#957 = LINE ( 'NONE', #4292, #5003 ) ;
#958 = EDGE_CURVE ( 'NONE', #1378, #585, #3979, .T. ) ;
#959 = CIRCLE ( 'NONE', #777, 0.5999999999999998700 ) ;
#960 = ORIENTED_EDGE ( 'NONE', *, *, #416, .F. ) ;
#961 = B_SPLINE_SURFACE_WITH_KNOTS ( 'NONE', 3, 3, ( 
 ( #3428, #3850, #4637, #335 ),
 ( #2654, #736, #2856, #4828 ),
 ( #596, #545, #1754, #992 ),
 ( #3238, #1736, #3697, #3709 ),
 ( #1389, #4446, #965, #4843 ),
 ( #143, #564, #3269, #4081 ),
 ( #1789, #4869, #2875, #4480 ),
 ( #4887, #174, #2908, #3768 ) ),
 .UNSPECIFIED., .F., .F., .F.,
 ( 4, 1, 1, 1, 1, 4 ),
 ( 4, 4 ),
 ( 0.0000000000000000000, 0.2000000000000000100, 0.4000000000000000200, 0.5999999999999999800, 0.8000000000000000400, 1.000000000000000000 ),
 ( 0.0000000000000000000, 1.000000000000000000 ),
 .UNSPECIFIED. ) ;
#962 = LINE ( 'NONE', #950, #652 ) ;
#963 = CARTESIAN_POINT ( 'NONE',  ( 0.0000000000000000000, 0.0000000000000000000, 0.0000000000000000000 ) ) ;
#964 = AXIS2_PLACEMENT_3D ( 'NONE', #2195, #3748, #4918 ) ;
#965 = CARTESIAN_POINT ( 'NONE',  ( -12.64540472097438000, 1.133333333333003300, -25.48834994887782900 ) ) ;
#966 = VECTOR ( 'NONE', #2257, 1000.000000000000000 ) ;
#967 = CARTESIAN_POINT ( 'NONE',  ( 13.07897775806418000, 1.200000000000025900, 15.39999999999775900 ) ) ;
#968 = PLANE ( 'NONE',  #2738 ) ;
#969 = ADVANCED_FACE ( 'NONE', ( #924 ), #3084, .T. ) ;
#970 = VECTOR ( 'NONE', #632, 1000.000000000000000 ) ;
#971 = DIRECTION ( 'NONE',  ( -1.000000000000000000, -2.470955234246605300E-016, 1.718560196236194400E-013 ) ) ;
#972 = ORIENTED_EDGE ( 'NONE', *, *, #2389, .T. ) ;
#973 = COLOUR_RGB ( '',0.2509803921568627400, 0.2509803921568627400, 0.2509803921568627400 ) ;
#974 = CARTESIAN_POINT ( 'NONE',  ( -9.559999999996071200, 1.399973453572562100, 22.86000000000161600 ) ) ;
#975 = EDGE_CURVE ( 'NONE', #2924, #3876, #3263, .T. ) ;
#976 = CARTESIAN_POINT ( 'NONE',  ( 12.31965277770019400, 23.50798738004709100, 24.91965277800303000 ) ) ;
#977 = DIRECTION ( 'NONE',  ( 1.000000000000000000, 2.470955234246605300E-016, -1.718560196236194400E-013 ) ) ;
#978 = ORIENTED_EDGE ( 'NONE', *, *, #2232, .T. ) ;
#979 = AXIS2_PLACEMENT_3D ( 'NONE', #1708, #4409, #2807 ) ;
#980 =( BOUNDED_SURFACE ( )  B_SPLINE_SURFACE ( 3, 3, ( 
 ( #25, #4309, #830, #444 ),
 ( #1988, #1642, #796, #4709 ),
 ( #4330, #391, #1233, #3955 ),
 ( #3088, #3157, #1586, #782 ) ),
 .UNSPECIFIED., .F., .F., .T. ) 
 B_SPLINE_SURFACE_WITH_KNOTS ( ( 4, 4 ),
 ( 4, 4 ),
 ( 0.0000000000000000000, 1.000000000000000000 ),
 ( 0.0000000000000000000, 1.000000000000000000 ),
 .UNSPECIFIED. ) 
 GEOMETRIC_REPRESENTATION_ITEM ( )  RATIONAL_B_SPLINE_SURFACE ( (
 ( 1.000000000000000000, 0.8047378541291494400, 0.8047378541291494400, 1.000000000000000000),
 ( 0.8083544723009081800, 0.6505134434151338400, 0.6505134434151338400, 0.8083544723009081800),
 ( 0.8083544723009081800, 0.6505134434151338400, 0.6505134434151338400, 0.8083544723009081800),
 ( 1.000000000000000000, 0.8047378541291494400, 0.8047378541291494400, 1.000000000000000000) ) ) 
 REPRESENTATION_ITEM ( '' )  SURFACE ( )  );
#981 = EDGE_CURVE ( 'NONE', #566, #2045, #1544, .T. ) ;
#983 = VERTEX_POINT ( 'NONE', #35 ) ;
#982 = ORIENTED_EDGE ( 'NONE', *, *, #2298, .T. ) ;
#984 = CARTESIAN_POINT ( 'NONE',  ( 13.06745506493000200, 0.7000000000000011800, -2.245547847202978300E-012 ) ) ;
#985 = ORIENTED_EDGE ( 'NONE', *, *, #2520, .F. ) ;
#986 = DIRECTION ( 'NONE',  ( -1.000000000000000000, -2.470955234246605300E-016, 1.718560196236194400E-013 ) ) ;
#987 = AXIS2_PLACEMENT_3D ( 'NONE', #1473, #1851, #3441 ) ;
#989 = ORIENTED_EDGE ( 'NONE', *, *, #1743, .F. ) ;
#988 = ORIENTED_EDGE ( 'NONE', *, *, #4147, .T. ) ;
#990 = ORIENTED_EDGE ( 'NONE', *, *, #4921, .F. ) ;
#991 = CARTESIAN_POINT ( 'NONE',  ( 12.06760736977659400, 0.7000000000000057300, 25.66745506492983300 ) ) ;
#992 = CARTESIAN_POINT ( 'NONE',  ( -13.03475554019428600, 1.700000000000002600, -24.93616235112775900 ) ) ;
#993 = ORIENTED_EDGE ( 'NONE', *, *, #3687, .F. ) ;
#995 = VERTEX_POINT ( 'NONE', #4395 ) ;
#994 = ORIENTED_EDGE ( 'NONE', *, *, #3124, .F. ) ;
#996 = CARTESIAN_POINT ( 'NONE',  ( 12.77609723762551000, 22.03701650797376700, 25.37609723780520500 ) ) ;
#997 = ORIENTED_EDGE ( 'NONE', *, *, #104, .F. ) ;
#998 = FACE_OUTER_BOUND ( 'NONE', #1123, .T. ) ;
#999 = ORIENTED_EDGE ( 'NONE', *, *, #3330, .T. ) ;
#1000 = CARTESIAN_POINT ( 'NONE',  ( -13.05000000000948500, 1.700000000000002400, -24.87247621355580300 ) ) ;
#1001 = VERTEX_POINT ( 'NONE', #488 ) ;
#1002 = ORIENTED_EDGE ( 'NONE', *, *, #4786, .F. ) ;
#1003 = EDGE_CURVE ( 'NONE', #4788, #4977, #1488, .T. ) ;
#1005 = FACE_OUTER_BOUND ( 'NONE', #4095, .T. ) ;
#1004 = PLANE ( 'NONE',  #4502 ) ;
#1006 = CARTESIAN_POINT ( 'NONE',  ( -8.589999999995496800, -8.596453259942828600E-015, 26.20000000000147700 ) ) ;
#1007 = DIRECTION ( 'NONE',  ( 0.01744974916246258600, -0.9996954598818564900, -0.01744974916068235700 ) ) ;
#1008 = CARTESIAN_POINT ( 'NONE',  ( -11.29451029943663400, 22.02198747919047200, -25.99667170549438900 ) ) ;
#1009 = CARTESIAN_POINT ( 'NONE',  ( -10.76000000000392900, 0.7000000000000009500, -22.85999999999814800 ) ) ;
#1010 = CARTESIAN_POINT ( 'NONE',  ( -13.08770529053264700, 0.7000000000000005100, -15.39999999999775000 ) ) ;
#1011 = CARTESIAN_POINT ( 'NONE',  ( 12.88021493423566200, 1.700000000000009500, -25.23949452597221200 ) ) ;
#1012 = LINE ( 'NONE', #293, #769 ) ;
#1013 = FACE_OUTER_BOUND ( 'NONE', #859, .T. ) ;
#1014 = ORIENTED_EDGE ( 'NONE', *, *, #4422, .T. ) ;
#1015 = EDGE_CURVE ( 'NONE', #2918, #2099, #4319, .T. ) ;
#1016 = DIRECTION ( 'NONE',  ( 0.7071224239356739300, 0.7070911380913617000, -1.213485261093149500E-013 ) ) ;
#1017 = CIRCLE ( 'NONE', #4233, 0.5999999999999999800 ) ;
#1018 = CIRCLE ( 'NONE', #2554, 0.2999999999999999300 ) ;
#1019 = DIRECTION ( 'NONE',  ( -2.470955234246180800E-016, 1.000000000000000000, 2.470955234246605300E-016 ) ) ;
#1020 = AXIS2_PLACEMENT_3D ( 'NONE', #4767, #2795, #2066 ) ;
#1021 = CARTESIAN_POINT ( 'NONE',  ( -8.589999999999999900, -2.122550546217834000E-015, 1.476243208566891100E-012 ) ) ;
#1022 = LINE ( 'NONE', #761, #2255 ) ;
#1023 = ORIENTED_EDGE ( 'NONE', *, *, #1561, .F. ) ;
#1024 = DIRECTION ( 'NONE',  ( -1.000000000000000000, -4.336808689942017700E-016, 1.734723475976807100E-013 ) ) ;
#1025 = DIRECTION ( 'NONE',  ( 2.470955234246180800E-016, -1.000000000000000000, -2.470955234246605300E-016 ) ) ;
#1026 = LINE ( 'NONE', #106, #77 ) ;
#1027 = ADVANCED_FACE ( 'NONE', ( #532 ), #2845, .F. ) ;
#1028 = AXIS2_PLACEMENT_3D ( 'NONE', #2478, #108, #3260 ) ;
#1029 = DIRECTION ( 'NONE',  ( -1.000000000000000000, -2.470955234246605300E-016, 1.718560196236194400E-013 ) ) ;
#1030 = VERTEX_POINT ( 'NONE', #1574 ) ;
#1031 = CYLINDRICAL_SURFACE ( 'NONE', #2606, 0.9999999999999994400 ) ;
#1032 = CARTESIAN_POINT ( 'NONE',  ( -11.86745506492733600, 1.299999999999993200, 15.50000000000203900 ) ) ;
#1033 = EDGE_CURVE ( 'NONE', #1272, #1503, #783, .T. ) ;
#1034 = AXIS2_PLACEMENT_3D ( 'NONE', #2461, #4069, #128 ) ;
#1035 = LINE ( 'NONE', #4272, #2091 ) ;
#1036 = DIRECTION ( 'NONE',  ( -1.000000000000000000, 0.0000000000000000000, 1.734723475976807600E-013 ) ) ;
#1037 = CARTESIAN_POINT ( 'NONE',  ( 12.84308418776754700, 1.699999999999997100, 25.25925303153479700 ) ) ;
#1038 = LINE ( 'NONE', #4969, #102 ) ;
#1039 = CARTESIAN_POINT ( 'NONE',  ( 12.84308418776754700, 1.699999999999997100, 25.25925303153479700 ) ) ;
#1040 = DIRECTION ( 'NONE',  ( 0.01744974916068304000, -0.9996954598818875700, 0.01744974916067654900 ) ) ;
#1041 = CARTESIAN_POINT ( 'NONE',  ( -10.15999999999607400, 10.21199999999999400, 22.86000000000174700 ) ) ;
#1042 = ORIENTED_EDGE ( 'NONE', *, *, #4704, .T. ) ;
#1043 = EDGE_CURVE ( 'NONE', #4859, #1983, #3134, .T. ) ;
#1044 = ORIENTED_EDGE ( 'NONE', *, *, #2902, .T. ) ;
#1045 =( BOUNDED_CURVE ( )  B_SPLINE_CURVE ( 3, ( #4341, #2421, #63, #871 ),
 .UNSPECIFIED., .F., .F. ) 
 B_SPLINE_CURVE_WITH_KNOTS ( ( 4, 4 ),
 ( 5.497939437029730300, 7.068431177327524600 ),
 .UNSPECIFIED. ) 
 CURVE ( )  GEOMETRIC_REPRESENTATION_ITEM ( )  RATIONAL_B_SPLINE_CURVE ( ( 1.000000000000000000, 0.8048096403832429900, 0.8048096403832429900, 1.000000000000000000 ) ) 
 REPRESENTATION_ITEM ( '' )  );
#1046 = CARTESIAN_POINT ( 'NONE',  ( -12.46745506493266700, 1.700000000000000800, -15.49999999999785800 ) ) ;
#1047 = ADVANCED_FACE ( 'NONE', ( #3956 ), #2814, .T. ) ;
#1048 = DIRECTION ( 'NONE',  ( 2.470955234246180800E-016, -1.000000000000000000, -2.470955234246605300E-016 ) ) ;
#1050 = EDGE_LOOP ( 'NONE', ( #1308, #175, #244, #4789, #4674, #55, #126, #263 ) ) ;
#1049 = ORIENTED_EDGE ( 'NONE', *, *, #1286, .F. ) ;
#1051 = ORIENTED_EDGE ( 'NONE', *, *, #4317, .F. ) ;
#1052 = VERTEX_POINT ( 'NONE', #1806 ) ;
#1053 = EDGE_CURVE ( 'NONE', #4497, #3476, #4507, .T. ) ;
#1054 = CARTESIAN_POINT ( 'NONE',  ( -11.86745506493160100, 1.699999999999999300, -9.299999999997961500 ) ) ;
#1055 = EDGE_CURVE ( 'NONE', #1405, #1989, #5008, .T. ) ;
#1056 = CARTESIAN_POINT ( 'NONE',  ( -8.590000000004382100, 4.176919055342287000E-015, -25.49406607716852900 ) ) ;
#1058 = ORIENTED_EDGE ( 'NONE', *, *, #2254, .F. ) ;
#1057 = ORIENTED_EDGE ( 'NONE', *, *, #3352, .F. ) ;
#1059 = ORIENTED_EDGE ( 'NONE', *, *, #854, .T. ) ;
#1060 = FACE_OUTER_BOUND ( 'NONE', #3659, .T. ) ;
#1061 = VERTEX_POINT ( 'NONE', #2832 ) ;
#1062 = CARTESIAN_POINT ( 'NONE',  ( -13.08770529053389400, 0.7000000000000063900, -21.19999999999778200 ) ) ;
#1063 = EDGE_LOOP ( 'NONE', ( #2082, #1563, #3468, #92, #4600, #495 ) ) ;
#1064 = VERTEX_POINT ( 'NONE', #4915 ) ;
#1065 = EDGE_LOOP ( 'NONE', ( #1882, #2563, #1242 ) ) ;
#1066 = CARTESIAN_POINT ( 'NONE',  ( -13.06745506493000200, 0.6999999999999946300, 2.245893780935772900E-012 ) ) ;
#1067 = LINE ( 'NONE', #1006, #129 ) ;
#1068 = ORIENTED_EDGE ( 'NONE', *, *, #256, .T. ) ;
#1069 = DIRECTION ( 'NONE',  ( -2.470955234246180800E-016, 1.000000000000000000, 2.470955234246605300E-016 ) ) ;
#1070 = AXIS2_PLACEMENT_3D ( 'NONE', #1782, #166, #4494 ) ;
#1071 = DIRECTION ( 'NONE',  ( 0.01744974916068236400, -0.9996954598818564900, 0.01744974916246209600 ) ) ;
#1072 = FACE_OUTER_BOUND ( 'NONE', #1645, .T. ) ;
#1073 = ORIENTED_EDGE ( 'NONE', *, *, #2139, .F. ) ;
#1074 = PLANE ( 'NONE',  #3023 ) ;
#1075 = ADVANCED_FACE ( 'NONE', ( #1090 ), #4214, .F. ) ;
#1076 = DIRECTION ( 'NONE',  ( -1.718560196236194400E-013, 2.470955234246180800E-016, -1.000000000000000000 ) ) ;
#1077 = LINE ( 'NONE', #4561, #1892 ) ;
#1078 = DIRECTION ( 'NONE',  ( -0.9998476951563913800, 0.01745240643728080200, 1.711593829630450000E-013 ) ) ;
#1079 = VERTEX_POINT ( 'NONE', #2559 ) ;
#1080 = CARTESIAN_POINT ( 'NONE',  ( 13.06745506493159900, 1.700000000000000800, 9.299999999997755400 ) ) ;
#1081 = CARTESIAN_POINT ( 'NONE',  ( 11.06003982139340100, 1.699999999971166100, 22.85999999999809900 ) ) ;
#1082 = ADVANCED_FACE ( 'NONE', ( #1842 ), #4819, .T. ) ;
#1083 = CARTESIAN_POINT ( 'NONE',  ( 13.07025022560473600, 1.700000000000006000, 24.59993905485775700 ) ) ;
#1084 = EDGE_CURVE ( 'NONE', #3227, #3653, #1889, .T. ) ;
#1085 = LINE ( 'NONE', #2122, #2893 ) ;
#1086 = DIRECTION ( 'NONE',  ( 0.7071224239356739300, 0.7070911380913617000, -1.213485261093149500E-013 ) ) ;
#1087 = CARTESIAN_POINT ( 'NONE',  ( 12.11201918137559000, 1.700000000000009300, -25.67025022560208200 ) ) ;
#1088 = VECTOR ( 'NONE', #1179, 1000.000000000000000 ) ;
#1089 = PRESENTATION_LAYER_ASSIGNMENT (  '', '', ( #551 ) ) ;
#1090 = FACE_OUTER_BOUND ( 'NONE', #2357, .T. ) ;
#1091 = FACE_OUTER_BOUND ( 'NONE', #3671, .T. ) ;
#1092 = EDGE_CURVE ( 'NONE', #3392, #1433, #3440, .T. ) ;
#1093 = DIRECTION ( 'NONE',  ( -2.470955234246180800E-016, 1.000000000000000000, 2.470955234246605300E-016 ) ) ;
#1094 = CARTESIAN_POINT ( 'NONE',  ( -12.77609723780303400, 22.03701650797375300, 25.37609723762335900 ) ) ;
#1095 = FACE_OUTER_BOUND ( 'NONE', #305, .T. ) ;
#1096 = VERTEX_POINT ( 'NONE', #1802 ) ;
#1097 = CARTESIAN_POINT ( 'NONE',  ( -12.08770529052735500, 1.199999999999992900, 15.40000000000207900 ) ) ;
#1098 = ORIENTED_EDGE ( 'NONE', *, *, #530, .T. ) ;
#1099 = DIRECTION ( 'NONE',  ( 1.718560196236194400E-013, -2.470955234246180800E-016, 1.000000000000000000 ) ) ;
#1100 = CARTESIAN_POINT ( 'NONE',  ( -13.06745506493000200, 0.6999999999999946300, 2.245893780935772900E-012 ) ) ;
#1101 = DIRECTION ( 'NONE',  ( -2.470955234246180800E-016, 1.000000000000000000, 2.470955234246605300E-016 ) ) ;
#1102 = CARTESIAN_POINT ( 'NONE',  ( -12.64932416385337500, 1.699999999999713500, 25.45085130652531500 ) ) ;
#1103 = AXIS2_PLACEMENT_3D ( 'NONE', #2885, #554, #1766 ) ;
#1104 = DIRECTION ( 'NONE',  ( -1.718560196236194400E-013, 2.470955234246180800E-016, -1.000000000000000000 ) ) ;
#1105 = CYLINDRICAL_SURFACE ( 'NONE', #2801, 0.5999999999999999800 ) ;
#1106 = PLANE ( 'NONE',  #2060 ) ;
#1107 = ORIENTED_EDGE ( 'NONE', *, *, #4449, .T. ) ;
#1109 = ADVANCED_FACE ( 'NONE', ( #3756 ), #2656, .T. ) ;
#1108 = CIRCLE ( 'NONE', #1, 0.5000000000000004400 ) ;
#1110 = DIRECTION ( 'NONE',  ( 1.000000000000000000, 1.807003620809174400E-016, -1.676899360110913900E-013 ) ) ;
#1111 = CARTESIAN_POINT ( 'NONE',  ( -10.65622705100352100, 22.87887801663055500, 25.37729573994973000 ) ) ;
#1112 = EDGE_CURVE ( 'NONE', #561, #2859, #5020, .T. ) ;
#1113 = CARTESIAN_POINT ( 'NONE',  ( -9.559999999996071200, 0.6999999999999899600, 22.86000000000164100 ) ) ;
#1114 = CARTESIAN_POINT ( 'NONE',  ( 12.05015230483956000, 1.700000000000009300, -25.65000000000423700 ) ) ;
#1115 = ORIENTED_EDGE ( 'NONE', *, *, #1845, .F. ) ;
#1116 = CARTESIAN_POINT ( 'NONE',  ( -10.15999999999607300, 1.699999999971160800, 22.86000000000174400 ) ) ;
#1117 = ORIENTED_EDGE ( 'NONE', *, *, #1015, .F. ) ;
#1118 = ORIENTED_EDGE ( 'NONE', *, *, #521, .F. ) ;
#1119 = CARTESIAN_POINT ( 'NONE',  ( -13.08014142905575200, 1.133333333332990900, 24.71305478499224900 ) ) ;
#1120 = VERTEX_POINT ( 'NONE', #3153 ) ;
#1121 = CARTESIAN_POINT ( 'NONE',  ( -12.90461997815566000, -9.429619553558242000E-015, 25.25722511097221800 ) ) ;
#1122 = EDGE_CURVE ( 'NONE', #3221, #3106, #3693, .T. ) ;
#1124 = ORIENTED_EDGE ( 'NONE', *, *, #5016, .T. ) ;
#1123 = EDGE_LOOP ( 'NONE', ( #993, #3916, #1635, #2753, #925, #2330, #1755, #2954, #1366, #2173, #659, #2687, #3733, #1497, #4360, #1800 ) ) ;
#1125 = ORIENTED_EDGE ( 'NONE', *, *, #678, .F. ) ;
#1126 = VERTEX_POINT ( 'NONE', #2024 ) ;
#1127 = DIRECTION ( 'NONE',  ( 2.470955234246180800E-016, -1.000000000000000000, -2.470955234246605300E-016 ) ) ;
#1128 = CARTESIAN_POINT ( 'NONE',  ( -11.70592079770432100, 23.49993545762981400, 24.30592079709717600 ) ) ;
#1129 = AXIS2_PLACEMENT_3D ( 'NONE', #1523, #5064, #3453 ) ;
#1130 = CARTESIAN_POINT ( 'NONE',  ( -12.46745506493160100, 1.699999999999999300, -9.299999999997858400 ) ) ;
#1131 = DIRECTION ( 'NONE',  ( -2.470955234246180800E-016, 1.000000000000000000, 2.470955234246605300E-016 ) ) ;
#1132 = ORIENTED_EDGE ( 'NONE', *, *, #3374, .F. ) ;
#1133 = ORIENTED_EDGE ( 'NONE', *, *, #2340, .T. ) ;
#1135 = VECTOR ( 'NONE', #907, 1000.000000000000000 ) ;
#1134 = CARTESIAN_POINT ( 'NONE',  ( 11.86745506493159900, 1.300000000000000700, 9.299999999997961500 ) ) ;
#1136 = ORIENTED_EDGE ( 'NONE', *, *, #3754, .T. ) ;
#1137 = EDGE_CURVE ( 'NONE', #1126, #1569, #150, .T. ) ;
#1138 = CARTESIAN_POINT ( 'NONE',  ( -12.96750786877953300, 1.214831480029851900, 25.08219790240177400 ) ) ;
#1139 = CARTESIAN_POINT ( 'NONE',  ( 12.16745506493159600, 1.400000000000000600, 9.299999999997911700 ) ) ;
#1140 = EDGE_LOOP ( 'NONE', ( #3240, #1125, #1517, #2695 ) ) ;
#1141 = AXIS2_PLACEMENT_3D ( 'NONE', #1778, #180, #4088 ) ;
#1142 = VECTOR ( 'NONE', #1071, 1000.000000000000100 ) ;
#1143 = ORIENTED_EDGE ( 'NONE', *, *, #2017, .F. ) ;
#1144 = CARTESIAN_POINT ( 'NONE',  ( -13.06745506492828200, 0.6999999999999886300, 24.78835778681095200 ) ) ;
#1145 = CARTESIAN_POINT ( 'NONE',  ( 13.21553162225212200, 22.02617860965996500, 24.31576007950773600 ) ) ;
#1146 = DIRECTION ( 'NONE',  ( 2.470955234246180800E-016, -1.000000000000000000, -2.470955234246605300E-016 ) ) ;
#1147 = VECTOR ( 'NONE', #1402, 1000.000000000000100 ) ;
#1148 = PLANE ( 'NONE',  #4634 ) ;
#1149 = CARTESIAN_POINT ( 'NONE',  ( -12.46745506492840300, 1.399999999999994600, 9.300000000002144800 ) ) ;
#1150 = LINE ( 'NONE', #804, #3815 ) ;
#1151 = VERTEX_POINT ( 'NONE', #3201 ) ;
#1152 = CARTESIAN_POINT ( 'NONE',  ( -13.04999999999733800, 1.699999999999992900, 15.50000000000225200 ) ) ;
#1153 = FACE_OUTER_BOUND ( 'NONE', #552, .T. ) ;
#1154 = VECTOR ( 'NONE', #1713, 1000.000000000000000 ) ;
#1155 = CARTESIAN_POINT ( 'NONE',  ( 11.99993905486441500, 1.133333333332996900, 25.68014142905794400 ) ) ;
#1156 = FACE_OUTER_BOUND ( 'NONE', #137, .T. ) ;
#1157 = DIRECTION ( 'NONE',  ( -1.000000000000000000, -4.336808689942017700E-016, 1.734723475976807100E-013 ) ) ;
#1158 = VECTOR ( 'NONE', #3508, 1000.000000000000000 ) ;
#1159 = EDGE_CURVE ( 'NONE', #5096, #2918, #14, .T. ) ;
#1160 = CARTESIAN_POINT ( 'NONE',  ( -12.11201918137559600, 1.699999999999713500, 25.67025022560208200 ) ) ;
#1161 = VECTOR ( 'NONE', #3914, 1000.000000000000000 ) ;
#1162 = DIRECTION ( 'NONE',  ( 1.718560196236194400E-013, -2.470955234246180800E-016, 1.000000000000000000 ) ) ;
#1163 = AXIS2_PLACEMENT_3D ( 'NONE', #3393, #4739, #2072 ) ;
#1164 = ADVANCED_FACE ( 'NONE', ( #3365 ), #4220, .F. ) ;
#1165 = EDGE_CURVE ( 'NONE', #1260, #2616, #601, .T. ) ;
#1166 = CARTESIAN_POINT ( 'NONE',  ( -12.08770529053264700, 1.200000000000000800, -15.39999999999792400 ) ) ;
#1167 = CARTESIAN_POINT ( 'NONE',  ( 11.08467416195469600, 23.49993545788453600, -24.92716743294677400 ) ) ;
#1168 = EDGE_CURVE ( 'NONE', #2409, #1693, #841, .T. ) ;
#1169 = DIRECTION ( 'NONE',  ( 1.000000000000000000, 2.409231562176336800E-016, -1.734646724766962400E-013 ) ) ;
#1170 = ORIENTED_EDGE ( 'NONE', *, *, #279, .F. ) ;
#1171 = VECTOR ( 'NONE', #1683, 1000.000000000000000 ) ;
#1172 = AXIS2_PLACEMENT_3D ( 'NONE', #3118, #3136, #4774 ) ;
#1173 = CARTESIAN_POINT ( 'NONE',  ( 12.16745506492733500, 1.700000000000006800, -15.50000000000209100 ) ) ;
#1174 = DIRECTION ( 'NONE',  ( -1.000000000000000000, -2.470955234246605300E-016, 1.718560196236194400E-013 ) ) ;
#1175 = CARTESIAN_POINT ( 'NONE',  ( 12.65722511097438400, -3.174533759350527700E-015, 25.50461997815782300 ) ) ;
#1176 = CARTESIAN_POINT ( 'NONE',  ( -12.65925303153263200, 1.699999999999990900, 25.44308418776538300 ) ) ;
#1177 = DIRECTION ( 'NONE',  ( 2.470955234246180800E-016, -1.000000000000000000, -2.470955234246605300E-016 ) ) ;
#1178 = LINE ( 'NONE', #1336, #4584 ) ;
#1179 = DIRECTION ( 'NONE',  ( -2.470955234246180800E-016, 1.000000000000000000, 2.470955234246605300E-016 ) ) ;
#1180 = CARTESIAN_POINT ( 'NONE',  ( -12.30714819871578700, 0.7000000000000009500, -25.64582323907808400 ) ) ;
#1181 = CARTESIAN_POINT ( 'NONE',  ( -12.77609723762552300, 22.03701650797376700, -25.37609723780519000 ) ) ;
#1182 = EDGE_LOOP ( 'NONE', ( #1383, #988, #4158, #4813 ) ) ;
#1183 = VERTEX_POINT ( 'NONE', #594 ) ;
#1184 = VERTEX_POINT ( 'NONE', #276 ) ;
#1185 = CARTESIAN_POINT ( 'NONE',  ( -12.76095110933129500, 22.90473760973025100, -25.36095110968488700 ) ) ;
#1186 = CARTESIAN_POINT ( 'NONE',  ( -10.15999999999607300, 1.699999999971160800, 22.86000000000174400 ) ) ;
#1187 = ORIENTED_EDGE ( 'NONE', *, *, #1403, .F. ) ;
#1188 = EDGE_CURVE ( 'NONE', #4490, #251, #1664, .T. ) ;
#1189 = CARTESIAN_POINT ( 'NONE',  ( -13.05000000000266500, 1.700000000000000600, -15.49999999999775100 ) ) ;
#1190 = EDGE_LOOP ( 'NONE', ( #4804, #890, #1311, #3608, #2922, #1516, #3002, #3787 ) ) ;
#1191 = ORIENTED_EDGE ( 'NONE', *, *, #2442, .T. ) ;
#1192 = ADVANCED_FACE ( 'NONE', ( #2723 ), #4937, .T. ) ;
#1193 = EDGE_CURVE ( 'NONE', #4064, #1953, #1406, .T. ) ;
#1194 = EDGE_LOOP ( 'NONE', ( #3526, #1938, #2269, #4740 ) ) ;
#1195 = EDGE_LOOP ( 'NONE', ( #2562, #3861, #982, #125 ) ) ;
#1196 = DIRECTION ( 'NONE',  ( 2.470955234246180800E-016, -1.000000000000000000, -2.470955234246605300E-016 ) ) ;
#1197 = LINE ( 'NONE', #4337, #2574 ) ;
#1198 = EDGE_CURVE ( 'NONE', #52, #4489, #1720, .T. ) ;
#1199 = VERTEX_POINT ( 'NONE', #2566 ) ;
#1200 = DIRECTION ( 'NONE',  ( -1.000000000000000000, 0.0000000000000000000, 1.734723475976807100E-013 ) ) ;
#1201 = CARTESIAN_POINT ( 'NONE',  ( -13.07025022560422700, 1.700000000000002800, -24.59993905485775700 ) ) ;
#1202 = LINE ( 'NONE', #738, #2236 ) ;
#1203 = DIRECTION ( 'NONE',  ( 1.000000000000000000, 2.470955234246605300E-016, -1.718560196236194400E-013 ) ) ;
#1204 = DIRECTION ( 'NONE',  ( -1.000000000000000000, -2.470955234246605300E-016, 1.718560196236194400E-013 ) ) ;
#1205 = FACE_OUTER_BOUND ( 'NONE', #3176, .T. ) ;
#1206 = DIRECTION ( 'NONE',  ( 1.000000000000000000, 1.807003620809174400E-016, -1.676899360110913900E-013 ) ) ;
#1207 = ORIENTED_EDGE ( 'NONE', *, *, #546, .T. ) ;
#1208 = CARTESIAN_POINT ( 'NONE',  ( 13.04431877586428700, 1.133333333332997400, 24.93926918055775800 ) ) ;
#1209 = AXIS2_PLACEMENT_3D ( 'NONE', #506, #2861, #1297 ) ;
#1210 = CARTESIAN_POINT ( 'NONE',  ( 8.589999999995601600, 0.7000000000000130600, -25.68770529053172800 ) ) ;
#1211 = CARTESIAN_POINT ( 'NONE',  ( -10.15999999999607300, 1.699999999999991700, 22.86000000000174400 ) ) ;
#1212 = SURFACE_STYLE_FILL_AREA ( #3265 ) ;
#1213 = EDGE_CURVE ( 'NONE', #1001, #3305, #2019, .T. ) ;
#1214 = VECTOR ( 'NONE', #4145, 1000.000000000000000 ) ;
#1215 = ADVANCED_FACE ( 'NONE', ( #3567 ), #4082, .F. ) ;
#1216 = CARTESIAN_POINT ( 'NONE',  ( -11.86745506493160100, 1.299999999999999600, -9.299999999997961500 ) ) ;
#1217 = CARTESIAN_POINT ( 'NONE',  ( -12.06760736977659400, 0.7000000000000122800, -25.66745506492983300 ) ) ;
#1218 = DIRECTION ( 'NONE',  ( 3.246358992949787500E-015, -0.9998476951563704000, 0.01745240643847641200 ) ) ;
#1219 = VECTOR ( 'NONE', #1419, 1000.000000000000000 ) ;
#1220 = LINE ( 'NONE', #727, #3694 ) ;
#1221 = DIRECTION ( 'NONE',  ( -1.718560196236194400E-013, 2.470955234246180800E-016, -1.000000000000000000 ) ) ;
#1222 = DIRECTION ( 'NONE',  ( -1.000000000000000000, -2.470955234246605300E-016, 1.718560196236194400E-013 ) ) ;
#1223 = LINE ( 'NONE', #1541, #2541 ) ;
#1224 = CARTESIAN_POINT ( 'NONE',  ( 12.90461997816434100, -3.082845909986155800E-015, 25.25722511096778400 ) ) ;
#1225 = DIRECTION ( 'NONE',  ( -1.000000000000000000, 0.0000000000000000000, 1.734723475976807100E-013 ) ) ;
#1226 = EDGE_CURVE ( 'NONE', #1962, #3925, #4941, .T. ) ;
#1227 = DIRECTION ( 'NONE',  ( 1.000000000000000000, 2.470955234246605300E-016, -1.718560196236194400E-013 ) ) ;
#1228 = CARTESIAN_POINT ( 'NONE',  ( 12.16745506493159600, 1.700000000000000600, 9.299999999997909900 ) ) ;
#1229 = VECTOR ( 'NONE', #1029, 1000.000000000000000 ) ;
#1230 = CARTESIAN_POINT ( 'NONE',  ( -9.500000000003700200, 23.50000000000000400, -21.49999999999836200 ) ) ;
#1231 = CARTESIAN_POINT ( 'NONE',  ( 10.65622705100350700, 22.87887801663057300, -25.37729573994972700 ) ) ;
#1232 = EDGE_CURVE ( 'NONE', #2058, #2551, #4631, .T. ) ;
#1233 = CARTESIAN_POINT ( 'NONE',  ( -13.38147744525453800, 22.89246606739948200, 23.87931603904728600 ) ) ;
#1234 = DIRECTION ( 'NONE',  ( 1.000000000000000000, 2.470955234246605300E-016, -1.718560196236194400E-013 ) ) ;
#1235 = CIRCLE ( 'NONE', #181, 0.5000000000000000000 ) ;
#1236 = CARTESIAN_POINT ( 'NONE',  ( 12.10022845726259700, 8.596453259942828600E-015, -26.20000000000147700 ) ) ;
#1237 = B_SPLINE_CURVE_WITH_KNOTS ( 'NONE', 3,
 ( #3991, #885, #4733, #904, #2834, #4391 ),
 .UNSPECIFIED., .F., .F.,
 ( 4, 1, 1, 4 ),
 ( 0.0000000000000000000, 0.0002505465327129759800, 0.0005902602484124655100, 0.0008408067811253611600 ),
 .UNSPECIFIED. ) ;
#1238 = CARTESIAN_POINT ( 'NONE',  ( 12.11512599219441800, -3.387315212865791700E-015, 25.69992383597792300 ) ) ;
#1239 = ADVANCED_FACE ( 'NONE', ( #2134 ), #3017, .F. ) ;
#1240 = ORIENTED_EDGE ( 'NONE', *, *, #1084, .F. ) ;
#1241 = CARTESIAN_POINT ( 'NONE',  ( -13.21553162224352300, 22.02617860967439300, 24.31576007951419200 ) ) ;
#1242 = ORIENTED_EDGE ( 'NONE', *, *, #5, .T. ) ;
#1243 = CARTESIAN_POINT ( 'NONE',  ( -3.774371409771855600E-012, 1.700000000028017500, -21.95996017856883500 ) ) ;
#1244 = UNCERTAINTY_MEASURE_WITH_UNIT (LENGTH_MEASURE( 1.000000000000000100E-005 ), #2543, 'distance_accuracy_value', 'NONE');
#1245 = CARTESIAN_POINT ( 'NONE',  ( 12.08770529053161400, 0.7000000000000007300, 9.399999999997922000 ) ) ;
#1246 = AXIS2_PLACEMENT_3D ( 'NONE', #2424, #3953, #441 ) ;
#1247 = EDGE_LOOP ( 'NONE', ( #4370, #3483, #3724, #1440 ) ) ;
#1248 = ORIENTED_EDGE ( 'NONE', *, *, #586, .T. ) ;
#1249 = CARTESIAN_POINT ( 'NONE',  ( -13.06745506493000200, 0.6999999999999946300, 2.245893780935772900E-012 ) ) ;
#1250 = EDGE_LOOP ( 'NONE', ( #1747, #1751 ) ) ;
#1251 = PLANE ( 'NONE',  #3823 ) ;
#1252 = ORIENTED_EDGE ( 'NONE', *, *, #3310, .T. ) ;
#1253 = ORIENTED_EDGE ( 'NONE', *, *, #937, .F. ) ;
#1254 = CARTESIAN_POINT ( 'NONE',  ( 15.37931440638549700, 1.027406245688435400E-014, -26.20000000000264600 ) ) ;
#1255 = DIRECTION ( 'NONE',  ( -1.000000000000000000, -2.470955234246605300E-016, 1.718560196236194400E-013 ) ) ;
#1256 = DIRECTION ( 'NONE',  ( -1.718560196236194400E-013, 2.470955234246180800E-016, -1.000000000000000000 ) ) ;
#1257 = VERTEX_POINT ( 'NONE', #3122 ) ;
#1258 = EDGE_CURVE ( 'NONE', #2342, #1151, #1533, .T. ) ;
#1259 = PLANE ( 'NONE',  #861 ) ;
#1260 = VERTEX_POINT ( 'NONE', #4849 ) ;
#1261 = ORIENTED_EDGE ( 'NONE', *, *, #4826, .F. ) ;
#1262 = DIRECTION ( 'NONE',  ( -1.000000000000000000, -2.470955234246605300E-016, 1.718560196236194400E-013 ) ) ;
#1263 = VECTOR ( 'NONE', #4374, 1000.000000000000000 ) ;
#1264 = ORIENTED_EDGE ( 'NONE', *, *, #4786, .T. ) ;
#1265 = AXIS2_PLACEMENT_3D ( 'NONE', #1907, #1146, #2294 ) ;
#1266 = PLANE ( 'NONE',  #3977 ) ;
#1267 = CARTESIAN_POINT ( 'NONE',  ( 13.03475554018571400, 1.700000000000009300, -24.93616235113224300 ) ) ;
#1268 = EDGE_LOOP ( 'NONE', ( #1936, #1873, #960, #2830 ) ) ;
#1269 = EDGE_CURVE ( 'NONE', #2510, #4866, #3151, .T. ) ;
#1270 = LINE ( 'NONE', #4073, #4742 ) ;
#1271 = ORIENTED_EDGE ( 'NONE', *, *, #4124, .T. ) ;
#1272 = VERTEX_POINT ( 'NONE', #3896 ) ;
#1273 = ADVANCED_FACE ( 'NONE', ( #2480 ), #3488, .F. ) ;
#1274 = PLANE ( 'NONE',  #4371 ) ;
#1275 = AXIS2_PLACEMENT_3D ( 'NONE', #3461, #4617, #1952 ) ;
#1276 = VECTOR ( 'NONE', #623, 1000.000000000000000 ) ;
#1277 = CARTESIAN_POINT ( 'NONE',  ( 12.65925303153263000, 1.700000000000009500, -25.44308418776538300 ) ) ;
#1278 = CARTESIAN_POINT ( 'NONE',  ( 12.65722511097438400, -3.205106238387920200E-015, 25.50461997815782300 ) ) ;
#1279 = VECTOR ( 'NONE', #557, 1000.000000000000000 ) ;
#1280 = VECTOR ( 'NONE', #3572, 1000.000000000000000 ) ;
#1281 = ORIENTED_EDGE ( 'NONE', *, *, #1894, .T. ) ;
#1282 = LINE ( 'NONE', #3522, #901 ) ;
#1283 = CARTESIAN_POINT ( 'NONE',  ( 2.646286187575629900E-012, 1.199999999999996000, 15.40000000000000000 ) ) ;
#1284 = VECTOR ( 'NONE', #4500, 1000.000000000000000 ) ;
#1285 = CARTESIAN_POINT ( 'NONE',  ( 12.18835778680226400, 0.7000000000000071700, -25.66745506493501200 ) ) ;
#1286 = EDGE_CURVE ( 'NONE', #3804, #252, #2898, .T. ) ;
#1287 = ORIENTED_EDGE ( 'NONE', *, *, #553, .T. ) ;
#1288 = FACE_OUTER_BOUND ( 'NONE', #2502, .T. ) ;
#1289 = ORIENTED_EDGE ( 'NONE', *, *, #5042, .F. ) ;
#1290 = CARTESIAN_POINT ( 'NONE',  ( -10.65999999999607600, 10.21199999999999400, 22.86000000000183300 ) ) ;
#1291 = CARTESIAN_POINT ( 'NONE',  ( -13.06745506492840500, 0.6999999999999924100, 9.300000000002247800 ) ) ;
#1292 = DIRECTION ( 'NONE',  ( -1.718560196236194400E-013, 2.470955234246180800E-016, -1.000000000000000000 ) ) ;
#1293 = EDGE_CURVE ( 'NONE', #3342, #4533, #2538, .T. ) ;
#1295 = ADVANCED_FACE ( 'NONE', ( #905 ), #281, .T. ) ;
#1294 = CIRCLE ( 'NONE', #4178, 0.9000398214311644600 ) ;
#1296 = EDGE_CURVE ( 'NONE', #1183, #2503, #3506, .T. ) ;
#1297 = DIRECTION ( 'NONE',  ( 1.000000000000000000, 2.409231562176341200E-016, -1.696099019772144400E-013 ) ) ;
#1298 = CARTESIAN_POINT ( 'NONE',  ( 13.07025022559678700, 1.700000000000027300, -24.59993911560724200 ) ) ;
#1299 = CARTESIAN_POINT ( 'NONE',  ( 12.65925303153263000, 1.700000000000009500, -25.44308418776538300 ) ) ;
#1300 = CYLINDRICAL_SURFACE ( 'NONE', #3685, 0.5000000000000004400 ) ;
#1301 = AXIS2_PLACEMENT_3D ( 'NONE', #1116, #3043, #743 ) ;
#1302 =( LENGTH_UNIT ( ) NAMED_UNIT ( * ) SI_UNIT ( .MILLI., .METRE. ) );
#1303 = LINE ( 'NONE', #4336, #2735 ) ;
#1304 = CARTESIAN_POINT ( 'NONE',  ( -13.06745506493461800, 0.7000000000000007300, -24.66760736977083100 ) ) ;
#1305 = AXIS2_PLACEMENT_3D ( 'NONE', #72, #2817, #484 ) ;
#1306 = CARTESIAN_POINT ( 'NONE',  ( -11.99993905486441300, 1.700000000000003100, -25.67025022559794000 ) ) ;
#1307 = DIRECTION ( 'NONE',  ( -1.000000000000000000, -2.470955234246605300E-016, 1.718560196236194400E-013 ) ) ;
#1308 = ORIENTED_EDGE ( 'NONE', *, *, #691, .T. ) ;
#1309 = ORIENTED_EDGE ( 'NONE', *, *, #691, .F. ) ;
#1310 = CARTESIAN_POINT ( 'NONE',  ( -12.46745506493160100, 1.399999999999999200, -9.299999999997860200 ) ) ;
#1311 = ORIENTED_EDGE ( 'NONE', *, *, #2003, .T. ) ;
#1312 = CARTESIAN_POINT ( 'NONE',  ( 11.99993905486441500, 0.8499999999998840700, 25.68508703078794400 ) ) ;
#1313 = EDGE_CURVE ( 'NONE', #3653, #1637, #3889, .T. ) ;
#1314 = CARTESIAN_POINT ( 'NONE',  ( -10.66000000000392600, -5.999999999999996400, -22.85999999999787500 ) ) ;
#1316 = VERTEX_POINT ( 'NONE', #1680 ) ;
#1315 = ORIENTED_EDGE ( 'NONE', *, *, #4752, .F. ) ;
#1317 = ORIENTED_EDGE ( 'NONE', *, *, #2171, .T. ) ;
#1318 =( GEOMETRIC_REPRESENTATION_CONTEXT ( 3 ) GLOBAL_UNCERTAINTY_ASSIGNED_CONTEXT ( ( #1244 ) ) GLOBAL_UNIT_ASSIGNED_CONTEXT ( ( #2543, #4622, #5025 ) ) REPRESENTATION_CONTEXT ( 'NONE', 'WORKASPACE' ) );
#1320 = ORIENTED_EDGE ( 'NONE', *, *, #459, .T. ) ;
#1319 = VERTEX_POINT ( 'NONE', #4496 ) ;
#1321 = ORIENTED_EDGE ( 'NONE', *, *, #1337, .F. ) ;
#1322 = CARTESIAN_POINT ( 'NONE',  ( -10.65999999999607300, 0.7000000000000014000, 22.86000000000182900 ) ) ;
#1323 = CIRCLE ( 'NONE', #1209, 0.9000398214160099100 ) ;
#1324 = ORIENTED_EDGE ( 'NONE', *, *, #1232, .F. ) ;
#1325 = CARTESIAN_POINT ( 'NONE',  ( 12.79262666031657700, 22.00057016032363000, -23.27155797165637800 ) ) ;
#1326 = ORIENTED_EDGE ( 'NONE', *, *, #4551, .F. ) ;
#1327 = PLANE ( 'NONE',  #4468 ) ;
#1328 = VECTOR ( 'NONE', #2411, 1000.000000000000000 ) ;
#1329 = EDGE_CURVE ( 'NONE', #755, #4963, #4256, .T. ) ;
#1330 = DIRECTION ( 'NONE',  ( -1.000000000000000000, -4.336808689942013800E-016, 1.734723475976805600E-013 ) ) ;
#1331 = ORIENTED_EDGE ( 'NONE', *, *, #4817, .F. ) ;
#1332 = VERTEX_POINT ( 'NONE', #4224 ) ;
#1333 = FACE_OUTER_BOUND ( 'NONE', #825, .T. ) ;
#1334 = CARTESIAN_POINT ( 'NONE',  ( -10.65999999999607100, -6.000000000000008900, 22.86000000000182900 ) ) ;
#1335 = EDGE_CURVE ( 'NONE', #2745, #3083, #2251, .T. ) ;
#1336 = CARTESIAN_POINT ( 'NONE',  ( -8.589999999999999900, 0.6999999999999978500, 1.476416175433288200E-012 ) ) ;
#1337 = EDGE_CURVE ( 'NONE', #1079, #447, #3821, .T. ) ;
#1338 = LINE ( 'NONE', #1066, #581 ) ;
#1339 = FILL_AREA_STYLE_COLOUR ( '', #2415 ) ;
#1340 = AXIS2_PLACEMENT_3D ( 'NONE', #4450, #2882, #1346 ) ;
#1341 = CARTESIAN_POINT ( 'NONE',  ( -13.00325947668232000, 0.7000000000000006200, -25.02013518795539300 ) ) ;
#1342 = LINE ( 'NONE', #3104, #2720 ) ;
#1343 = DIRECTION ( 'NONE',  ( -1.718560196236194400E-013, 2.470955234246180800E-016, -1.000000000000000000 ) ) ;
#1344 = FACE_OUTER_BOUND ( 'NONE', #2455, .T. ) ;
#1345 = ORIENTED_EDGE ( 'NONE', *, *, #3650, .F. ) ;
#1346 = DIRECTION ( 'NONE',  ( -1.718560196236194400E-013, 2.470955234246180800E-016, -1.000000000000000000 ) ) ;
#1347 = VECTOR ( 'NONE', #1848, 1000.000000000000100 ) ;
#1348 = VECTOR ( 'NONE', #1218, 1000.000000000000100 ) ;
#1349 = ADVANCED_FACE ( 'NONE', ( #4571 ), #2085, .F. ) ;
#1350 = CARTESIAN_POINT ( 'NONE',  ( 12.06760736977659400, 0.7000000000000057300, 25.66745506492983300 ) ) ;
#1351 = DIRECTION ( 'NONE',  ( 2.470955234246180800E-016, -1.000000000000000000, -2.470955234246605300E-016 ) ) ;
#1352 = SURFACE_STYLE_FILL_AREA ( #1666 ) ;
#1353 = DIRECTION ( 'NONE',  ( 1.718560196236194400E-013, -2.470955234246180800E-016, 1.000000000000000000 ) ) ;
#1354 = CARTESIAN_POINT ( 'NONE',  ( 12.31965277775245900, 23.50798738004709100, 24.91965277795075900 ) ) ;
#1355 = CARTESIAN_POINT ( 'NONE',  ( -13.21553162224286000, 22.02617860964568000, 24.31576007889847400 ) ) ;
#1356 = EDGE_CURVE ( 'NONE', #1745, #2048, #2779, .T. ) ;
#1357 = LINE ( 'NONE', #1100, #599 ) ;
#1358 = CARTESIAN_POINT ( 'NONE',  ( 12.08770529052838500, 0.7000000000000052800, -9.400000000002078700 ) ) ;
#1359 = CARTESIAN_POINT ( 'NONE',  ( 13.06745506492840500, 0.7000000000000035100, -9.300000000002247800 ) ) ;
#1360 = MECHANICAL_DESIGN_GEOMETRIC_PRESENTATION_REPRESENTATION (  '', ( #551 ), #4488 ) ;
#1361 = ORIENTED_EDGE ( 'NONE', *, *, #4947, .T. ) ;
#1362 = VECTOR ( 'NONE', #4453, 1000.000000000000100 ) ;
#1363 = EDGE_CURVE ( 'NONE', #2745, #4099, #1779, .T. ) ;
#1364 = CARTESIAN_POINT ( 'NONE',  ( 9.500000000003689500, 23.49999999999999600, 21.49999999999837300 ) ) ;
#1365 = DIRECTION ( 'NONE',  ( -1.000000000000000000, -2.470955234246605300E-016, 1.718560196236194400E-013 ) ) ;
#1366 = ORIENTED_EDGE ( 'NONE', *, *, #111, .F. ) ;
#1367 = ORIENTED_EDGE ( 'NONE', *, *, #3820, .T. ) ;
#1368 = ADVANCED_FACE ( 'NONE', ( #4438 ), #1411, .F. ) ;
#1369 = DIRECTION ( 'NONE',  ( 0.0000000000000000000, 0.0000000000000000000, 1.000000000000000000 ) ) ;
#1370 = CARTESIAN_POINT ( 'NONE',  ( 13.21553162225046800, 22.02617860965640500, 24.31576007950779700 ) ) ;
#1372 = VERTEX_POINT ( 'NONE', #2286 ) ;
#1371 = ORIENTED_EDGE ( 'NONE', *, *, #2264, .T. ) ;
#1373 = ORIENTED_EDGE ( 'NONE', *, *, #3549, .F. ) ;
#1374 = CARTESIAN_POINT ( 'NONE',  ( -4.083615709111039300E-012, 1.700000000028018400, -23.76003982143116400 ) ) ;
#1375 = DIRECTION ( 'NONE',  ( 0.01745240643727956000, 0.9998476951563912700, -2.752243213584931600E-015 ) ) ;
#1377 = ORIENTED_EDGE ( 'NONE', *, *, #3532, .T. ) ;
#1376 = ORIENTED_EDGE ( 'NONE', *, *, #3447, .T. ) ;
#1378 = VERTEX_POINT ( 'NONE', #1501 ) ;
#1379 = EDGE_CURVE ( 'NONE', #510, #4903, #3190, .T. ) ;
#1381 = EDGE_LOOP ( 'NONE', ( #319, #1698, #1505, #4016 ) ) ;
#1380 = VERTEX_POINT ( 'NONE', #4265 ) ;
#1382 = CARTESIAN_POINT ( 'NONE',  ( -12.42013518795323200, 0.6999999999999884100, 25.60325947668015400 ) ) ;
#1383 = ORIENTED_EDGE ( 'NONE', *, *, #2892, .F. ) ;
#1384 = FACE_OUTER_BOUND ( 'NONE', #3867, .T. ) ;
#1385 = VERTEX_POINT ( 'NONE', #4202 ) ;
#1386 = DIRECTION ( 'NONE',  ( 1.000000000000000000, 0.0000000000000000000, -1.711593829630450300E-013 ) ) ;
#1387 = ORIENTED_EDGE ( 'NONE', *, *, #3745, .F. ) ;
#1388 = DIRECTION ( 'NONE',  ( 2.470955234246180800E-016, -1.000000000000000000, -2.470955234246605300E-016 ) ) ;
#1389 = CARTESIAN_POINT ( 'NONE',  ( -12.65722511097438400, 3.174533759350527700E-015, -25.50461997815782300 ) ) ;
#1390 = CYLINDRICAL_SURFACE ( 'NONE', #4006, 1.500000000000001300 ) ;
#1391 = EDGE_LOOP ( 'NONE', ( #4505, #491, #451, #3911 ) ) ;
#1392 = CARTESIAN_POINT ( 'NONE',  ( 13.07025022559678700, 1.700000000000027300, -24.59993911560724200 ) ) ;
#1393 = EDGE_CURVE ( 'NONE', #3607, #2181, #3197, .T. ) ;
#1394 = DIRECTION ( 'NONE',  ( -1.000000000000000000, -2.470955234246605300E-016, 1.718560196236194400E-013 ) ) ;
#1395 = VECTOR ( 'NONE', #3112, 1000.000000000000100 ) ;
#1396 = ADVANCED_FACE ( 'NONE', ( #1955 ), #4018, .T. ) ;
#1397 = CARTESIAN_POINT ( 'NONE',  ( -12.77609723762552500, 22.03701650797377100, -25.37609723780518700 ) ) ;
#1398 = CARTESIAN_POINT ( 'NONE',  ( -3.643347616020732400E-012, 5.238425096601903100E-015, -21.19999999999999900 ) ) ;
#1399 = VECTOR ( 'NONE', #1162, 1000.000000000000000 ) ;
#1400 = CARTESIAN_POINT ( 'NONE',  ( 8.589999999999999900, 2.122550546217834000E-015, -1.476243208566891100E-012 ) ) ;
#1401 = VERTEX_POINT ( 'NONE', #4186 ) ;
#1402 = DIRECTION ( 'NONE',  ( 0.01745240643727956000, 0.9998476951563912700, -2.752243213584931600E-015 ) ) ;
#1403 = EDGE_CURVE ( 'NONE', #177, #1433, #3070, .T. ) ;
#1404 = CYLINDRICAL_SURFACE ( 'NONE', #872, 0.5000000000000004400 ) ;
#1405 = VERTEX_POINT ( 'NONE', #714 ) ;
#1406 = LINE ( 'NONE', #3436, #4696 ) ;
#1407 = LINE ( 'NONE', #4588, #2020 ) ;
#1408 = AXIS2_PLACEMENT_3D ( 'NONE', #4148, #4535, #4552 ) ;
#1409 = CARTESIAN_POINT ( 'NONE',  ( -11.86745506493160100, 1.699999999999999300, -9.299999999997961500 ) ) ;
#1410 = CARTESIAN_POINT ( 'NONE',  ( 10.16000000000383000, 0.7000000000000065100, 22.85999999999825100 ) ) ;
#1411 = CONICAL_SURFACE ( 'NONE', #1301, 0.9000398214160116900, 0.7854202858301186900 ) ;
#1412 = PLANE ( 'NONE',  #2935 ) ;
#1413 = CARTESIAN_POINT ( 'NONE',  ( -13.05000000000423700, 1.700000000000002600, -24.65015230483775700 ) ) ;
#1414 = DIRECTION ( 'NONE',  ( 1.000000000000000000, 2.470955234246605300E-016, -1.718560196236194400E-013 ) ) ;
#1415 = DIRECTION ( 'NONE',  ( -2.470955234246180800E-016, 1.000000000000000000, 2.470955234246605300E-016 ) ) ;
#1416 = ORIENTED_EDGE ( 'NONE', *, *, #2548, .F. ) ;
#1417 = VECTOR ( 'NONE', #4117, 1000.000000000000100 ) ;
#1418 = DIRECTION ( 'NONE',  ( 1.000000000000000000, 2.409231562247368800E-016, -1.696099019822147600E-013 ) ) ;
#1419 = DIRECTION ( 'NONE',  ( -1.000000000000000000, -2.470955234246605300E-016, 1.718560196236194400E-013 ) ) ;
#1420 = PRODUCT_CONTEXT ( 'NONE', #3236, 'mechanical' ) ;
#1421 = CIRCLE ( 'NONE', #3928, 0.5000000000000000000 ) ;
#1422 = CARTESIAN_POINT ( 'NONE',  ( -13.04999999999840400, 1.699999999999994200, 9.300000000002254900 ) ) ;
#1423 = PLANE ( 'NONE',  #955 ) ;
#1424 = EDGE_CURVE ( 'NONE', #4963, #2062, #2263, .T. ) ;
#1426 = ADVANCED_FACE ( 'NONE', ( #4259 ), #3416, .F. ) ;
#1425 = FACE_OUTER_BOUND ( 'NONE', #4519, .T. ) ;
#1427 = CARTESIAN_POINT ( 'NONE',  ( -11.99993905486441300, 1.700000000000003300, -25.67025022559794300 ) ) ;
#1428 = EDGE_CURVE ( 'NONE', #2918, #1184, #4566, .T. ) ;
#1429 = EDGE_CURVE ( 'NONE', #1061, #1904, #3758, .T. ) ;
#1430 = VERTEX_POINT ( 'NONE', #1542 ) ;
#1431 = PRODUCT_DEFINITION_CONTEXT ( 'detailed design', #4131, 'design' ) ;
#1432 = CARTESIAN_POINT ( 'NONE',  ( 12.87316610894214900, 0.7000000000000183900, -25.27132901533631000 ) ) ;
#1433 = VERTEX_POINT ( 'NONE', #2301 ) ;
#1434 = DIRECTION ( 'NONE',  ( 2.470955234246180800E-016, -1.000000000000000000, -2.470955234246605300E-016 ) ) ;
#1435 = AXIS2_PLACEMENT_3D ( 'NONE', #3708, #159, #945 ) ;
#1436 = PRODUCT ( 'TMPS 15-105', 'TMPS 15-105', '', ( #1420 ) ) ;
#1438 = ORIENTED_EDGE ( 'NONE', *, *, #5042, .T. ) ;
#1437 = ORIENTED_EDGE ( 'NONE', *, *, #2452, .T. ) ;
#1439 = EDGE_LOOP ( 'NONE', ( #363, #5103 ) ) ;
#1440 = ORIENTED_EDGE ( 'NONE', *, *, #2026, .F. ) ;
#1441 = DIRECTION ( 'NONE',  ( 1.000000000000000000, 2.470955234246605300E-016, -1.718560196236194400E-013 ) ) ;
#1442 = CARTESIAN_POINT ( 'NONE',  ( 12.46745506492840100, 1.300000000000005600, -9.300000000002143000 ) ) ;
#1443 = ORIENTED_EDGE ( 'NONE', *, *, #3962, .T. ) ;
#1444 = EDGE_LOOP ( 'NONE', ( #264, #2615 ) ) ;
#1445 = ORIENTED_EDGE ( 'NONE', *, *, #4717, .F. ) ;
#1446 = VECTOR ( 'NONE', #1979, 1000.000000000000000 ) ;
#1447 = ORIENTED_EDGE ( 'NONE', *, *, #2211, .F. ) ;
#1448 = CARTESIAN_POINT ( 'NONE',  ( 12.16745506492558700, 1.700000000000009300, -25.67025022560209300 ) ) ;
#1450 = ORIENTED_EDGE ( 'NONE', *, *, #3185, .T. ) ;
#1449 = ORIENTED_EDGE ( 'NONE', *, *, #4896, .T. ) ;
#1452 = VECTOR ( 'NONE', #4708, 1000.000000000000000 ) ;
#1451 = CARTESIAN_POINT ( 'NONE',  ( 12.33616235113440300, 1.699999999999996600, 25.63475554018787900 ) ) ;
#1453 = CARTESIAN_POINT ( 'NONE',  ( 13.00325947667362700, 0.7000000000000077300, -25.02013518796004000 ) ) ;
#1454 = CARTESIAN_POINT ( 'NONE',  ( 13.09992383598364400, -2.001492559527240000E-015, 21.19999999999775400 ) ) ;
#1455 = CARTESIAN_POINT ( 'NONE',  ( 13.03475554019429000, 1.699999999999720600, 24.93616235112775900 ) ) ;
#1456 = VECTOR ( 'NONE', #3663, 1000.000000000000000 ) ;
#1457 = EDGE_CURVE ( 'NONE', #2333, #4497, #220, .T. ) ;
#1458 = ORIENTED_EDGE ( 'NONE', *, *, #279, .T. ) ;
#1459 = CARTESIAN_POINT ( 'NONE',  ( -12.85085130652748100, 1.699999999999726400, -25.24932416385553700 ) ) ;
#1460 = DIRECTION ( 'NONE',  ( 1.000000000000000000, 0.0000000000000000000, -1.734723475976807600E-013 ) ) ;
#1461 = CARTESIAN_POINT ( 'NONE',  ( 12.33616235112559400, 1.700000000000009300, -25.63475554019212100 ) ) ;
#1462 = EDGE_CURVE ( 'NONE', #3121, #1846, #2078, .T. ) ;
#1463 = VECTOR ( 'NONE', #2824, 1000.000000000000000 ) ;
#1464 = VECTOR ( 'NONE', #911, 1000.000000000000100 ) ;
#1465 = EDGE_CURVE ( 'NONE', #3546, #4305, #2956, .T. ) ;
#1466 = DIRECTION ( 'NONE',  ( 1.718560196236194400E-013, -2.470955234246180800E-016, 1.000000000000000000 ) ) ;
#1467 = VECTOR ( 'NONE', #3142, 1000.000000000000000 ) ;
#1468 = FACE_OUTER_BOUND ( 'NONE', #4721, .T. ) ;
#1469 = VECTOR ( 'NONE', #3502, 1000.000000000000000 ) ;
#1470 = ORIENTED_EDGE ( 'NONE', *, *, #1337, .T. ) ;
#1471 = CARTESIAN_POINT ( 'NONE',  ( 12.91949272514843500, 1.548164813362341600, 25.16587981373652700 ) ) ;
#1472 = VECTOR ( 'NONE', #4814, 1000.000000000000000 ) ;
#1473 = CARTESIAN_POINT ( 'NONE',  ( 11.71576007951631100, 22.00000000000406100, 24.31576007951013500 ) ) ;
#1474 = VECTOR ( 'NONE', #3839, 1000.000000000000000 ) ;
#1475 = CARTESIAN_POINT ( 'NONE',  ( 13.07025022560425300, 1.699999999999720600, 24.71201918137775500 ) ) ;
#1476 = FACE_OUTER_BOUND ( 'NONE', #1063, .T. ) ;
#1477 = AXIS2_PLACEMENT_3D ( 'NONE', #3495, #3133, #417 ) ;
#1478 = DIRECTION ( 'NONE',  ( 1.000000000000000000, 2.470955234246605300E-016, -1.718560196236194400E-013 ) ) ;
#1479 = CARTESIAN_POINT ( 'NONE',  ( 13.07025022559575300, 1.700000000000009300, -24.71201918138224600 ) ) ;
#1480 = EDGE_LOOP ( 'NONE', ( #1376, #2682, #4769, #2757, #3060 ) ) ;
#1481 = ADVANCED_FACE ( 'NONE', ( #4012 ), #361, .F. ) ;
#1482 = CARTESIAN_POINT ( 'NONE',  ( 12.27247621356253400, 1.699999999999996600, 25.65000000000310000 ) ) ;
#1483 = EDGE_CURVE ( 'NONE', #613, #1728, #4129, .T. ) ;
#1484 = LINE ( 'NONE', #3004, #4335 ) ;
#1485 = CARTESIAN_POINT ( 'NONE',  ( -13.09992383598424600, 2.870064008725326600E-015, -24.71512599218775100 ) ) ;
#1486 = CARTESIAN_POINT ( 'NONE',  ( -13.00325947667197800, 0.6999999999999885200, 25.02013518796401900 ) ) ;
#1487 = VECTOR ( 'NONE', #3379, 1000.000000000000000 ) ;
#1488 = B_SPLINE_CURVE_WITH_KNOTS ( 'NONE', 3,
 ( #1298, #3947, #1267, #2087, #95, #4376 ),
 .UNSPECIFIED., .F., .F.,
 ( 4, 1, 1, 4 ),
 ( 2.994098903863803100E-011, 0.0003345423056302743500, 0.0006690845813195598900, 0.0007067113028215322300 ),
 .UNSPECIFIED. ) ;
#1489 = CARTESIAN_POINT ( 'NONE',  ( 9.500000000003689500, 23.44999999999999600, 21.49999999999837300 ) ) ;
#1490 = ORIENTED_EDGE ( 'NONE', *, *, #2838, .T. ) ;
#1491 = EDGE_CURVE ( 'NONE', #1740, #995, #1282, .T. ) ;
#1492 = VERTEX_POINT ( 'NONE', #378 ) ;
#1493 = CARTESIAN_POINT ( 'NONE',  ( -12.77609723780303600, 22.03701650797375300, 25.37609723762335900 ) ) ;
#1494 = AXIS2_PLACEMENT_3D ( 'NONE', #507, #3212, #4833 ) ;
#1495 = ORIENTED_EDGE ( 'NONE', *, *, #1960, .T. ) ;
#1496 = DIRECTION ( 'NONE',  ( -1.000000000000000000, -4.336808689942013800E-016, 1.734723475976805600E-013 ) ) ;
#1497 = ORIENTED_EDGE ( 'NONE', *, *, #2608, .F. ) ;
#1498 = CARTESIAN_POINT ( 'NONE',  ( 11.99993905486441300, 1.699999999999996800, 25.67025022559794300 ) ) ;
#1499 = EDGE_CURVE ( 'NONE', #4793, #43, #1591, .T. ) ;
#1500 = EDGE_LOOP ( 'NONE', ( #1982, #2454, #4961, #4110 ) ) ;
#1501 = CARTESIAN_POINT ( 'NONE',  ( 13.07897775806222500, 1.200000000000059200, -9.400000000002243900 ) ) ;
#1503 = VERTEX_POINT ( 'NONE', #2351 ) ;
#1502 = ORIENTED_EDGE ( 'NONE', *, *, #4556, .T. ) ;
#1504 = DIRECTION ( 'NONE',  ( 1.718560196236194400E-013, -2.470955234246180800E-016, 1.000000000000000000 ) ) ;
#1505 = ORIENTED_EDGE ( 'NONE', *, *, #5022, .T. ) ;
#1506 = PLANE ( 'NONE',  #455 ) ;
#1507 = CARTESIAN_POINT ( 'NONE',  ( -10.16000000000392900, 1.699999999971172100, -22.85999999999825100 ) ) ;
#1508 = ADVANCED_FACE ( 'NONE', ( #2472 ), #2949, .T. ) ;
#1509 = DIRECTION ( 'NONE',  ( 0.01744974916068304000, -0.9996954598818875700, 0.01744974916067654900 ) ) ;
#1510 = ORIENTED_EDGE ( 'NONE', *, *, #1824, .F. ) ;
#1511 = CARTESIAN_POINT ( 'NONE',  ( -10.15999999999607100, 0.6999999999999898500, 22.86000000000174400 ) ) ;
#1512 = ORIENTED_EDGE ( 'NONE', *, *, #4251, .F. ) ;
#1513 = CARTESIAN_POINT ( 'NONE',  ( -13.06745506493266600, 0.6999999999999985100, -15.49999999999775300 ) ) ;
#1514 = ORIENTED_EDGE ( 'NONE', *, *, #299, .F. ) ;
#1515 = LINE ( 'NONE', #2822, #315 ) ;
#1516 = ORIENTED_EDGE ( 'NONE', *, *, #4602, .T. ) ;
#1517 = ORIENTED_EDGE ( 'NONE', *, *, #4181, .T. ) ;
#1518 = STYLED_ITEM ( 'NONE', ( #18 ), #4621 ) ;
#1519 = CARTESIAN_POINT ( 'NONE',  ( 12.77609723762551000, 22.03701650797376400, 25.37609723780520500 ) ) ;
#1520 = DIRECTION ( 'NONE',  ( 2.470955234246180800E-016, -1.000000000000000000, -2.470955234246605300E-016 ) ) ;
#1521 = VECTOR ( 'NONE', #3684, 1000.000000000000000 ) ;
#1522 = VERTEX_POINT ( 'NONE', #4333 ) ;
#1523 = CARTESIAN_POINT ( 'NONE',  ( -3.929048670985769000E-012, 1.700000000028018000, -22.85999999999999900 ) ) ;
#1524 = CARTESIAN_POINT ( 'NONE',  ( 12.90461997815566000, 9.429622620738390300E-015, -25.25722511097221800 ) ) ;
#1525 = VECTOR ( 'NONE', #3279, 1000.000000000000000 ) ;
#1526 = DIRECTION ( 'NONE',  ( 0.01744974916067704200, -0.9996954598818875700, -0.01744974916068303700 ) ) ;
#1527 = EDGE_CURVE ( 'NONE', #4917, #3392, #212, .T. ) ;
#1529 = LINE ( 'NONE', #4636, #709 ) ;
#1528 = CARTESIAN_POINT ( 'NONE',  ( -13.07025022559575300, 1.699999999999990600, 24.71201918138224600 ) ) ;
#1530 = CARTESIAN_POINT ( 'NONE',  ( -12.84308418776754700, 1.700000000000003100, -25.25925303153479700 ) ) ;
#1531 = FACE_OUTER_BOUND ( 'NONE', #933, .T. ) ;
#1532 = ORIENTED_EDGE ( 'NONE', *, *, #3687, .T. ) ;
#1533 = LINE ( 'NONE', #211, #1901 ) ;
#1534 = VECTOR ( 'NONE', #5027, 1000.000000000000000 ) ;
#1535 = B_SPLINE_CURVE_WITH_KNOTS ( 'NONE', 3,
 ( #1039, #2627, #4191, #1455, #1475, #1083 ),
 .UNSPECIFIED., .F., .F.,
 ( 4, 1, 1, 4 ),
 ( 0.0000000000000000000, 3.762886887468266500E-005, 0.0003721902370326210700, 0.0007067516051905593800 ),
 .UNSPECIFIED. ) ;
#1536 = ADVANCED_FACE ( 'NONE', ( #3881 ), #3898, .F. ) ;
#1537 = EDGE_CURVE ( 'NONE', #1569, #1126, #4935, .T. ) ;
#1538 = DIRECTION ( 'NONE',  ( -1.000000000000000000, -2.470955234246605300E-016, 1.718560196236194400E-013 ) ) ;
#1539 = FACE_OUTER_BOUND ( 'NONE', #2841, .T. ) ;
#1540 = CARTESIAN_POINT ( 'NONE',  ( -11.99993905485558800, 0.8499999999998781900, 25.68508703079206500 ) ) ;
#1541 = CARTESIAN_POINT ( 'NONE',  ( 10.76000000000392700, 1.699999999999997100, 22.85999999999814800 ) ) ;
#1542 = CARTESIAN_POINT ( 'NONE',  ( -12.46745506493160100, 1.299999999999999600, -9.299999999997858400 ) ) ;
#1543 = CARTESIAN_POINT ( 'NONE',  ( -10.15999999999607100, 1.399973453572561900, 22.86000000000174400 ) ) ;
#1544 = CIRCLE ( 'NONE', #2860, 0.2999999999999999300 ) ;
#1545 = PLANE ( 'NONE',  #287 ) ;
#1546 = CARTESIAN_POINT ( 'NONE',  ( -12.65722511096561600, -9.429619553558230900E-015, 25.50461997816217500 ) ) ;
#1547 = FACE_OUTER_BOUND ( 'NONE', #3100, .T. ) ;
#1548 = CARTESIAN_POINT ( 'NONE',  ( -12.65925303153263200, 1.699999999999990900, 25.44308418776538300 ) ) ;
#1549 = DIRECTION ( 'NONE',  ( 1.718560196236194400E-013, -2.470955234246180800E-016, 1.000000000000000000 ) ) ;
#1550 = CARTESIAN_POINT ( 'NONE',  ( -10.16000000000392900, 1.699999999971172100, -22.85999999999825100 ) ) ;
#1551 = CARTESIAN_POINT ( 'NONE',  ( -12.08770529052735300, 0.6999999999999931800, 15.40000000000207900 ) ) ;
#1552 = FACE_OUTER_BOUND ( 'NONE', #2110, .T. ) ;
#1553 = DIRECTION ( 'NONE',  ( -2.470955234246180800E-016, 1.000000000000000000, 2.470955234246605300E-016 ) ) ;
#1554 = ADVANCED_FACE ( 'NONE', ( #2196 ), #2718, .F. ) ;
#1555 = CARTESIAN_POINT ( 'NONE',  ( -13.59999999999515000, -1.033117673591898700E-014, 24.70022845726656200 ) ) ;
#1556 = ORIENTED_EDGE ( 'NONE', *, *, #2254, .T. ) ;
#1557 = EDGE_CURVE ( 'NONE', #3470, #3992, #4135, .T. ) ;
#1558 = DIRECTION ( 'NONE',  ( 2.470955234246180800E-016, -1.000000000000000000, -2.470955234246605300E-016 ) ) ;
#1559 = ORIENTED_EDGE ( 'NONE', *, *, #3208, .T. ) ;
#1560 = CARTESIAN_POINT ( 'NONE',  ( -10.16000000000392900, 0.7000000000000010700, -22.85999999999825100 ) ) ;
#1561 = EDGE_CURVE ( 'NONE', #4134, #4838, #338, .T. ) ;
#1563 = ORIENTED_EDGE ( 'NONE', *, *, #4047, .F. ) ;
#1562 = ORIENTED_EDGE ( 'NONE', *, *, #4509, .F. ) ;
#1564 = ORIENTED_EDGE ( 'NONE', *, *, #1696, .F. ) ;
#1565 = CARTESIAN_POINT ( 'NONE',  ( 12.84308418776754700, 1.699999999999997100, 25.25925303153479700 ) ) ;
#1566 = DIRECTION ( 'NONE',  ( -1.000000000000000000, -2.168404344971006900E-016, 1.734723475976805600E-013 ) ) ;
#1567 = AXIS2_PLACEMENT_3D ( 'NONE', #17, #3491, #763 ) ;
#1568 = ORIENTED_EDGE ( 'NONE', *, *, #3892, .T. ) ;
#1569 = VERTEX_POINT ( 'NONE', #4034 ) ;
#1570 = DIRECTION ( 'NONE',  ( -2.470955234246180800E-016, 1.000000000000000000, 2.470955234246605300E-016 ) ) ;
#1572 = LINE ( 'NONE', #768, #3996 ) ;
#1571 = CARTESIAN_POINT ( 'NONE',  ( 8.590000000004502900, -4.315212095090976000E-015, 26.19999999999852500 ) ) ;
#1573 = VERTEX_POINT ( 'NONE', #4389 ) ;
#1574 = CARTESIAN_POINT ( 'NONE',  ( 10.66000000000382800, 1.699999999999997300, 22.85999999999816600 ) ) ;
#1575 = CARTESIAN_POINT ( 'NONE',  ( -12.16745506493441000, 1.700000000000003100, -25.67025022559790800 ) ) ;
#1576 = CARTESIAN_POINT ( 'NONE',  ( -11.99993905486441300, 1.700000000000003100, -25.67025022559794000 ) ) ;
#1577 = ORIENTED_EDGE ( 'NONE', *, *, #2407, .T. ) ;
#1578 = VECTOR ( 'NONE', #4170, 1000.000000000000000 ) ;
#1579 = CARTESIAN_POINT ( 'NONE',  ( -13.58778145454635900, 0.6999999999999914100, 21.20000000000233300 ) ) ;
#1580 = CARTESIAN_POINT ( 'NONE',  ( -3.928974535769231400E-012, 1.399973453572675600, -22.85999999999999900 ) ) ;
#1581 = EDGE_CURVE ( 'NONE', #32, #1522, #2422, .T. ) ;
#1582 = VECTOR ( 'NONE', #2093, 1000.000000000000000 ) ;
#1583 = DIRECTION ( 'NONE',  ( -1.000000000000000000, -2.470955234246605300E-016, 1.718560196236194400E-013 ) ) ;
#1584 = ADVANCED_FACE ( 'NONE', ( #345 ), #4415, .T. ) ;
#1585 = CARTESIAN_POINT ( 'NONE',  ( 11.99993905486441800, -3.385204910399639500E-015, 25.69992383597794100 ) ) ;
#1586 = CARTESIAN_POINT ( 'NONE',  ( -12.77729573970012400, 22.87887801640801300, 23.25622705088909100 ) ) ;
#1587 = CYLINDRICAL_SURFACE ( 'NONE', #3155, 0.5999999999999998700 ) ;
#1588 = DIRECTION ( 'NONE',  ( -1.718560196236194400E-013, 2.470955234246180800E-016, -1.000000000000000000 ) ) ;
#1589 = LINE ( 'NONE', #2343, #336 ) ;
#1590 = DIRECTION ( 'NONE',  ( 1.718560196236194400E-013, -2.470955234246180800E-016, 1.000000000000000000 ) ) ;
#1591 = CIRCLE ( 'NONE', #490, 0.5999999999999998700 ) ;
#1592 = CARTESIAN_POINT ( 'NONE',  ( 12.88834994888434000, 1.133333333332997100, 25.24540472096778700 ) ) ;
#1593 = FACE_OUTER_BOUND ( 'NONE', #1065, .T. ) ;
#1594 = ORIENTED_EDGE ( 'NONE', *, *, #1770, .F. ) ;
#1595 = CYLINDRICAL_SURFACE ( 'NONE', #3669, 0.4999999999999987200 ) ;
#1596 = EDGE_CURVE ( 'NONE', #613, #3098, #1026, .T. ) ;
#1597 = CARTESIAN_POINT ( 'NONE',  ( -12.97849523946878100, 1.699999999999990200, 25.08296569297755200 ) ) ;
#1598 = CONICAL_SURFACE ( 'NONE', #590, 0.9000398214160116900, 0.7854202858301186900 ) ;
#1599 = CARTESIAN_POINT ( 'NONE',  ( -3.700711166708297300E-012, 23.50000000000000700, -21.49999999999999600 ) ) ;
#1600 = AXIS2_PLACEMENT_3D ( 'NONE', #2283, #3041, #5028 ) ;
#1601 = ORIENTED_EDGE ( 'NONE', *, *, #487, .F. ) ;
#1602 = EDGE_CURVE ( 'NONE', #194, #3865, #1963, .T. ) ;
#1603 = DIRECTION ( 'NONE',  ( -1.000000000000000000, 0.0000000000000000000, 1.734723475976805600E-013 ) ) ;
#1604 = CARTESIAN_POINT ( 'NONE',  ( -13.08770529053264700, 0.7000000000000005100, -15.39999999999775000 ) ) ;
#1605 = EDGE_CURVE ( 'NONE', #934, #3933, #5069, .T. ) ;
#1606 = CARTESIAN_POINT ( 'NONE',  ( 11.99993905485558800, 1.700000000000009500, -25.67025022560206400 ) ) ;
#1608 = ADVANCED_FACE ( 'NONE', ( #4386 ), #3575, .F. ) ;
#1607 = FACE_OUTER_BOUND ( 'NONE', #5050, .T. ) ;
#1609 = CARTESIAN_POINT ( 'NONE',  ( 12.46745506492733700, 1.700000000000006800, -15.50000000000214200 ) ) ;
#1610 = DIRECTION ( 'NONE',  ( -2.470955234246180800E-016, 1.000000000000000000, 2.470955234246605300E-016 ) ) ;
#1611 = ORIENTED_EDGE ( 'NONE', *, *, #1605, .T. ) ;
#1612 = AXIS2_PLACEMENT_3D ( 'NONE', #4996, #2661, #3877 ) ;
#1613 = VECTOR ( 'NONE', #3000, 1000.000000000000100 ) ;
#1614 = SURFACE_STYLE_USAGE ( .BOTH. , #3930 ) ;
#1615 = CARTESIAN_POINT ( 'NONE',  ( -2.000003976631285100E-006, -5.999999999999993800, -22.85999999999970100 ) ) ;
#1616 = PLANE ( 'NONE',  #3036 ) ;
#1617 = CARTESIAN_POINT ( 'NONE',  ( -10.15999999999607100, 0.7000000000000015100, 22.86000000000174400 ) ) ;
#1618 = ORIENTED_EDGE ( 'NONE', *, *, #5024, .T. ) ;
#1619 = EDGE_LOOP ( 'NONE', ( #2160, #236, #4675, #4899, #806, #816, #38, #4237 ) ) ;
#1620 = CARTESIAN_POINT ( 'NONE',  ( 13.05000000000471000, 1.699999999999996400, 27.40976292091776000 ) ) ;
#1621 = DIRECTION ( 'NONE',  ( 1.000000000000000000, 2.470955234246605300E-016, -1.718560196236194400E-013 ) ) ;
#1622 = CARTESIAN_POINT ( 'NONE',  ( -0.6000000000039289500, 1.700000000000005300, -22.85999999999989300 ) ) ;
#1623 = ORIENTED_EDGE ( 'NONE', *, *, #22, .F. ) ;
#1624 = EDGE_CURVE ( 'NONE', #4305, #3158, #1916, .T. ) ;
#1625 = CARTESIAN_POINT ( 'NONE',  ( -2.000003980637197800E-006, 10.21200000000000500, -22.85999999999969700 ) ) ;
#1626 = VERTEX_POINT ( 'NONE', #915 ) ;
#1627 = EDGE_CURVE ( 'NONE', #3333, #496, #3498, .T. ) ;
#1628 = CARTESIAN_POINT ( 'NONE',  ( -11.86745506492733800, 1.699999999999993100, 15.50000000000203900 ) ) ;
#1630 = VERTEX_POINT ( 'NONE', #1291 ) ;
#1629 = VERTEX_POINT ( 'NONE', #3226 ) ;
#1631 = VERTEX_POINT ( 'NONE', #1725 ) ;
#1632 = CARTESIAN_POINT ( 'NONE',  ( 12.30714819870733800, 0.7000000000000072800, -25.64582323908219100 ) ) ;
#1633 = EDGE_CURVE ( 'NONE', #1372, #1199, #4392, .T. ) ;
#1635 = ORIENTED_EDGE ( 'NONE', *, *, #203, .F. ) ;
#1634 = ORIENTED_EDGE ( 'NONE', *, *, #4343, .F. ) ;
#1636 = ADVANCED_FACE ( 'NONE', ( #1834 ), #3316, .T. ) ;
#1637 = VERTEX_POINT ( 'NONE', #483 ) ;
#1638 = DIRECTION ( 'NONE',  ( -1.000000000000000000, 0.0000000000000000000, 1.850371707708594600E-013 ) ) ;
#1639 = DIRECTION ( 'NONE',  ( -2.470955234246180800E-016, 1.000000000000000000, 2.470955234246605300E-016 ) ) ;
#1640 = AXIS2_PLACEMENT_3D ( 'NONE', #2891, #1388, #563 ) ;
#1641 = VECTOR ( 'NONE', #4318, 1000.000000000000000 ) ;
#1642 = CARTESIAN_POINT ( 'NONE',  ( -13.12048245006897900, 22.90473760965712600, 25.00141976888241800 ) ) ;
#1643 = ORIENTED_EDGE ( 'NONE', *, *, #1213, .T. ) ;
#1644 = ORIENTED_EDGE ( 'NONE', *, *, #2417, .T. ) ;
#1645 = EDGE_LOOP ( 'NONE', ( #668, #5120, #3095, #2688 ) ) ;
#1646 = CARTESIAN_POINT ( 'NONE',  ( -3.643520582887129700E-012, 0.7000000000000051700, -21.19999999999999900 ) ) ;
#1647 = CIRCLE ( 'NONE', #964, 1.499999999999999800 ) ;
#1648 = CARTESIAN_POINT ( 'NONE',  ( 13.06745506493266400, 0.6999999999999974000, 15.49999999999775300 ) ) ;
#1649 = ORIENTED_EDGE ( 'NONE', *, *, #2542, .T. ) ;
#1650 = CARTESIAN_POINT ( 'NONE',  ( -13.05000000000159900, 1.699999999999999100, -9.299999999997750100 ) ) ;
#1651 = ORIENTED_EDGE ( 'NONE', *, *, #1112, .F. ) ;
#1652 = AXIS2_PLACEMENT_3D ( 'NONE', #2533, #3294, #3753 ) ;
#1654 = CIRCLE ( 'NONE', #535, 0.2999999999999999300 ) ;
#1653 = DIRECTION ( 'NONE',  ( 0.01745240643727956000, 0.9998476951563912700, -2.752243213584931600E-015 ) ) ;
#1655 = DIRECTION ( 'NONE',  ( 1.718560196236194400E-013, -2.470955234246180800E-016, 1.000000000000000000 ) ) ;
#1656 = EDGE_CURVE ( 'NONE', #3593, #177, #3308, .T. ) ;
#1657 = CIRCLE ( 'NONE', #1898, 0.5999999999999998700 ) ;
#1658 = ORIENTED_EDGE ( 'NONE', *, *, #233, .T. ) ;
#1659 = CARTESIAN_POINT ( 'NONE',  ( -11.71576007951632000, 22.00000000000406800, -24.31576007951012000 ) ) ;
#1660 = DIRECTION ( 'NONE',  ( -1.000000000000000000, -2.470955234246605300E-016, 1.718560196236194400E-013 ) ) ;
#1661 = FACE_BOUND ( 'NONE', #4140, .T. ) ;
#1662 = ORIENTED_EDGE ( 'NONE', *, *, #2360, .F. ) ;
#1663 = DIRECTION ( 'NONE',  ( -1.000000000000000000, 0.0000000000000000000, 1.734723475976807100E-013 ) ) ;
#1664 = LINE ( 'NONE', #4688, #588 ) ;
#1665 = FACE_OUTER_BOUND ( 'NONE', #2690, .T. ) ;
#1666 = FILL_AREA_STYLE ('',( #16 ) ) ;
#1667 = DIRECTION ( 'NONE',  ( 3.246358992744107000E-015, -0.9998476951563912700, 0.01745240643727956000 ) ) ;
#1668 = DIRECTION ( 'NONE',  ( 2.470955234246180800E-016, -1.000000000000000000, -2.470955234246605300E-016 ) ) ;
#1669 = ADVANCED_FACE ( 'NONE', ( #1288 ), #2440, .T. ) ;
#1670 = EDGE_CURVE ( 'NONE', #1183, #5098, #643, .T. ) ;
#1671 = CARTESIAN_POINT ( 'NONE',  ( 13.09992383598000000, 3.236932537074665000E-015, -2.251300767824098700E-012 ) ) ;
#1672 = AXIS2_PLACEMENT_3D ( 'NONE', #1993, #1174, #1590 ) ;
#1673 = ORIENTED_EDGE ( 'NONE', *, *, #2473, .F. ) ;
#1674 = FACE_OUTER_BOUND ( 'NONE', #1050, .T. ) ;
#1675 = CARTESIAN_POINT ( 'NONE',  ( -9.500000000003700200, 23.45000000000000300, -21.49999999999836200 ) ) ;
#1676 = EDGE_CURVE ( 'NONE', #1199, #1522, #4689, .T. ) ;
#1677 = CARTESIAN_POINT ( 'NONE',  ( -11.71576007951418300, 22.00000000000000400, -24.31576007950798200 ) ) ;
#1678 = CARTESIAN_POINT ( 'NONE',  ( 12.33616235112559800, 1.699999999999732800, -25.63475554019212100 ) ) ;
#1679 = VECTOR ( 'NONE', #3555, 1000.000000000000000 ) ;
#1680 = CARTESIAN_POINT ( 'NONE',  ( 12.42013518795323000, 0.7000000000000070600, -25.60325947668015400 ) ) ;
#1681 = ORIENTED_EDGE ( 'NONE', *, *, #1957, .F. ) ;
#1682 = VECTOR ( 'NONE', #1817, 1000.000000000000000 ) ;
#1683 = DIRECTION ( 'NONE',  ( 1.718560196236194400E-013, -2.470955234246180800E-016, 1.000000000000000000 ) ) ;
#1684 = CARTESIAN_POINT ( 'NONE',  ( 11.99993905485558600, 0.8499999999998968400, -25.68508703079206500 ) ) ;
#1685 = DIRECTION ( 'NONE',  ( 2.470955234246180800E-016, -1.000000000000000000, -2.470955234246605300E-016 ) ) ;
#1686 = STYLED_ITEM ( 'NONE', ( #2777 ), #4839 ) ;
#1687 = ORIENTED_EDGE ( 'NONE', *, *, #612, .T. ) ;
#1688 = ORIENTED_EDGE ( 'NONE', *, *, #2852, .T. ) ;
#1689 = CARTESIAN_POINT ( 'NONE',  ( 12.46745506493266500, 1.399999999999999000, 15.49999999999785800 ) ) ;
#1690 = CARTESIAN_POINT ( 'NONE',  ( 13.38985562703495100, 22.03701650787124700, -24.76233884828740600 ) ) ;
#1692 = ORIENTED_EDGE ( 'NONE', *, *, #4879, .F. ) ;
#1691 = ORIENTED_EDGE ( 'NONE', *, *, #1824, .T. ) ;
#1693 = VERTEX_POINT ( 'NONE', #548 ) ;
#1694 = DIRECTION ( 'NONE',  ( -1.000000000000000000, -2.470955234246605300E-016, 1.718560196236194400E-013 ) ) ;
#1695 = CARTESIAN_POINT ( 'NONE',  ( 13.06745506492766800, 0.7000000000000182700, -24.66760736977442600 ) ) ;
#1696 = EDGE_CURVE ( 'NONE', #1030, #3156, #526, .T. ) ;
#1697 = DIRECTION ( 'NONE',  ( -1.000000000000000000, -2.470955234246605300E-016, 1.718560196236194400E-013 ) ) ;
#1698 = ORIENTED_EDGE ( 'NONE', *, *, #1858, .T. ) ;
#1699 = ORIENTED_EDGE ( 'NONE', *, *, #3969, .F. ) ;
#1700 = CYLINDRICAL_SURFACE ( 'NONE', #4701, 0.5000000000000004400 ) ;
#1701 = AXIS2_PLACEMENT_3D ( 'NONE', #1580, #1685, #1719 ) ;
#1702 = CARTESIAN_POINT ( 'NONE',  ( 1.598088015633263600E-012, 0.6999999999999956300, 9.300000000000000700 ) ) ;
#1703 = ORIENTED_EDGE ( 'NONE', *, *, #795, .F. ) ;
#1704 = DIRECTION ( 'NONE',  ( 1.718255327079238600E-013, 0.01745240643727956300, 0.9998476951563913800 ) ) ;
#1705 = EDGE_CURVE ( 'NONE', #3792, #2391, #3018, .T. ) ;
#1706 = EDGE_LOOP ( 'NONE', ( #1437, #1756, #549, #4048 ) ) ;
#1707 = EDGE_CURVE ( 'NONE', #2057, #4431, #1407, .T. ) ;
#1708 = CARTESIAN_POINT ( 'NONE',  ( -11.99993905486441300, 1.700000000000003100, -25.67025022559794000 ) ) ;
#1709 = CARTESIAN_POINT ( 'NONE',  ( -12.10022845665262800, -1.720179998259091100E-015, -26.19999999999702200 ) ) ;
#1710 = AXIS2_PLACEMENT_3D ( 'NONE', #4578, #3770, #4153 ) ;
#1711 = CARTESIAN_POINT ( 'NONE',  ( 12.77609723780302400, 22.03701650797377800, -25.37609723762334800 ) ) ;
#1712 = VECTOR ( 'NONE', #3196, 1000.000000000000000 ) ;
#1713 = DIRECTION ( 'NONE',  ( 2.470955234246180800E-016, -1.000000000000000000, -2.470955234246605300E-016 ) ) ;
#1714 = LINE ( 'NONE', #3249, #205 ) ;
#1715 = ORIENTED_EDGE ( 'NONE', *, *, #1313, .F. ) ;
#1716 = FACE_OUTER_BOUND ( 'NONE', #4119, .T. ) ;
#1717 = LINE ( 'NONE', #2632, #5065 ) ;
#1718 = CARTESIAN_POINT ( 'NONE',  ( 2.663595337299704200E-012, 0.6999999999999941800, 15.50000000000000000 ) ) ;
#1719 = DIRECTION ( 'NONE',  ( 1.000000000000000000, 3.614007241618348300E-016, -1.676899360110913600E-013 ) ) ;
#1720 = LINE ( 'NONE', #4325, #3629 ) ;
#1721 = VECTOR ( 'NONE', #1343, 1000.000000000000000 ) ;
#1722 = CARTESIAN_POINT ( 'NONE',  ( 12.15346645185677800, 22.54531576087186600, 25.98098323049896400 ) ) ;
#1723 = EDGE_CURVE ( 'NONE', #3938, #4979, #2657, .T. ) ;
#1724 = PLANE ( 'NONE',  #2532 ) ;
#1725 = CARTESIAN_POINT ( 'NONE',  ( 10.66000000000383000, 0.7000000000000066200, 22.85999999999816600 ) ) ;
#1726 = CARTESIAN_POINT ( 'NONE',  ( -0.5000020000039766500, -5.999999999999993800, -22.85999999999961200 ) ) ;
#1727 = EDGE_CURVE ( 'NONE', #5098, #365, #4886, .T. ) ;
#1728 = VERTEX_POINT ( 'NONE', #2530 ) ;
#1729 = EDGE_CURVE ( 'NONE', #3679, #3925, #962, .T. ) ;
#1730 = DIRECTION ( 'NONE',  ( -1.000000000000000000, -2.470955234246605300E-016, 1.718560196236194400E-013 ) ) ;
#1731 = AXIS2_PLACEMENT_3D ( 'NONE', #1677, #4004, #2425 ) ;
#1732 = DIRECTION ( 'NONE',  ( 1.718560196236194400E-013, -2.470955234246180800E-016, 1.000000000000000000 ) ) ;
#1733 = ADVANCED_FACE ( 'NONE', ( #2724 ), #1074, .F. ) ;
#1734 =( NAMED_UNIT ( * ) PLANE_ANGLE_UNIT ( ) SI_UNIT ( $, .RADIAN. ) );
#1735 = VECTOR ( 'NONE', #2482, 1000.000000000000000 ) ;
#1736 = CARTESIAN_POINT ( 'NONE',  ( -12.89648496352434200, 0.5666666666667031800, -25.25131491596778200 ) ) ;
#1737 = AXIS2_PLACEMENT_3D ( 'NONE', #187, #223, #3688 ) ;
#1738 = DIRECTION ( 'NONE',  ( -2.470955234246180800E-016, 1.000000000000000000, 2.470955234246605300E-016 ) ) ;
#1739 = CARTESIAN_POINT ( 'NONE',  ( -13.05000000000471200, 1.700000000000003300, -27.40976292091776000 ) ) ;
#1740 = VERTEX_POINT ( 'NONE', #4179 ) ;
#1741 = ORIENTED_EDGE ( 'NONE', *, *, #1428, .F. ) ;
#1742 = ORIENTED_EDGE ( 'NONE', *, *, #4752, .T. ) ;
#1743 = EDGE_CURVE ( 'NONE', #1503, #4286, #2899, .T. ) ;
#1744 = DIRECTION ( 'NONE',  ( 1.718560196236194400E-013, -2.470955234246180800E-016, 1.000000000000000000 ) ) ;
#1746 = ORIENTED_EDGE ( 'NONE', *, *, #3027, .T. ) ;
#1745 = VERTEX_POINT ( 'NONE', #162 ) ;
#1747 = ORIENTED_EDGE ( 'NONE', *, *, #416, .T. ) ;
#1748 = DIRECTION ( 'NONE',  ( -1.000000000000000000, -2.470955234246605300E-016, 1.718560196236194400E-013 ) ) ;
#1749 = ORIENTED_EDGE ( 'NONE', *, *, #4947, .F. ) ;
#1750 = PRODUCT_RELATED_PRODUCT_CATEGORY ( 'part', '', ( #1436 ) ) ;
#1751 = ORIENTED_EDGE ( 'NONE', *, *, #2507, .T. ) ;
#1752 = EDGE_LOOP ( 'NONE', ( #1023, #809 ) ) ;
#1753 = CARTESIAN_POINT ( 'NONE',  ( 11.08467416192827800, 23.49993545759131700, 24.92716743318251100 ) ) ;
#1754 = CARTESIAN_POINT ( 'NONE',  ( -13.04431877586428700, 1.133333333333002900, -24.93926918055775800 ) ) ;
#1755 = ORIENTED_EDGE ( 'NONE', *, *, #1855, .F. ) ;
#1756 = ORIENTED_EDGE ( 'NONE', *, *, #385, .T. ) ;
#1757 = LINE ( 'NONE', #726, #3611 ) ;
#1758 = CARTESIAN_POINT ( 'NONE',  ( -3.643347616020732400E-012, 5.238425096601903100E-015, -21.19999999999999900 ) ) ;
#1759 = EDGE_CURVE ( 'NONE', #585, #510, #3822, .T. ) ;
#1760 = DIRECTION ( 'NONE',  ( -0.01744974916068254400, -0.9996954598818875700, -0.01744974916067704200 ) ) ;
#1761 = ORIENTED_EDGE ( 'NONE', *, *, #1887, .T. ) ;
#1763 = ORIENTED_EDGE ( 'NONE', *, *, #1329, .T. ) ;
#1762 = ORIENTED_EDGE ( 'NONE', *, *, #357, .T. ) ;
#1764 = CARTESIAN_POINT ( 'NONE',  ( 12.97849523946963000, 1.700000000000009500, -25.08296569297644800 ) ) ;
#1765 = AXIS2_PLACEMENT_3D ( 'NONE', #1919, #3818, #3052 ) ;
#1767 = LINE ( 'NONE', #201, #698 ) ;
#1766 = DIRECTION ( 'NONE',  ( -1.723158652803626800E-013, 0.0000000000000000000, -1.000000000000000000 ) ) ;
#1768 = ORIENTED_EDGE ( 'NONE', *, *, #1429, .T. ) ;
#1769 = CARTESIAN_POINT ( 'NONE',  ( 13.05000000000471000, 1.699999999999996400, 27.40976292091776000 ) ) ;
#1770 = EDGE_CURVE ( 'NONE', #3392, #4064, #4760, .T. ) ;
#1771 = CIRCLE ( 'NONE', #4190, 0.5999999999999998700 ) ;
#1772 = ORIENTED_EDGE ( 'NONE', *, *, #981, .F. ) ;
#1773 = DIRECTION ( 'NONE',  ( 1.000000000000000000, 2.470955234246605300E-016, -1.718560196236194400E-013 ) ) ;
#1774 = CARTESIAN_POINT ( 'NONE',  ( -10.16000000000392800, -7.414213562373091400, -22.85999999999796000 ) ) ;
#1775 = DIRECTION ( 'NONE',  ( 2.470955234246180800E-016, -1.000000000000000000, -2.470955234246605300E-016 ) ) ;
#1776 = FACE_OUTER_BOUND ( 'NONE', #2990, .T. ) ;
#1777 = ORIENTED_EDGE ( 'NONE', *, *, #80, .T. ) ;
#1778 = CARTESIAN_POINT ( 'NONE',  ( -10.16000000000392900, 1.700000000000003100, -22.85999999999795700 ) ) ;
#1779 = CIRCLE ( 'NONE', #4426, 0.4999999999999987200 ) ;
#1780 = VECTOR ( 'NONE', #4624, 1000.000000000000100 ) ;
#1781 = MECHANICAL_DESIGN_GEOMETRIC_PRESENTATION_REPRESENTATION (  '', ( #1686 ), #1318 ) ;
#1782 = CARTESIAN_POINT ( 'NONE',  ( 10.16000000000383000, 0.7000000000000065100, 22.85999999999825100 ) ) ;
#1783 = COLOUR_RGB ( '',0.7921568627450980000, 0.8196078431372548800, 0.9333333333333333500 ) ;
#1784 = VERTEX_POINT ( 'NONE', #4850 ) ;
#1785 = CARTESIAN_POINT ( 'NONE',  ( 13.09992383597838600, 5.559630457266073100E-015, -9.400000000002245700 ) ) ;
#1786 = EDGE_LOOP ( 'NONE', ( #999, #1879, #2876, #5104 ) ) ;
#1787 = ADVANCED_FACE ( 'NONE', ( #4189 ), #968, .T. ) ;
#1788 = CARTESIAN_POINT ( 'NONE',  ( 9.500000000003689500, 23.49999999999999600, 21.49999999999837300 ) ) ;
#1789 = CARTESIAN_POINT ( 'NONE',  ( -12.11512599219441800, 3.356742733828399700E-015, -25.69992383597792300 ) ) ;
#1790 = EDGE_CURVE ( 'NONE', #4408, #3110, #5010, .T. ) ;
#1791 = FACE_OUTER_BOUND ( 'NONE', #1250, .T. ) ;
#1792 = CARTESIAN_POINT ( 'NONE',  ( -9.500000000000005300, 23.49999999999999600, 1.638438931224864100E-012 ) ) ;
#1793 = CARTESIAN_POINT ( 'NONE',  ( 12.24208138431581700, 22.00000000000001100, -24.31576007951209600 ) ) ;
#1794 = AXIS2_PLACEMENT_3D ( 'NONE', #881, #1775, #2150 ) ;
#1795 = PRESENTATION_STYLE_ASSIGNMENT (( #1614 ) ) ;
#1796 = EDGE_CURVE ( 'NONE', #3792, #618, #2600, .T. ) ;
#1797 = DIRECTION ( 'NONE',  ( -0.01744974916067654500, -0.9996954598818875700, 0.01744974916068254400 ) ) ;
#1798 = DIRECTION ( 'NONE',  ( -1.000000000000000000, -2.470955234246605300E-016, 1.718560196236194400E-013 ) ) ;
#1799 = AXIS2_PLACEMENT_3D ( 'NONE', #2569, #3400, #4929 ) ;
#1800 = ORIENTED_EDGE ( 'NONE', *, *, #1705, .F. ) ;
#1801 = CARTESIAN_POINT ( 'NONE',  ( 13.05000000000471000, 1.699999999999996400, 27.40976292091776000 ) ) ;
#1802 = CARTESIAN_POINT ( 'NONE',  ( -11.71576007889923500, 23.50000000000000400, -24.31576007950798200 ) ) ;
#1803 = ORIENTED_EDGE ( 'NONE', *, *, #721, .F. ) ;
#1804 = ORIENTED_EDGE ( 'NONE', *, *, #3937, .F. ) ;
#1805 = CARTESIAN_POINT ( 'NONE',  ( 13.38098323046508400, 22.54531576088209000, 24.75346645210547400 ) ) ;
#1806 = CARTESIAN_POINT ( 'NONE',  ( 9.660000000003828200, 0.7000000000000063900, 22.85999999999834000 ) ) ;
#1807 = DIRECTION ( 'NONE',  ( 1.723158652803626800E-013, 0.0000000000000000000, 1.000000000000000000 ) ) ;
#1809 = ORIENTED_EDGE ( 'NONE', *, *, #2755, .T. ) ;
#1808 = VERTEX_POINT ( 'NONE', #584 ) ;
#1810 = ORIENTED_EDGE ( 'NONE', *, *, #3273, .T. ) ;
#1811 = DIRECTION ( 'NONE',  ( -1.000000000000000000, 2.312964634635743400E-015, 1.711593829630450300E-013 ) ) ;
#1812 = ORIENTED_EDGE ( 'NONE', *, *, #2852, .F. ) ;
#1813 = FILL_AREA_STYLE ('',( #2905 ) ) ;
#1814 = ORIENTED_EDGE ( 'NONE', *, *, #1696, .T. ) ;
#1815 = ORIENTED_EDGE ( 'NONE', *, *, #186, .T. ) ;
#1816 = ADVANCED_FACE ( 'NONE', ( #1091 ), #3442, .T. ) ;
#1817 = DIRECTION ( 'NONE',  ( -2.470955234246180800E-016, 1.000000000000000000, 2.470955234246605300E-016 ) ) ;
#1818 = ORIENTED_EDGE ( 'NONE', *, *, #2955, .T. ) ;
#1819 = DIRECTION ( 'NONE',  ( 2.470955234246180800E-016, -1.000000000000000000, -2.470955234246605300E-016 ) ) ;
#1820 = CARTESIAN_POINT ( 'NONE',  ( 12.33926918055559300, 1.133333333333009600, -25.64431877586212100 ) ) ;
#1821 = FACE_OUTER_BOUND ( 'NONE', #3798, .T. ) ;
#1822 = VERTEX_POINT ( 'NONE', #145 ) ;
#1823 = AXIS2_PLACEMENT_3D ( 'NONE', #608, #577, #1418 ) ;
#1824 = EDGE_CURVE ( 'NONE', #2976, #3607, #3630, .T. ) ;
#1825 = DIRECTION ( 'NONE',  ( -1.000000000000000000, -2.470955234246605300E-016, 1.718560196236194400E-013 ) ) ;
#1826 = FACE_OUTER_BOUND ( 'NONE', #1752, .T. ) ;
#1827 = DIRECTION ( 'NONE',  ( -0.01744974916067654500, -0.9996954598818875700, 0.01744974916068254400 ) ) ;
#1828 = AXIS2_PLACEMENT_3D ( 'NONE', #3562, #4781, #1667 ) ;
#1829 = CARTESIAN_POINT ( 'NONE',  ( -13.06344524720428900, 2.935997850451984100E-015, -24.94548283940775600 ) ) ;
#1830 = CYLINDRICAL_SURFACE ( 'NONE', #2906, 0.5000000000000004400 ) ;
#1831 = CARTESIAN_POINT ( 'NONE',  ( 13.00325947668227000, 0.6999999999999941800, 25.02013518795555300 ) ) ;
#1832 = CARTESIAN_POINT ( 'NONE',  ( 13.09992383598364400, -2.001492559527242400E-015, 21.19999999999776500 ) ) ;
#1833 = CARTESIAN_POINT ( 'NONE',  ( 9.259960178614454300, 1.699999999971165700, 22.85999999999840800 ) ) ;
#1834 = FACE_OUTER_BOUND ( 'NONE', #4405, .T. ) ;
#1835 = CYLINDRICAL_SURFACE ( 'NONE', #2843, 0.5000000000000000000 ) ;
#1836 = ORIENTED_EDGE ( 'NONE', *, *, #951, .T. ) ;
#1837 = AXIS2_PLACEMENT_3D ( 'NONE', #4973, #3315, #2182 ) ;
#1838 = CARTESIAN_POINT ( 'NONE',  ( -12.46745506492840300, 1.299999999999994700, 9.300000000002143000 ) ) ;
#1839 = CARTESIAN_POINT ( 'NONE',  ( 12.90461997815566000, 9.429621087148316100E-015, -25.25722511097221800 ) ) ;
#1840 = LINE ( 'NONE', #1290, #3692 ) ;
#1841 = VERTEX_POINT ( 'NONE', #3700 ) ;
#1842 = FACE_OUTER_BOUND ( 'NONE', #3049, .T. ) ;
#1843 = VECTOR ( 'NONE', #4891, 1000.000000000000000 ) ;
#1844 = ADVANCED_FACE ( 'NONE', ( #842 ), #2481, .T. ) ;
#1845 = EDGE_CURVE ( 'NONE', #4293, #2701, #2780, .T. ) ;
#1846 = VERTEX_POINT ( 'NONE', #1896 ) ;
#1847 = AXIS2_PLACEMENT_3D ( 'NONE', #4307, #2311, #5094 ) ;
#1848 = DIRECTION ( 'NONE',  ( -0.01745240643847641200, -0.9998476951563704000, 2.752243213790622700E-015 ) ) ;
#1849 = DIRECTION ( 'NONE',  ( 1.718560196236194400E-013, -2.470955234246180800E-016, 1.000000000000000000 ) ) ;
#1850 = ORIENTED_EDGE ( 'NONE', *, *, #4857, .T. ) ;
#1851 = DIRECTION ( 'NONE',  ( 0.01744974916068304000, -0.9996954598818875700, 0.01744974916067654900 ) ) ;
#1852 = LINE ( 'NONE', #3600, #1679 ) ;
#1853 = CARTESIAN_POINT ( 'NONE',  ( 12.46745506492733700, 1.400000000000007000, -15.50000000000214200 ) ) ;
#1854 = CARTESIAN_POINT ( 'NONE',  ( 13.09992383597575300, 9.343929530620236000E-015, -24.71512599219225200 ) ) ;
#1855 = EDGE_CURVE ( 'NONE', #4366, #2551, #1220, .T. ) ;
#1856 = LINE ( 'NONE', #3813, #1613 ) ;
#1857 = CARTESIAN_POINT ( 'NONE',  ( 13.04999999999733600, 1.700000000000007100, -15.50000000000225600 ) ) ;
#1858 = EDGE_CURVE ( 'NONE', #3784, #1629, #2367, .T. ) ;
#1859 = CARTESIAN_POINT ( 'NONE',  ( 12.16745506492840100, 1.400000000000005500, -9.300000000002093300 ) ) ;
#1860 = EDGE_CURVE ( 'NONE', #1631, #1052, #4697, .T. ) ;
#1861 = LINE ( 'NONE', #2614, #2916 ) ;
#1862 = CARTESIAN_POINT ( 'NONE',  ( -2.000003978533921000E-006, 1.700000000000005700, -22.85999999999970100 ) ) ;
#1863 = ORIENTED_EDGE ( 'NONE', *, *, #2636, .F. ) ;
#1864 = DIRECTION ( 'NONE',  ( -2.470955234246180800E-016, 1.000000000000000000, 2.470955234246605300E-016 ) ) ;
#1865 = AXIS2_PLACEMENT_3D ( 'NONE', #1625, #499, #2012 ) ;
#1866 = ADVANCED_FACE ( 'NONE', ( #1665 ), #1598, .F. ) ;
#1867 = DIRECTION ( 'NONE',  ( 1.000000000000000000, 2.409231562176341200E-016, -1.696099019772144400E-013 ) ) ;
#1868 = EDGE_LOOP ( 'NONE', ( #1470, #1136 ) ) ;
#1869 = ORIENTED_EDGE ( 'NONE', *, *, #104, .T. ) ;
#1870 = ORIENTED_EDGE ( 'NONE', *, *, #477, .F. ) ;
#1871 = DIRECTION ( 'NONE',  ( -1.000000000000000000, -2.470955234246605300E-016, 1.718560196236194400E-013 ) ) ;
#1872 = CARTESIAN_POINT ( 'NONE',  ( 12.64540472096561900, 1.133333333333009600, -25.48834994888217100 ) ) ;
#1873 = ORIENTED_EDGE ( 'NONE', *, *, #2593, .T. ) ;
#1874 = DIRECTION ( 'NONE',  ( 2.470955234246180800E-016, -1.000000000000000000, -2.470955234246605300E-016 ) ) ;
#1875 = ORIENTED_EDGE ( 'NONE', *, *, #1462, .T. ) ;
#1876 = CARTESIAN_POINT ( 'NONE',  ( -11.70394395723600700, 23.50798738046680500, 25.53536159833760200 ) ) ;
#1877 = CARTESIAN_POINT ( 'NONE',  ( 13.09992383597577300, 9.315467354049000900E-015, -24.59993905486225100 ) ) ;
#1878 = VERTEX_POINT ( 'NONE', #4248 ) ;
#1879 = ORIENTED_EDGE ( 'NONE', *, *, #3152, .T. ) ;
#1881 = VECTOR ( 'NONE', #4560, 1000.000000000000000 ) ;
#1880 = CARTESIAN_POINT ( 'NONE',  ( 13.07897775806315000, 1.200000000000027900, 9.399999999997753300 ) ) ;
#1882 = ORIENTED_EDGE ( 'NONE', *, *, #1393, .F. ) ;
#1883 = DIRECTION ( 'NONE',  ( -1.000000000000000000, -4.336808689942013800E-016, 1.734723475976805600E-013 ) ) ;
#1884 = CARTESIAN_POINT ( 'NONE',  ( 10.16000000000383200, -6.000000000000003600, 22.85999999999825100 ) ) ;
#1885 = ORIENTED_EDGE ( 'NONE', *, *, #425, .T. ) ;
#1886 = LINE ( 'NONE', #2508, #4495 ) ;
#1887 = EDGE_CURVE ( 'NONE', #1573, #411, #3890, .T. ) ;
#1888 = CARTESIAN_POINT ( 'NONE',  ( 11.99993905485560000, 9.261257245424684700E-015, -25.69992383598206600 ) ) ;
#1889 = B_SPLINE_CURVE_WITH_KNOTS ( 'NONE', 3,
 ( #1530, #1459, #3913, #1939, #2671, #4515 ),
 .UNSPECIFIED., .F., .F.,
 ( 4, 1, 1, 4 ),
 ( 0.0000000000000000000, 3.762886887468386400E-005, 0.0003721902370325841500, 0.0007067516051904845700 ),
 .UNSPECIFIED. ) ;
#1890 = CARTESIAN_POINT ( 'NONE',  ( -13.07025022559577100, 1.699999999999990600, 24.59993905486224400 ) ) ;
#1891 = EDGE_CURVE ( 'NONE', #3925, #3296, #589, .T. ) ;
#1892 = VECTOR ( 'NONE', #1099, 1000.000000000000000 ) ;
#1893 = DIRECTION ( 'NONE',  ( -0.01744974916068254400, -0.9996954598818875700, -0.01744974916067704200 ) ) ;
#1894 = EDGE_CURVE ( 'NONE', #1030, #2175, #339, .T. ) ;
#1895 = CARTESIAN_POINT ( 'NONE',  ( -10.15999999999607100, 0.6999999999999898500, 22.86000000000174400 ) ) ;
#1896 = CARTESIAN_POINT ( 'NONE',  ( 13.05000000000266300, 1.699999999999999300, 15.49999999999775100 ) ) ;
#1897 = VECTOR ( 'NONE', #2489, 1000.000000000000000 ) ;
#1898 = AXIS2_PLACEMENT_3D ( 'NONE', #1918, #3891, #2276 ) ;
#1899 = LINE ( 'NONE', #3894, #268 ) ;
#1900 = CARTESIAN_POINT ( 'NONE',  ( 10.16000000000392800, 1.699999999999996800, 22.85999999999825100 ) ) ;
#1901 = VECTOR ( 'NONE', #3422, 1000.000000000000000 ) ;
#1902 = PLANE ( 'NONE',  #3457 ) ;
#1903 = VECTOR ( 'NONE', #4086, 1000.000000000000000 ) ;
#1904 = VERTEX_POINT ( 'NONE', #3061 ) ;
#1905 = CARTESIAN_POINT ( 'NONE',  ( -12.88834994887566200, 1.133333333332990700, 25.24540472097221400 ) ) ;
#1906 = CARTESIAN_POINT ( 'NONE',  ( 12.46745506493159900, 1.400000000000000600, 9.299999999997860200 ) ) ;
#1907 = CARTESIAN_POINT ( 'NONE',  ( 10.16000000000392900, 0.6999999999999947400, 22.85999999999825100 ) ) ;
#1908 = ORIENTED_EDGE ( 'NONE', *, *, #3022, .T. ) ;
#1909 = CARTESIAN_POINT ( 'NONE',  ( -10.16000000000392900, 0.7000000000000121700, -22.85999999999795700 ) ) ;
#1910 = SURFACE_STYLE_USAGE ( .BOTH. , #2529 ) ;
#1911 = EDGE_CURVE ( 'NONE', #2115, #3471, #4633, .T. ) ;
#1912 = VECTOR ( 'NONE', #294, 1000.000000000000000 ) ;
#1913 = CARTESIAN_POINT ( 'NONE',  ( 13.07025022560473600, 1.700000000000006000, 24.59993905485775700 ) ) ;
#1914 = DIRECTION ( 'NONE',  ( -0.7068914388648039900, 0.02467767198251201100, 0.7068914387408937700 ) ) ;
#1915 = DIRECTION ( 'NONE',  ( 1.000000000000000000, 2.470955234246605300E-016, -1.718560196236194400E-013 ) ) ;
#1916 =( BOUNDED_CURVE ( )  B_SPLINE_CURVE ( 3, ( #1695, #29, #2092, #4433 ),
 .UNSPECIFIED., .F., .F. ) 
 B_SPLINE_CURVE_WITH_KNOTS ( ( 4, 4 ),
 ( 5.497939437025750400, 5.858173938714741300 ),
 .UNSPECIFIED. ) 
 CURVE ( )  GEOMETRIC_REPRESENTATION_ITEM ( )  RATIONAL_B_SPLINE_CURVE ( ( 1.000000000000000000, 0.9892151297711145900, 0.9892151297711145900, 1.000000000000000000 ) ) 
 REPRESENTATION_ITEM ( '' )  );
#1917 = ADVANCED_FACE ( 'NONE', ( #15 ), #533, .F. ) ;
#1918 = CARTESIAN_POINT ( 'NONE',  ( 10.16000000000392900, 0.6999999999999947400, 22.85999999999825100 ) ) ;
#1919 = CARTESIAN_POINT ( 'NONE',  ( 10.16000000000383200, -6.000000000000003600, 22.85999999999825100 ) ) ;
#1920 = ORIENTED_EDGE ( 'NONE', *, *, #4954, .T. ) ;
#1921 = EDGE_CURVE ( 'NONE', #1079, #3221, #2539, .T. ) ;
#1922 = DIRECTION ( 'NONE',  ( -0.9998476951563912700, 0.01745240643728037500, 1.734723475976808100E-013 ) ) ;
#1923 = CARTESIAN_POINT ( 'NONE',  ( -12.76095110977242400, 22.90473760973023700, 25.36095110923944100 ) ) ;
#1924 = ORIENTED_EDGE ( 'NONE', *, *, #4029, .F. ) ;
#1925 = DIRECTION ( 'NONE',  ( -0.9998476951563913800, 0.01745240643728080200, 1.711593829630450000E-013 ) ) ;
#1926 = ORIENTED_EDGE ( 'NONE', *, *, #4458, .F. ) ;
#1927 = CARTESIAN_POINT ( 'NONE',  ( 12.11512599218558400, 9.343931064210270700E-015, -25.69992383598208400 ) ) ;
#1928 = EDGE_CURVE ( 'NONE', #1430, #3216, #151, .T. ) ;
#1930 = VERTEX_POINT ( 'NONE', #1113 ) ;
#1929 = ORIENTED_EDGE ( 'NONE', *, *, #1122, .T. ) ;
#1931 = CARTESIAN_POINT ( 'NONE',  ( 12.11201918138441300, 1.699999999999996600, 25.67025022559791800 ) ) ;
#1932 = VERTEX_POINT ( 'NONE', #1149 ) ;
#1933 = VERTEX_POINT ( 'NONE', #3860 ) ;
#1934 = CARTESIAN_POINT ( 'NONE',  ( -13.04431877585571400, 1.133333333332990900, 24.93926918056224200 ) ) ;
#1935 = ORIENTED_EDGE ( 'NONE', *, *, #4367, .T. ) ;
#1936 = ORIENTED_EDGE ( 'NONE', *, *, #3010, .T. ) ;
#1937 = CARTESIAN_POINT ( 'NONE',  ( -13.06745506493100400, 0.6999999999999865200, -9.299999999997751800 ) ) ;
#1938 = ORIENTED_EDGE ( 'NONE', *, *, #3214, .T. ) ;
#1939 = CARTESIAN_POINT ( 'NONE',  ( -13.03475554019429200, 1.699999999999726200, -24.93616235112775900 ) ) ;
#1940 = ADVANCED_FACE ( 'NONE', ( #784 ), #3135, .T. ) ;
#1941 = DIRECTION ( 'NONE',  ( -2.470955234246180800E-016, 1.000000000000000000, 2.470955234246605300E-016 ) ) ;
#1942 = LINE ( 'NONE', #342, #1142 ) ;
#1943 = CARTESIAN_POINT ( 'NONE',  ( -10.15999999999607400, 10.21199999999999400, 22.86000000000174700 ) ) ;
#1944 = ORIENTED_EDGE ( 'NONE', *, *, #3397, .T. ) ;
#1945 = CARTESIAN_POINT ( 'NONE',  ( 13.08770529052838300, 0.7000000000000055100, -9.400000000002251000 ) ) ;
#1946 = ORIENTED_EDGE ( 'NONE', *, *, #4825, .T. ) ;
#1947 = DIRECTION ( 'NONE',  ( -0.01745240643763305500, -0.9998476951563851600, 2.752243213645683300E-015 ) ) ;
#1948 = EDGE_CURVE ( 'NONE', #3105, #995, #404, .T. ) ;
#1950 = LINE ( 'NONE', #1599, #640 ) ;
#1949 = CARTESIAN_POINT ( 'NONE',  ( -12.65722511096561600, -9.429621087148305100E-015, 25.50461997816217500 ) ) ;
#1951 = CARTESIAN_POINT ( 'NONE',  ( -13.03475554018571500, 1.699999999999990600, 24.93616235113224300 ) ) ;
#1952 = DIRECTION ( 'NONE',  ( -1.000000000000000000, 0.0000000000000000000, 1.734723475976807100E-013 ) ) ;
#1953 = VERTEX_POINT ( 'NONE', #358 ) ;
#1954 = AXIS2_PLACEMENT_3D ( 'NONE', #4889, #2034, #3164 ) ;
#1955 = FACE_OUTER_BOUND ( 'NONE', #2220, .T. ) ;
#1956 = FACE_OUTER_BOUND ( 'NONE', #2335, .T. ) ;
#1957 = EDGE_CURVE ( 'NONE', #1808, #2998, #2846, .T. ) ;
#1958 = CARTESIAN_POINT ( 'NONE',  ( 0.5999999999960709000, 1.700000000000005700, -22.86000000000010200 ) ) ;
#1959 = DIRECTION ( 'NONE',  ( 2.470955234245973700E-016, -1.000000000000000000, -3.675571015314493300E-016 ) ) ;
#1960 = EDGE_CURVE ( 'NONE', #4324, #2277, #469, .T. ) ;
#1961 = LINE ( 'NONE', #520, #3504 ) ;
#1962 = VERTEX_POINT ( 'NONE', #3387 ) ;
#1963 = LINE ( 'NONE', #3592, #395 ) ;
#1964 = CARTESIAN_POINT ( 'NONE',  ( 13.02694094447216100, 3.021052406437151100, -24.62709324931430300 ) ) ;
#1965 = CARTESIAN_POINT ( 'NONE',  ( 13.09992383598424600, -2.870064456470906800E-015, 24.71512599218775100 ) ) ;
#1966 = ADVANCED_FACE ( 'NONE', ( #4572 ), #2365, .T. ) ;
#1967 = EDGE_LOOP ( 'NONE', ( #3113, #501 ) ) ;
#1968 = VECTOR ( 'NONE', #3738, 1000.000000000000100 ) ;
#1969 = CARTESIAN_POINT ( 'NONE',  ( 12.10022845706262900, -8.688160857500442400E-015, 26.19999999999702200 ) ) ;
#1970 = LINE ( 'NONE', #2966, #230 ) ;
#1971 = DIRECTION ( 'NONE',  ( 1.000000000000000000, 2.470955234246605300E-016, -1.718560196236194400E-013 ) ) ;
#1972 = DIRECTION ( 'NONE',  ( -1.000000000000000000, -2.470955234246605300E-016, 1.718560196236194400E-013 ) ) ;
#1973 = CARTESIAN_POINT ( 'NONE',  ( 13.60000000000364100, -3.610178498769231100E-015, 24.70022845726476400 ) ) ;
#1974 = DIRECTION ( 'NONE',  ( 1.000000000000000000, 2.470955234246605300E-016, -1.718560196236194400E-013 ) ) ;
#1975 = DIRECTION ( 'NONE',  ( -2.470955234246180800E-016, 1.000000000000000000, 2.470955234246605300E-016 ) ) ;
#1976 = FACE_OUTER_BOUND ( 'NONE', #864, .T. ) ;
#1977 = EDGE_CURVE ( 'NONE', #2058, #807, #4321, .T. ) ;
#1978 = ORIENTED_EDGE ( 'NONE', *, *, #4990, .T. ) ;
#1979 = DIRECTION ( 'NONE',  ( -2.470955234246180800E-016, 1.000000000000000000, 2.470955234246605300E-016 ) ) ;
#1980 = ORIENTED_EDGE ( 'NONE', *, *, #3124, .T. ) ;
#1981 = EDGE_CURVE ( 'NONE', #5046, #1740, #4075, .T. ) ;
#1983 = VERTEX_POINT ( 'NONE', #851 ) ;
#1982 = ORIENTED_EDGE ( 'NONE', *, *, #1055, .T. ) ;
#1984 = ORIENTED_EDGE ( 'NONE', *, *, #4680, .T. ) ;
#1985 = ADVANCED_FACE ( 'NONE', ( #2840 ), #1251, .F. ) ;
#1986 = CARTESIAN_POINT ( 'NONE',  ( -12.06760736977659400, 0.7000000000000122800, -25.66745506492983300 ) ) ;
#1987 = AXIS2_PLACEMENT_3D ( 'NONE', #5068, #3375, #1078 ) ;
#1988 = CARTESIAN_POINT ( 'NONE',  ( -12.76095110968273300, 22.90473760973024000, 25.36095110932913200 ) ) ;
#1990 = CLOSED_SHELL ( 'NONE', ( #4897, #269, #2014, #5031 ) ) ;
#1989 = VERTEX_POINT ( 'NONE', #3975 ) ;
#1991 = ORIENTED_EDGE ( 'NONE', *, *, #612, .F. ) ;
#1992 = VECTOR ( 'NONE', #4454, 1000.000000000000100 ) ;
#1993 = CARTESIAN_POINT ( 'NONE',  ( -8.589999999995317400, -8.857476333135789500E-015, 27.25636504286147500 ) ) ;
#1994 = ORIENTED_EDGE ( 'NONE', *, *, #4397, .T. ) ;
#1995 = ORIENTED_EDGE ( 'NONE', *, *, #4619, .F. ) ;
#1996 = DIRECTION ( 'NONE',  ( -2.470955234246180800E-016, 1.000000000000000000, 2.470955234246605300E-016 ) ) ;
#1997 = VECTOR ( 'NONE', #3073, 1000.000000000000000 ) ;
#1998 = CARTESIAN_POINT ( 'NONE',  ( -13.06745506493266800, 0.6999999999999985100, -15.49999999999775300 ) ) ;
#1999 = CARTESIAN_POINT ( 'NONE',  ( -11.99993905486441300, 1.700000000000003100, -25.67025022559794000 ) ) ;
#2000 = ORIENTED_EDGE ( 'NONE', *, *, #1269, .F. ) ;
#2001 =( BOUNDED_CURVE ( )  B_SPLINE_CURVE ( 3, ( #621, #4513, #3739, #1236 ),
 .UNSPECIFIED., .F., .F. ) 
 B_SPLINE_CURVE_WITH_KNOTS ( ( 4, 4 ),
 ( 5.497939437031659400, 7.068431177327524600 ),
 .UNSPECIFIED. ) 
 CURVE ( )  GEOMETRIC_REPRESENTATION_ITEM ( )  RATIONAL_B_SPLINE_CURVE ( ( 1.000000000000000000, 0.8048096403836975100, 0.8048096403836975100, 1.000000000000000000 ) ) 
 REPRESENTATION_ITEM ( '' )  );
#2002 = CARTESIAN_POINT ( 'NONE',  ( -12.05015230483956000, 1.699999999999990600, 25.65000000000423700 ) ) ;
#2003 = EDGE_CURVE ( 'NONE', #4977, #3158, #3401, .T. ) ;
#2004 = CIRCLE ( 'NONE', #3128, 0.5999999999999998700 ) ;
#2005 = ORIENTED_EDGE ( 'NONE', *, *, #3998, .T. ) ;
#2006 = CARTESIAN_POINT ( 'NONE',  ( -4.500700850418598300E-012, 0.7000000000000065100, -26.18778145454999900 ) ) ;
#2007 = CARTESIAN_POINT ( 'NONE',  ( -12.77609723780672500, 22.03701650788861600, 25.37609723762705700 ) ) ;
#2008 = DIRECTION ( 'NONE',  ( -2.470955234246180800E-016, 1.000000000000000000, 2.470955234246605300E-016 ) ) ;
#2009 = LINE ( 'NONE', #1785, #4005 ) ;
#2010 = ORIENTED_EDGE ( 'NONE', *, *, #1159, .F. ) ;
#2011 = DIRECTION ( 'NONE',  ( -1.000000000000000000, 7.228014483236697500E-016, 1.734723475976807600E-013 ) ) ;
#2012 = DIRECTION ( 'NONE',  ( -1.000000000000000000, 0.0000000000000000000, 1.734723475976807100E-013 ) ) ;
#2013 = FACE_OUTER_BOUND ( 'NONE', #3985, .T. ) ;
#2014 = ADVANCED_FACE ( 'NONE', ( #3248 ), #1835, .T. ) ;
#2015 = CARTESIAN_POINT ( 'NONE',  ( 12.06760736977659400, 0.7000000000000057300, 25.66745506492983300 ) ) ;
#2016 = ORIENTED_EDGE ( 'NONE', *, *, #653, .T. ) ;
#2017 = EDGE_CURVE ( 'NONE', #1151, #694, #1342, .T. ) ;
#2018 = DIRECTION ( 'NONE',  ( -2.470955234246180800E-016, 1.000000000000000000, 2.470955234246605300E-016 ) ) ;
#2019 = CIRCLE ( 'NONE', #1701, 0.5999999999999999800 ) ;
#2020 = VECTOR ( 'NONE', #4053, 1000.000000000000000 ) ;
#2021 = CARTESIAN_POINT ( 'NONE',  ( -13.00325947667197800, 0.6999999999999885200, 25.02013518796401900 ) ) ;
#2022 = AXIS2_PLACEMENT_3D ( 'NONE', #2179, #3312, #639 ) ;
#2023 = CIRCLE ( 'NONE', #4273, 0.5000000000000004400 ) ;
#2024 = CARTESIAN_POINT ( 'NONE',  ( -10.66000000000392900, 0.7000000000000127200, -22.85999999999786800 ) ) ;
#2025 = CARTESIAN_POINT ( 'NONE',  ( -8.590000000004501100, 0.7000000000000042900, -26.18778145454852400 ) ) ;
#2026 = EDGE_CURVE ( 'NONE', #1989, #4533, #213, .T. ) ;
#2027 = AXIS2_PLACEMENT_3D ( 'NONE', #3954, #1639, #4276 ) ;
#2028 = DIRECTION ( 'NONE',  ( 2.470955234246180800E-016, -1.000000000000000000, -2.470955234246605300E-016 ) ) ;
#2029 = DIRECTION ( 'NONE',  ( -1.718560196236194400E-013, 2.470955234246180800E-016, -1.000000000000000000 ) ) ;
#2030 = B_SPLINE_CURVE_WITH_KNOTS ( 'NONE', 3,
 ( #237, #3297, #3355, #1432, #3755, #1453 ),
 .UNSPECIFIED., .F., .F.,
 ( 4, 1, 1, 4 ),
 ( 0.2524954859729705000, 0.4000000000000000200, 0.5999999999999999800, 0.7475045140270321100 ),
 .UNSPECIFIED. ) ;
#2031 = DIRECTION ( 'NONE',  ( 1.000000000000000000, 2.470955234246605300E-016, -1.718560196236194400E-013 ) ) ;
#2032 = DIRECTION ( 'NONE',  ( -0.7071224240026574600, 0.7070911380243750700, 1.216113667092450700E-013 ) ) ;
#2033 = LINE ( 'NONE', #2943, #1968 ) ;
#2034 = DIRECTION ( 'NONE',  ( -1.718560196236194400E-013, 2.470955234246180800E-016, -1.000000000000000000 ) ) ;
#2035 = CARTESIAN_POINT ( 'NONE',  ( -11.06003982141208500, 1.699999999971160600, 22.86000000000190000 ) ) ;
#2036 = EDGE_LOOP ( 'NONE', ( #4051, #3729, #1450, #4421 ) ) ;
#2037 = FACE_OUTER_BOUND ( 'NONE', #3069, .T. ) ;
#2038 = ADVANCED_FACE ( 'NONE', ( #1593 ), #980, .T. ) ;
#2039 = PLANE ( 'NONE',  #2788 ) ;
#2040 = ORIENTED_EDGE ( 'NONE', *, *, #3713, .T. ) ;
#2041 = DIRECTION ( 'NONE',  ( 3.246358992744107000E-015, -0.9998476951563912700, 0.01745240643727956000 ) ) ;
#2042 = DIRECTION ( 'NONE',  ( -1.718560196236194400E-013, 2.470955234246180800E-016, -1.000000000000000000 ) ) ;
#2043 = VERTEX_POINT ( 'NONE', #4695 ) ;
#2044 = EDGE_CURVE ( 'NONE', #1096, #1878, #957, .T. ) ;
#2045 = VERTEX_POINT ( 'NONE', #2346 ) ;
#2046 = AXIS2_PLACEMENT_3D ( 'NONE', #476, #4339, #2433 ) ;
#2047 = CARTESIAN_POINT ( 'NONE',  ( 12.05015230483956000, 1.700000000000009300, -25.65000000000423700 ) ) ;
#2049 = ORIENTED_EDGE ( 'NONE', *, *, #4458, .T. ) ;
#2048 = VERTEX_POINT ( 'NONE', #13 ) ;
#2050 = DIRECTION ( 'NONE',  ( 1.718560196236194400E-013, -2.470955234246180800E-016, 1.000000000000000000 ) ) ;
#2051 = VERTEX_POINT ( 'NONE', #2102 ) ;
#2052 = CARTESIAN_POINT ( 'NONE',  ( -12.42013518795323200, 0.6999999999999884100, 25.60325947668015400 ) ) ;
#2053 = CARTESIAN_POINT ( 'NONE',  ( 11.99993905486441600, 0.7000000000000010700, 25.68770529052819300 ) ) ;
#2054 = ORIENTED_EDGE ( 'NONE', *, *, #2095, .T. ) ;
#2055 = EDGE_CURVE ( 'NONE', #2722, #4917, #4690, .T. ) ;
#2056 = DIRECTION ( 'NONE',  ( -2.470955234246180800E-016, 1.000000000000000000, 2.470955234246605300E-016 ) ) ;
#2057 = VERTEX_POINT ( 'NONE', #1973 ) ;
#2058 = VERTEX_POINT ( 'NONE', #860 ) ;
#2059 = CARTESIAN_POINT ( 'NONE',  ( 0.5999999999960711200, 0.7000000000000037300, -22.86000000000010200 ) ) ;
#2060 = AXIS2_PLACEMENT_3D ( 'NONE', #631, #3349, #1441 ) ;
#2061 = FACE_OUTER_BOUND ( 'NONE', #3915, .T. ) ;
#2062 = VERTEX_POINT ( 'NONE', #3639 ) ;
#2063 = ORIENTED_EDGE ( 'NONE', *, *, #1165, .F. ) ;
#2064 = ORIENTED_EDGE ( 'NONE', *, *, #4725, .F. ) ;
#2065 = CARTESIAN_POINT ( 'NONE',  ( -13.06745506492766800, 0.6999999999999996200, 24.66760736977839500 ) ) ;
#2066 = DIRECTION ( 'NONE',  ( -1.000000000000000000, 0.0000000000000000000, 1.734723475976805600E-013 ) ) ;
#2067 = ORIENTED_EDGE ( 'NONE', *, *, #4997, .F. ) ;
#2068 = DIRECTION ( 'NONE',  ( -1.718341575309310700E-013, 0.01745240643728005600, -0.9998476951563912700 ) ) ;
#2069 = ADVANCED_FACE ( 'NONE', ( #1468 ), #3623, .F. ) ;
#2071 = FACE_OUTER_BOUND ( 'NONE', #3602, .T. ) ;
#2070 = CARTESIAN_POINT ( 'NONE',  ( -14.80976292091559200, 1.699999999999990000, 25.65000000000254600 ) ) ;
#2072 = DIRECTION ( 'NONE',  ( -1.000000000000000000, -2.470955234246605300E-016, 1.718560196236194400E-013 ) ) ;
#2073 =( BOUNDED_CURVE ( )  B_SPLINE_CURVE ( 3, ( #1217, #9, #1180, #390 ),
 .UNSPECIFIED., .F., .T. ) 
 B_SPLINE_CURVE_WITH_KNOTS ( ( 4, 4 ),
 ( 5.497939437025750400, 5.858173938714616100 ),
 .UNSPECIFIED. ) 
 CURVE ( )  GEOMETRIC_REPRESENTATION_ITEM ( )  RATIONAL_B_SPLINE_CURVE ( ( 1.000000000000000000, 0.9892151297711221400, 0.9892151297711221400, 1.000000000000000000 ) ) 
 REPRESENTATION_ITEM ( '' )  );
#2074 = DIRECTION ( 'NONE',  ( 1.000000000000000000, 2.470955234246605300E-016, -1.718560196236194400E-013 ) ) ;
#2075 = ORIENTED_EDGE ( 'NONE', *, *, #4437, .F. ) ;
#2076 = VECTOR ( 'NONE', #3139, 1000.000000000000000 ) ;
#2077 = PLANE ( 'NONE',  #5063 ) ;
#2078 = LINE ( 'NONE', #1648, #3358 ) ;
#2079 = LINE ( 'NONE', #4569, #271 ) ;
#2080 = CARTESIAN_POINT ( 'NONE',  ( -12.46745506493266700, 1.300000000000000900, -15.49999999999785800 ) ) ;
#2081 = LINE ( 'NONE', #3841, #3370 ) ;
#2082 = ORIENTED_EDGE ( 'NONE', *, *, #1198, .F. ) ;
#2083 = CARTESIAN_POINT ( 'NONE',  ( 11.86745506492840200, 1.300000000000005600, -9.300000000002041700 ) ) ;
#2084 = AXIS2_PLACEMENT_3D ( 'NONE', #4228, #1509, #4204 ) ;
#2085 = CYLINDRICAL_SURFACE ( 'NONE', #2772, 0.5999999999999998700 ) ;
#2086 = EDGE_CURVE ( 'NONE', #3411, #741, #47, .T. ) ;
#2087 = CARTESIAN_POINT ( 'NONE',  ( 12.92593462647840500, 1.700000000000009300, -25.14975595146780300 ) ) ;
#2088 = CARTESIAN_POINT ( 'NONE',  ( 12.77609723780301800, 22.03701650797377100, -25.37609723762335200 ) ) ;
#2089 = AXIS2_PLACEMENT_3D ( 'NONE', #2096, #3187, #94 ) ;
#2090 = CARTESIAN_POINT ( 'NONE',  ( -10.75999999999607000, 0.6999999999999897400, 22.86000000000184700 ) ) ;
#2091 = VECTOR ( 'NONE', #847, 1000.000000000000000 ) ;
#2092 = CARTESIAN_POINT ( 'NONE',  ( 13.04582323907590300, 0.7000000000000073900, -24.90714819871370600 ) ) ;
#2093 = DIRECTION ( 'NONE',  ( 1.718560196236194400E-013, -2.470955234246180800E-016, 1.000000000000000000 ) ) ;
#2094 = LINE ( 'NONE', #3715, #289 ) ;
#2095 = EDGE_CURVE ( 'NONE', #3992, #1573, #2950, .T. ) ;
#2096 = CARTESIAN_POINT ( 'NONE',  ( -10.16000000000392900, 0.7000000000000121700, -22.85999999999795700 ) ) ;
#2097 = CARTESIAN_POINT ( 'NONE',  ( -9.660000000003929400, -5.999999999999996400, -22.85999999999804900 ) ) ;
#2098 = AXIS2_PLACEMENT_3D ( 'NONE', #793, #1127, #341 ) ;
#2099 = VERTEX_POINT ( 'NONE', #44 ) ;
#2100 = ORIENTED_EDGE ( 'NONE', *, *, #3364, .T. ) ;
#2101 = CARTESIAN_POINT ( 'NONE',  ( 12.77609723762551000, 22.03701650797376000, 25.37609723780520100 ) ) ;
#2102 = CARTESIAN_POINT ( 'NONE',  ( 13.06745506492674200, 0.6999999999999946300, -15.50000000000225200 ) ) ;
#2104 = ORIENTED_EDGE ( 'NONE', *, *, #4291, .T. ) ;
#2103 = ORIENTED_EDGE ( 'NONE', *, *, #1198, .T. ) ;
#2105 = ORIENTED_EDGE ( 'NONE', *, *, #111, .T. ) ;
#2106 = DIRECTION ( 'NONE',  ( -1.000000000000000000, -2.470955234246605300E-016, 1.718560196236194400E-013 ) ) ;
#2107 = DIRECTION ( 'NONE',  ( -1.000000000000000000, -2.470955234246605300E-016, 1.718560196236194400E-013 ) ) ;
#2108 = EDGE_CURVE ( 'NONE', #1401, #1096, #4387, .T. ) ;
#2110 = EDGE_LOOP ( 'NONE', ( #113, #617, #37, #3200 ) ) ;
#2109 = VERTEX_POINT ( 'NONE', #4020 ) ;
#2111 = ADVANCED_FACE ( 'NONE', ( #1956 ), #4459, .T. ) ;
#2112 = ORIENTED_EDGE ( 'NONE', *, *, #221, .F. ) ;
#2113 = VECTOR ( 'NONE', #5089, 1000.000000000000000 ) ;
#2114 = ORIENTED_EDGE ( 'NONE', *, *, #4687, .T. ) ;
#2115 = VERTEX_POINT ( 'NONE', #3590 ) ;
#2116 = ORIENTED_EDGE ( 'NONE', *, *, #4586, .T. ) ;
#2117 = EDGE_CURVE ( 'NONE', #1096, #426, #3499, .T. ) ;
#2118 = VECTOR ( 'NONE', #4922, 1000.000000000000000 ) ;
#2119 = EDGE_CURVE ( 'NONE', #4951, #4614, #902, .T. ) ;
#2120 = CARTESIAN_POINT ( 'NONE',  ( -12.65925303154156000, 1.700000000000002600, -25.44308418776091300 ) ) ;
#2121 = AXIS2_PLACEMENT_3D ( 'NONE', #600, #4900, #2592 ) ;
#2122 = CARTESIAN_POINT ( 'NONE',  ( -3.643520582887129700E-012, 0.7000000000000051700, -21.19999999999999900 ) ) ;
#2123 = FACE_OUTER_BOUND ( 'NONE', #2573, .T. ) ;
#2124 = ORIENTED_EDGE ( 'NONE', *, *, #2776, .F. ) ;
#2125 = DIRECTION ( 'NONE',  ( 1.718560196236194400E-013, -2.470955234246180800E-016, 1.000000000000000000 ) ) ;
#2126 = CARTESIAN_POINT ( 'NONE',  ( 13.06745506493000200, 0.7000000000000011800, -2.245547847202978300E-012 ) ) ;
#2127 = PRESENTATION_STYLE_ASSIGNMENT (( #2960 ) ) ;
#2128 = CARTESIAN_POINT ( 'NONE',  ( -12.08770529052735500, 1.199999999999992900, 15.40000000000208000 ) ) ;
#2129 = DIRECTION ( 'NONE',  ( -1.718560196236194400E-013, 2.470955234246180800E-016, -1.000000000000000000 ) ) ;
#2130 = LINE ( 'NONE', #3726, #1284 ) ;
#2131 = PLANE ( 'NONE',  #2810 ) ;
#2132 = DIRECTION ( 'NONE',  ( -1.718560196236194400E-013, 2.470955234246180800E-016, -1.000000000000000000 ) ) ;
#2133 = ORIENTED_EDGE ( 'NONE', *, *, #4522, .F. ) ;
#2134 = FACE_OUTER_BOUND ( 'NONE', #1195, .T. ) ;
#2135 = VECTOR ( 'NONE', #2544, 1000.000000000000000 ) ;
#2136 = PLANE ( 'NONE',  #898 ) ;
#2137 = FACE_OUTER_BOUND ( 'NONE', #318, .T. ) ;
#2138 = ORIENTED_EDGE ( 'NONE', *, *, #3085, .T. ) ;
#2139 = EDGE_CURVE ( 'NONE', #4286, #2837, #3309, .T. ) ;
#2140 = CARTESIAN_POINT ( 'NONE',  ( 12.08770529052735300, 0.7000000000000068400, -15.40000000000208000 ) ) ;
#2141 = AXIS2_PLACEMENT_3D ( 'NONE', #1801, #4906, #4441 ) ;
#2142 = EDGE_CURVE ( 'NONE', #3216, #700, #2130, .T. ) ;
#2143 = FACE_BOUND ( 'NONE', #4229, .T. ) ;
#2144 = PLANE ( 'NONE',  #2141 ) ;
#2145 = CARTESIAN_POINT ( 'NONE',  ( 10.67155797186791600, 22.00057016032780400, 25.39262666052177400 ) ) ;
#2146 = ORIENTED_EDGE ( 'NONE', *, *, #2914, .F. ) ;
#2147 = LINE ( 'NONE', #3367, #27 ) ;
#2148 = DIRECTION ( 'NONE',  ( -1.000000000000000000, -2.470955234246605300E-016, 1.718560196236194400E-013 ) ) ;
#2149 = CARTESIAN_POINT ( 'NONE',  ( 11.71576007951631100, 22.00000000000406100, 24.31576007951013500 ) ) ;
#2150 = DIRECTION ( 'NONE',  ( -1.000000000000000000, -2.470955234246605300E-016, 1.718560196236194400E-013 ) ) ;
#2151 = DIRECTION ( 'NONE',  ( 2.470955234246180800E-016, -1.000000000000000000, -2.470955234246605300E-016 ) ) ;
#2152 = ORIENTED_EDGE ( 'NONE', *, *, #2354, .F. ) ;
#2153 = DIRECTION ( 'NONE',  ( -0.7071067811864258900, -3.494458404288037300E-016, 0.7071067811866691400 ) ) ;
#2154 = ORIENTED_EDGE ( 'NONE', *, *, #619, .T. ) ;
#2155 = ADVANCED_FACE ( 'NONE', ( #4180 ), #2077, .F. ) ;
#2156 = EDGE_CURVE ( 'NONE', #3160, #3853, #2304, .T. ) ;
#2157 = CARTESIAN_POINT ( 'NONE',  ( 10.16000000000383000, 0.7000000000000065100, 22.85999999999825100 ) ) ;
#2158 = CARTESIAN_POINT ( 'NONE',  ( 11.86745506492840000, 1.300000000000005600, -9.300000000002041700 ) ) ;
#2159 = ORIENTED_EDGE ( 'NONE', *, *, #1656, .T. ) ;
#2160 = ORIENTED_EDGE ( 'NONE', *, *, #2520, .T. ) ;
#2162 = VERTEX_POINT ( 'NONE', #1370 ) ;
#2161 = ORIENTED_EDGE ( 'NONE', *, *, #2382, .T. ) ;
#2163 = EDGE_LOOP ( 'NONE', ( #3884, #1044, #1289, #4611 ) ) ;
#2164 = CARTESIAN_POINT ( 'NONE',  ( 13.05000000000471000, 1.699999999999996400, 27.40976292091776000 ) ) ;
#2165 = ORIENTED_EDGE ( 'NONE', *, *, #1770, .T. ) ;
#2166 = CARTESIAN_POINT ( 'NONE',  ( 12.93536159849282900, 23.50798738013121500, 24.30394395731538300 ) ) ;
#2167 = ORIENTED_EDGE ( 'NONE', *, *, #3752, .F. ) ;
#2168 = VECTOR ( 'NONE', #112, 1000.000000000000000 ) ;
#2169 = DIRECTION ( 'NONE',  ( 1.718560196236194400E-013, -2.470955234246180800E-016, 1.000000000000000000 ) ) ;
#2170 = VERTEX_POINT ( 'NONE', #1422 ) ;
#2171 = EDGE_CURVE ( 'NONE', #939, #3855, #2358, .T. ) ;
#2172 = PLANE ( 'NONE',  #695 ) ;
#2173 = ORIENTED_EDGE ( 'NONE', *, *, #1633, .F. ) ;
#2175 = VERTEX_POINT ( 'NONE', #3657 ) ;
#2174 = EDGE_LOOP ( 'NONE', ( #2460, #2932 ) ) ;
#2176 = CARTESIAN_POINT ( 'NONE',  ( -10.65999999999607600, 10.21199999999999400, 22.86000000000183300 ) ) ;
#2178 = VECTOR ( 'NONE', #3908, 1000.000000000000100 ) ;
#2177 = DIRECTION ( 'NONE',  ( -1.718560196236194400E-013, 2.470955234246180800E-016, -1.000000000000000000 ) ) ;
#2179 = CARTESIAN_POINT ( 'NONE',  ( 13.05000000000471000, 1.699999999999996400, 27.40976292091776000 ) ) ;
#2180 = ORIENTED_EDGE ( 'NONE', *, *, #452, .F. ) ;
#2181 = VERTEX_POINT ( 'NONE', #1355 ) ;
#2182 = DIRECTION ( 'NONE',  ( 1.000000000000000000, 2.470955234246605300E-016, -1.718560196236194400E-013 ) ) ;
#2183 = CARTESIAN_POINT ( 'NONE',  ( 12.05015230483559000, 1.700000000000009300, -25.65000000000207000 ) ) ;
#2184 = CARTESIAN_POINT ( 'NONE',  ( -11.27931603905350000, 22.89246606740485400, -25.98147744525244800 ) ) ;
#2185 = CARTESIAN_POINT ( 'NONE',  ( -11.71576007950582500, 21.99999999999998900, 24.31576007828212100 ) ) ;
#2186 = DIRECTION ( 'NONE',  ( -0.9998476951563912700, -0.01745240643728080900, 1.734723475976808100E-013 ) ) ;
#2187 = CIRCLE ( 'NONE', #464, 0.2999999999999999300 ) ;
#2188 = AXIS2_PLACEMENT_3D ( 'NONE', #4831, #3645, #587 ) ;
#2189 = DIRECTION ( 'NONE',  ( -1.718560196236194400E-013, 2.470955234246180800E-016, -1.000000000000000000 ) ) ;
#2190 = CARTESIAN_POINT ( 'NONE',  ( 12.08770529052735300, 1.200000000000006800, -15.40000000000208000 ) ) ;
#2191 = VECTOR ( 'NONE', #96, 1000.000000000000000 ) ;
#2192 = ORIENTED_EDGE ( 'NONE', *, *, #4852, .T. ) ;
#2193 = DIRECTION ( 'NONE',  ( -1.000000000000000000, -2.168404344971006900E-016, 1.734723475976805600E-013 ) ) ;
#2194 = VECTOR ( 'NONE', #4724, 1000.000000000000000 ) ;
#2195 = CARTESIAN_POINT ( 'NONE',  ( 11.71576007950795400, 22.00000000000407500, -24.31576007951414600 ) ) ;
#2196 = FACE_OUTER_BOUND ( 'NONE', #183, .T. ) ;
#2197 = CIRCLE ( 'NONE', #3588, 0.5999999999999999800 ) ;
#2198 = CARTESIAN_POINT ( 'NONE',  ( 12.46745506493266500, 1.699999999999999100, 15.49999999999785800 ) ) ;
#2199 = VECTOR ( 'NONE', #3591, 1000.000000000000000 ) ;
#2200 = CARTESIAN_POINT ( 'NONE',  ( -12.46745506493266700, 1.300000000000000900, -15.49999999999785800 ) ) ;
#2201 = DIRECTION ( 'NONE',  ( 0.01745240643728005600, -0.9998476951563912700, -3.246358992744149600E-015 ) ) ;
#2202 = VECTOR ( 'NONE', #4712, 1000.000000000000100 ) ;
#2203 = CARTESIAN_POINT ( 'NONE',  ( 12.08770529052735300, 0.7000000000000068400, -15.40000000000207900 ) ) ;
#2204 = DIRECTION ( 'NONE',  ( 0.01744974916068304000, -0.9996954598818875700, 0.01744974916067654900 ) ) ;
#2205 = DIRECTION ( 'NONE',  ( 2.470955234246180800E-016, -1.000000000000000000, -2.470955234246605300E-016 ) ) ;
#2206 = CARTESIAN_POINT ( 'NONE',  ( 13.04431877585571400, 1.133333333333009600, -24.93926918056224200 ) ) ;
#2207 = EDGE_CURVE ( 'NONE', #2913, #177, #1085, .T. ) ;
#2208 = ORIENTED_EDGE ( 'NONE', *, *, #4586, .F. ) ;
#2209 = LINE ( 'NONE', #1442, #3518 ) ;
#2210 = DIRECTION ( 'NONE',  ( 1.718560196236194400E-013, -2.470955234246180800E-016, 1.000000000000000000 ) ) ;
#2211 = EDGE_CURVE ( 'NONE', #2181, #426, #4260, .T. ) ;
#2212 = CARTESIAN_POINT ( 'NONE',  ( 12.65925303154155700, 1.699999999999996200, 25.44308418776091300 ) ) ;
#2213 = EDGE_CURVE ( 'NONE', #4716, #2869, #6, .T. ) ;
#2214 = DIRECTION ( 'NONE',  ( -1.000000000000000000, -2.168404344971008900E-016, 1.734723475976807100E-013 ) ) ;
#2215 = DIRECTION ( 'NONE',  ( 1.000000000000000000, 2.470955234246605300E-016, -1.718560196236194400E-013 ) ) ;
#2217 = ADVANCED_FACE ( 'NONE', ( #3191 ), #3284, .F. ) ;
#2216 = VECTOR ( 'NONE', #4267, 1000.000000000000000 ) ;
#2218 = CARTESIAN_POINT ( 'NONE',  ( 11.86745506493266200, 1.299999999999999400, 15.49999999999796100 ) ) ;
#2219 = ORIENTED_EDGE ( 'NONE', *, *, #1043, .T. ) ;
#2220 = EDGE_LOOP ( 'NONE', ( #65, #2458, #803, #2396 ) ) ;
#2221 = DIRECTION ( 'NONE',  ( 1.718560196236194400E-013, -2.470955234246180800E-016, 1.000000000000000000 ) ) ;
#2222 = VERTEX_POINT ( 'NONE', #4463 ) ;
#2223 = ORIENTED_EDGE ( 'NONE', *, *, #958, .T. ) ;
#2224 = ORIENTED_EDGE ( 'NONE', *, *, #1790, .F. ) ;
#2225 = CARTESIAN_POINT ( 'NONE',  ( -11.99993905486441300, 1.700000000000003100, -25.67025022559794000 ) ) ;
#2226 = VERTEX_POINT ( 'NONE', #3318 ) ;
#2227 = DIRECTION ( 'NONE',  ( 1.000000000000000000, 0.0000000000000000000, -1.734723475976807600E-013 ) ) ;
#2228 = ORIENTED_EDGE ( 'NONE', *, *, #246, .F. ) ;
#2229 = LINE ( 'NONE', #3717, #935 ) ;
#2230 = ORIENTED_EDGE ( 'NONE', *, *, #789, .F. ) ;
#2231 = PLANE ( 'NONE',  #280 ) ;
#2232 = EDGE_CURVE ( 'NONE', #1930, #2271, #4130, .T. ) ;
#2233 = ADVANCED_FACE ( 'NONE', ( #2474 ), #2136, .F. ) ;
#2234 = EDGE_LOOP ( 'NONE', ( #4471, #300, #2991, #1850 ) ) ;
#2235 = DIRECTION ( 'NONE',  ( 2.752243213647003100E-015, 0.9998476951563849400, 0.01745240643764097200 ) ) ;
#2236 = VECTOR ( 'NONE', #1549, 1000.000000000000000 ) ;
#2237 = AXIS2_PLACEMENT_3D ( 'NONE', #157, #559, #210 ) ;
#2238 = ORIENTED_EDGE ( 'NONE', *, *, #1894, .F. ) ;
#2239 = EDGE_CURVE ( 'NONE', #3305, #3992, #2197, .T. ) ;
#2240 = VECTOR ( 'NONE', #453, 1000.000000000000000 ) ;
#2241 = ORIENTED_EDGE ( 'NONE', *, *, #2858, .T. ) ;
#2242 = DIRECTION ( 'NONE',  ( 1.000000000000000000, 2.409231562176336800E-016, -1.734646724766962400E-013 ) ) ;
#2243 = AXIS2_PLACEMENT_3D ( 'NONE', #3785, #3467, #1925 ) ;
#2244 = CARTESIAN_POINT ( 'NONE',  ( 13.60000000000364300, -1.877925978026520500E-015, 21.19999999999766200 ) ) ;
#2245 = CARTESIAN_POINT ( 'NONE',  ( 13.58778145455372800, 0.6999999999999996200, 21.19999999999766200 ) ) ;
#2246 = CARTESIAN_POINT ( 'NONE',  ( -12.11201918138441300, 1.700000000000003100, -25.67025022559791800 ) ) ;
#2247 = LINE ( 'NONE', #676, #1214 ) ;
#2248 = CARTESIAN_POINT ( 'NONE',  ( -12.42013518796209600, 0.7000000000000008400, -25.60325947667585900 ) ) ;
#2249 = CARTESIAN_POINT ( 'NONE',  ( 13.08014142905577200, 1.133333333333009600, -24.59993905486224700 ) ) ;
#2250 = ORIENTED_EDGE ( 'NONE', *, *, #3374, .T. ) ;
#2251 = LINE ( 'NONE', #3062, #4074 ) ;
#2252 = FACE_OUTER_BOUND ( 'NONE', #62, .T. ) ;
#2253 = CARTESIAN_POINT ( 'NONE',  ( -12.08770529052735300, 0.6999999999999931800, 15.40000000000207900 ) ) ;
#2254 = EDGE_CURVE ( 'NONE', #2766, #3578, #3625, .T. ) ;
#2255 = VECTOR ( 'NONE', #325, 1000.000000000000000 ) ;
#2256 = CARTESIAN_POINT ( 'NONE',  ( -12.08770529053000000, 0.6999999999999969600, 2.077517884480249300E-012 ) ) ;
#2257 = DIRECTION ( 'NONE',  ( -2.470955234246180800E-016, 1.000000000000000000, 2.470955234246605300E-016 ) ) ;
#2258 = ORIENTED_EDGE ( 'NONE', *, *, #1596, .F. ) ;
#2259 = ADVANCED_FACE ( 'NONE', ( #3359 ), #2501, .F. ) ;
#2260 = CARTESIAN_POINT ( 'NONE',  ( 13.09992383598422600, -2.841602282798101700E-015, 24.59993906658774800 ) ) ;
#2261 = FACE_OUTER_BOUND ( 'NONE', #3076, .T. ) ;
#2262 = PLANE ( 'NONE',  #1799 ) ;
#2263 = B_SPLINE_CURVE_WITH_KNOTS ( 'NONE', 3,
 ( #3439, #4630, #1138, #1486 ),
 .UNSPECIFIED., .F., .F.,
 ( 4, 4 ),
 ( 0.0000000000000000000, 1.000000000000000000 ),
 .UNSPECIFIED. ) ;
#2264 = EDGE_CURVE ( 'NONE', #1052, #1492, #3011, .T. ) ;
#2265 = CIRCLE ( 'NONE', #2835, 0.5999999999999998700 ) ;
#2266 = CARTESIAN_POINT ( 'NONE',  ( 12.05015230484837700, 1.700000000000015500, 25.65000000000117500 ) ) ;
#2267 = CARTESIAN_POINT ( 'NONE',  ( -12.77729573995188900, 22.87887801663056200, -23.25622705100567700 ) ) ;
#2268 = EDGE_CURVE ( 'NONE', #2170, #5052, #3071, .T. ) ;
#2269 = ORIENTED_EDGE ( 'NONE', *, *, #721, .T. ) ;
#2270 = DIRECTION ( 'NONE',  ( 1.000000000000000000, 2.470955234246605300E-016, -1.718560196236194400E-013 ) ) ;
#2271 = VERTEX_POINT ( 'NONE', #974 ) ;
#2272 = ORIENTED_EDGE ( 'NONE', *, *, #2640, .F. ) ;
#2273 = CARTESIAN_POINT ( 'NONE',  ( 13.08770529052660700, 0.7000000000000129500, -21.20000000000224500 ) ) ;
#2274 = EDGE_LOOP ( 'NONE', ( #4847, #1042, #1618, #59, #257 ) ) ;
#2275 = CARTESIAN_POINT ( 'NONE',  ( -13.06745506492766800, 0.6999999999999996200, 24.66760736977839500 ) ) ;
#2276 = DIRECTION ( 'NONE',  ( 1.000000000000000000, 1.807003620809174400E-016, -1.676899360110913900E-013 ) ) ;
#2278 = VERTEX_POINT ( 'NONE', #1888 ) ;
#2277 = VERTEX_POINT ( 'NONE', #3696 ) ;
#2279 = EDGE_LOOP ( 'NONE', ( #1562, #435, #3016, #1264 ) ) ;
#2280 = ADVANCED_FACE ( 'NONE', ( #4068 ), #4516, .T. ) ;
#2281 = DIRECTION ( 'NONE',  ( -0.9998476951563913800, -0.01745240643728080200, 1.711593829630450000E-013 ) ) ;
#2282 = ORIENTED_EDGE ( 'NONE', *, *, #4323, .T. ) ;
#2283 = CARTESIAN_POINT ( 'NONE',  ( -11.99993905486441300, 1.700000000000003100, -25.67025022559794000 ) ) ;
#2284 = ORIENTED_EDGE ( 'NONE', *, *, #4619, .T. ) ;
#2285 = ORIENTED_EDGE ( 'NONE', *, *, #2108, .T. ) ;
#2286 = CARTESIAN_POINT ( 'NONE',  ( 13.08770529053389400, 0.7000000000000010700, 21.19999999999776500 ) ) ;
#2287 = ORIENTED_EDGE ( 'NONE', *, *, #4725, .T. ) ;
#2288 = CARTESIAN_POINT ( 'NONE',  ( -2.000003978533921000E-006, 1.700000000000005700, -22.85999999999970100 ) ) ;
#2289 = LINE ( 'NONE', #2797, #2710 ) ;
#2290 = ORIENTED_EDGE ( 'NONE', *, *, #2736, .F. ) ;
#2291 = EDGE_CURVE ( 'NONE', #2175, #1030, #645, .T. ) ;
#2292 = CARTESIAN_POINT ( 'NONE',  ( -13.05388201152571300, 0.5666666666666905200, 24.94237600998224400 ) ) ;
#2293 = DIRECTION ( 'NONE',  ( -1.000000000000000000, -2.470955234246605300E-016, 1.718560196236194400E-013 ) ) ;
#2294 = DIRECTION ( 'NONE',  ( 1.000000000000000000, 1.807003620809174400E-016, -1.676899360110913900E-013 ) ) ;
#2295 = AXIS2_PLACEMENT_3D ( 'NONE', #4528, #2204, #2186 ) ;
#2296 = LINE ( 'NONE', #4924, #1525 ) ;
#2297 = CARTESIAN_POINT ( 'NONE',  ( -11.99993905486441800, 3.385204910399639500E-015, -25.69992383597794100 ) ) ;
#2298 = EDGE_CURVE ( 'NONE', #3677, #4414, #2079, .T. ) ;
#2299 = LINE ( 'NONE', #4425, #1279 ) ;
#2300 = ORIENTED_EDGE ( 'NONE', *, *, #2670, .T. ) ;
#2301 = CARTESIAN_POINT ( 'NONE',  ( -13.08770529053271000, 0.7000000000000017300, -15.39999999999775300 ) ) ;
#2302 = VECTOR ( 'NONE', #304, 1000.000000000000000 ) ;
#2303 = CARTESIAN_POINT ( 'NONE',  ( 12.90461997816434100, -3.052273430948763400E-015, 25.25722511096778400 ) ) ;
#2304 = LINE ( 'NONE', #196, #78 ) ;
#2305 = ADVANCED_FACE ( 'NONE', ( #1156 ), #2262, .F. ) ;
#2306 = LINE ( 'NONE', #3912, #3313 ) ;
#2307 = CARTESIAN_POINT ( 'NONE',  ( -13.09003263251575300, 0.5666666666666906300, 24.71409038859225000 ) ) ;
#2308 = VECTOR ( 'NONE', #2029, 1000.000000000000000 ) ;
#2309 = DIRECTION ( 'NONE',  ( 0.9998476951563912700, 0.01745240643728005600, -1.718255327079238300E-013 ) ) ;
#2310 = CARTESIAN_POINT ( 'NONE',  ( 13.05000000000640100, 1.699999999999997100, 24.65015230484172500 ) ) ;
#2311 = DIRECTION ( 'NONE',  ( -1.718560196236194400E-013, 2.470955234246180800E-016, -1.000000000000000000 ) ) ;
#2312 = DIRECTION ( 'NONE',  ( 1.000000000000000000, 2.470955234246605300E-016, -1.718560196236194400E-013 ) ) ;
#2313 = VECTOR ( 'NONE', #167, 1000.000000000000100 ) ;
#2314 = DIRECTION ( 'NONE',  ( -2.470955234246180800E-016, 1.000000000000000000, 2.470955234246605300E-016 ) ) ;
#2315 = DIRECTION ( 'NONE',  ( -1.000000000000000000, -2.168404344971008900E-016, 1.734723475976807100E-013 ) ) ;
#2316 = PLANE ( 'NONE',  #797 ) ;
#2317 = LINE ( 'NONE', #229, #4027 ) ;
#2318 = EDGE_CURVE ( 'NONE', #5098, #3929, #2247, .T. ) ;
#2319 = CARTESIAN_POINT ( 'NONE',  ( 13.08508703079422700, 0.8499999999998847400, 24.59993905485775300 ) ) ;
#2320 = CARTESIAN_POINT ( 'NONE',  ( 13.09992383597577300, 9.261257249177179300E-015, -24.59993907004849900 ) ) ;
#2321 = ORIENTED_EDGE ( 'NONE', *, *, #2268, .F. ) ;
#2322 = LINE ( 'NONE', #3978, #3712 ) ;
#2323 = EDGE_CURVE ( 'NONE', #5052, #1932, #1018, .T. ) ;
#2324 = ADVANCED_FACE ( 'NONE', ( #2595 ), #1106, .F. ) ;
#2325 = CARTESIAN_POINT ( 'NONE',  ( 12.16745506494510200, 1.399999999999981300, 87.88524315308789900 ) ) ;
#2326 = VERTEX_POINT ( 'NONE', #2218 ) ;
#2327 = CARTESIAN_POINT ( 'NONE',  ( 12.84308418775877300, 1.700000000000009700, -25.25925303153932000 ) ) ;
#2328 = ORIENTED_EDGE ( 'NONE', *, *, #1727, .T. ) ;
#2329 = CARTESIAN_POINT ( 'NONE',  ( 7.499999999996299000, 23.50000000000001100, -21.50000000000128600 ) ) ;
#2331 = ORIENTED_EDGE ( 'NONE', *, *, #3969, .T. ) ;
#2330 = ORIENTED_EDGE ( 'NONE', *, *, #3241, .F. ) ;
#2332 = CARTESIAN_POINT ( 'NONE',  ( 12.65131491597438200, 0.5666666666666968500, 25.49648496351782600 ) ) ;
#2333 = VERTEX_POINT ( 'NONE', #1853 ) ;
#2334 = CARTESIAN_POINT ( 'NONE',  ( -3.928801575462337500E-012, 0.7000000000000036200, -22.85999999999999900 ) ) ;
#2335 = EDGE_LOOP ( 'NONE', ( #2638, #225, #2983 ) ) ;
#2336 = EDGE_LOOP ( 'NONE', ( #1261, #4629, #3217 ) ) ;
#2337 = CARTESIAN_POINT ( 'NONE',  ( -13.60000000000364300, 1.877925978026520500E-015, -21.19999999999766200 ) ) ;
#2338 = VECTOR ( 'NONE', #3670, 1000.000000000000000 ) ;
#2339 = ORIENTED_EDGE ( 'NONE', *, *, #531, .T. ) ;
#2340 = EDGE_CURVE ( 'NONE', #1983, #1962, #144, .T. ) ;
#2341 = DIRECTION ( 'NONE',  ( -1.718560196236194400E-013, 2.470955234246180800E-016, -1.000000000000000000 ) ) ;
#2342 = VERTEX_POINT ( 'NONE', #1838 ) ;
#2343 = CARTESIAN_POINT ( 'NONE',  ( -10.75999999999607200, 1.699999999999991500, 22.86000000000184700 ) ) ;
#2344 = PLANE ( 'NONE',  #2527 ) ;
#2345 = LINE ( 'NONE', #2642, #4550 ) ;
#2346 = CARTESIAN_POINT ( 'NONE',  ( 12.46745506493266500, 1.399999999999999000, 15.49999999999785800 ) ) ;
#2347 = ORIENTED_EDGE ( 'NONE', *, *, #1457, .F. ) ;
#2348 = CARTESIAN_POINT ( 'NONE',  ( -12.15346645176215100, 22.54531576091312700, -25.98098323059214500 ) ) ;
#2349 = DIRECTION ( 'NONE',  ( -3.246358992744107000E-015, 0.9998476951563912700, -0.01745240643727956000 ) ) ;
#2350 = CYLINDRICAL_SURFACE ( 'NONE', #1865, 0.5000000000000000000 ) ;
#2351 = CARTESIAN_POINT ( 'NONE',  ( -12.08770529052838500, 0.6999999999999946300, 9.400000000002078700 ) ) ;
#2352 = ADVANCED_FACE ( 'NONE', ( #4315 ), #1830, .T. ) ;
#2353 = CARTESIAN_POINT ( 'NONE',  ( 11.71576007950581500, 22.00000000000001100, -24.31576007951200700 ) ) ;
#2354 = EDGE_CURVE ( 'NONE', #1841, #3411, #3817, .T. ) ;
#2356 = VECTOR ( 'NONE', #4255, 1000.000000000000000 ) ;
#2355 = DIRECTION ( 'NONE',  ( 1.000000000000000000, 1.807003620809174100E-016, -1.676899360110913600E-013 ) ) ;
#2357 = EDGE_LOOP ( 'NONE', ( #4185, #3056 ) ) ;
#2358 = LINE ( 'NONE', #2164, #397 ) ;
#2359 = DIRECTION ( 'NONE',  ( 0.7068914387408931100, 0.02467767198251202800, 0.7068914388648045400 ) ) ;
#2360 = EDGE_CURVE ( 'NONE', #1184, #4472, #1717, .T. ) ;
#2361 = CARTESIAN_POINT ( 'NONE',  ( 12.42013518798409200, 0.6999999999999946300, 25.60325947666664300 ) ) ;
#2362 = CARTESIAN_POINT ( 'NONE',  ( 12.77609723780302500, 22.03701650797377800, -25.37609723762335200 ) ) ;
#2363 = EDGE_CURVE ( 'NONE', #3121, #729, #1012, .T. ) ;
#2364 = CIRCLE ( 'NONE', #2098, 0.9000398213894755800 ) ;
#2365 = PLANE ( 'NONE',  #2513 ) ;
#2366 = VECTOR ( 'NONE', #2050, 1000.000000000000000 ) ;
#2367 = LINE ( 'NONE', #4604, #717 ) ;
#2368 = DIRECTION ( 'NONE',  ( 2.470955234246180800E-016, -1.000000000000000000, -2.470955234246605300E-016 ) ) ;
#2369 = DIRECTION ( 'NONE',  ( -1.000000000000000000, -2.168404344971006900E-016, 1.734723475976805600E-013 ) ) ;
#2370 = FACE_OUTER_BOUND ( 'NONE', #936, .T. ) ;
#2371 = CARTESIAN_POINT ( 'NONE',  ( -13.58778145454635900, 0.6999999999999914100, 21.20000000000233300 ) ) ;
#2372 = ORIENTED_EDGE ( 'NONE', *, *, #3557, .F. ) ;
#2373 = AXIS2_PLACEMENT_3D ( 'NONE', #393, #3108, #346 ) ;
#2375 = ADVANCED_FACE ( 'NONE', ( #2013 ), #4987, .F. ) ;
#2374 = CIRCLE ( 'NONE', #3580, 0.5000000000000004400 ) ;
#2376 = DIRECTION ( 'NONE',  ( 2.470955234246180800E-016, -1.000000000000000000, -2.470955234246605300E-016 ) ) ;
#2377 = CARTESIAN_POINT ( 'NONE',  ( 12.77609723780302400, 22.03701650797378500, -25.37609723762335200 ) ) ;
#2378 = CARTESIAN_POINT ( 'NONE',  ( -2.000003980637197800E-006, 10.21200000000000500, -22.85999999999969700 ) ) ;
#2379 = CARTESIAN_POINT ( 'NONE',  ( -11.71576007828428300, 22.00000000000000400, -24.31576007950798200 ) ) ;
#2380 = ORIENTED_EDGE ( 'NONE', *, *, #1796, .F. ) ;
#2381 = LINE ( 'NONE', #2176, #664 ) ;
#2382 = EDGE_CURVE ( 'NONE', #2971, #4597, #1338, .T. ) ;
#2383 = ORIENTED_EDGE ( 'NONE', *, *, #4144, .T. ) ;
#2384 = AXIS2_PLACEMENT_3D ( 'NONE', #3795, #1101, #4527 ) ;
#2385 = DIRECTION ( 'NONE',  ( 1.000000000000000000, 3.614007241618348800E-016, -1.734723475976807600E-013 ) ) ;
#2386 = DIRECTION ( 'NONE',  ( 1.718560196236194400E-013, -2.470955234246180800E-016, 1.000000000000000000 ) ) ;
#2387 = ORIENTED_EDGE ( 'NONE', *, *, #176, .F. ) ;
#2388 = CARTESIAN_POINT ( 'NONE',  ( 12.16745506493266200, 1.399999999999999000, 15.49999999999790900 ) ) ;
#2389 = EDGE_CURVE ( 'NONE', #4533, #4247, #4435, .T. ) ;
#2390 = ORIENTED_EDGE ( 'NONE', *, *, #4397, .F. ) ;
#2391 = VERTEX_POINT ( 'NONE', #2320 ) ;
#2392 = CARTESIAN_POINT ( 'NONE',  ( -12.16745506492840300, 1.699999999999994400, 9.300000000002091500 ) ) ;
#2393 = CARTESIAN_POINT ( 'NONE',  ( -9.659999999996069100, -6.000000000000008900, 22.86000000000165500 ) ) ;
#2394 = CARTESIAN_POINT ( 'NONE',  ( 12.91949272513969900, 1.548164813363271700, -25.16587981374108900 ) ) ;
#2395 = ORIENTED_EDGE ( 'NONE', *, *, #1122, .F. ) ;
#2396 = ORIENTED_EDGE ( 'NONE', *, *, #349, .T. ) ;
#2397 = CARTESIAN_POINT ( 'NONE',  ( 13.06745506493461800, 0.6999999999999950700, 24.66760736977083100 ) ) ;
#2398 = DIRECTION ( 'NONE',  ( 2.470955234246180800E-016, -1.000000000000000000, -2.470955234246605300E-016 ) ) ;
#2399 = ORIENTED_EDGE ( 'NONE', *, *, #521, .T. ) ;
#2400 = AXIS2_PLACEMENT_3D ( 'NONE', #1056, #1798, #3769 ) ;
#2401 = ADVANCED_FACE ( 'NONE', ( #2773 ), #392, .T. ) ;
#2402 = ORIENTED_EDGE ( 'NONE', *, *, #574, .F. ) ;
#2403 = VECTOR ( 'NONE', #384, 1000.000000000000000 ) ;
#2404 = ORIENTED_EDGE ( 'NONE', *, *, #4176, .T. ) ;
#2405 = DIRECTION ( 'NONE',  ( -1.000000000000000000, -2.168404344971006900E-016, 1.734723475976805600E-013 ) ) ;
#2406 = ORIENTED_EDGE ( 'NONE', *, *, #1928, .F. ) ;
#2407 = EDGE_CURVE ( 'NONE', #4979, #3342, #1950, .T. ) ;
#2408 = LINE ( 'NONE', #3701, #2462 ) ;
#2409 = VERTEX_POINT ( 'NONE', #4271 ) ;
#2410 = CARTESIAN_POINT ( 'NONE',  ( -9.659999999996074400, 10.21199999999999400, 22.86000000000165900 ) ) ;
#2411 = DIRECTION ( 'NONE',  ( 1.718560196236194400E-013, -2.470955234246180800E-016, 1.000000000000000000 ) ) ;
#2412 = LINE ( 'NONE', #362, #1395 ) ;
#2413 = DIRECTION ( 'NONE',  ( -1.000000000000000000, -2.168404344971006900E-016, 1.734723475976805600E-013 ) ) ;
#2414 = CIRCLE ( 'NONE', #829, 0.5999999999999998700 ) ;
#2415 = COLOUR_RGB ( '',0.7921568627450980000, 0.8196078431372548800, 0.9333333333333333500 ) ;
#2416 = VERTEX_POINT ( 'NONE', #3427 ) ;
#2417 = EDGE_CURVE ( 'NONE', #3106, #3221, #334, .T. ) ;
#2418 = VECTOR ( 'NONE', #375, 1000.000000000000000 ) ;
#2419 = CARTESIAN_POINT ( 'NONE',  ( 1.615273617595625500E-012, 0.6999999999999977400, 9.400000000000000400 ) ) ;
#2420 = VECTOR ( 'NONE', #4277, 1000.000000000000000 ) ;
#2421 = CARTESIAN_POINT ( 'NONE',  ( -13.59999999999438500, -9.680913431326730700E-015, 25.57882969773997700 ) ) ;
#2422 = LINE ( 'NONE', #470, #1154 ) ;
#2423 = ADVANCED_FACE ( 'NONE', ( #3188 ), #4671, .T. ) ;
#2424 = CARTESIAN_POINT ( 'NONE',  ( -12.08770529052838500, 0.6999999999999946300, 9.400000000002078700 ) ) ;
#2425 = DIRECTION ( 'NONE',  ( 1.000000000000000000, 0.0000000000000000000, -1.711593829630450300E-013 ) ) ;
#2426 = DIRECTION ( 'NONE',  ( -1.000000000000000000, -2.168404344971008900E-016, 1.734723475976807100E-013 ) ) ;
#2427 = DIRECTION ( 'NONE',  ( -1.718341575309310700E-013, 0.01745240643728005600, -0.9998476951563912700 ) ) ;
#2428 = B_SPLINE_CURVE_WITH_KNOTS ( 'NONE', 3,
 ( #1176, #1102, #3021, #3814, #1160, #3475 ),
 .UNSPECIFIED., .F., .F.,
 ( 4, 1, 1, 4 ),
 ( 0.0000000000000000000, 3.762886887467336100E-005, 0.0003721902370325727100, 0.0007067516051904721000 ),
 .UNSPECIFIED. ) ;
#2429 = CARTESIAN_POINT ( 'NONE',  ( 13.06745506493266600, 0.6999999999999974000, 15.49999999999775300 ) ) ;
#2430 = EDGE_LOOP ( 'NONE', ( #4102, #3931, #2785, #737 ) ) ;
#2431 = LINE ( 'NONE', #1081, #5018 ) ;
#2432 = CARTESIAN_POINT ( 'NONE',  ( -12.08770529052838500, 0.6999999999999946300, 9.400000000002078700 ) ) ;
#2433 = DIRECTION ( 'NONE',  ( 1.000000000000000000, 3.614007241618348300E-016, -1.734723475976807100E-013 ) ) ;
#2434 = DIRECTION ( 'NONE',  ( 0.01745240643728005600, -0.9998476951563912700, -3.246358992744149600E-015 ) ) ;
#2435 =( GEOMETRIC_REPRESENTATION_CONTEXT ( 3 ) GLOBAL_UNCERTAINTY_ASSIGNED_CONTEXT ( ( #3299 ) ) GLOBAL_UNIT_ASSIGNED_CONTEXT ( ( #516, #3218, #2470 ) ) REPRESENTATION_CONTEXT ( 'NONE', 'WORKASPACE' ) );
#2436 = CIRCLE ( 'NONE', #3369, 0.5999999999999998700 ) ;
#2437 = CARTESIAN_POINT ( 'NONE',  ( 12.08770529053000000, 0.7000000000000030600, -2.077171950747455100E-012 ) ) ;
#2438 = LINE ( 'NONE', #3772, #1682 ) ;
#2439 = DIRECTION ( 'NONE',  ( 1.000000000000000000, 2.470955234246605300E-016, -1.718560196236194400E-013 ) ) ;
#2440 = PLANE ( 'NONE',  #3452 ) ;
#2441 = ORIENTED_EDGE ( 'NONE', *, *, #3982, .T. ) ;
#2442 = EDGE_CURVE ( 'NONE', #2976, #2109, #3746, .T. ) ;
#2443 = CARTESIAN_POINT ( 'NONE',  ( -13.21553162225213300, 22.02617860965997200, -24.31576007950772200 ) ) ;
#2444 = ORIENTED_EDGE ( 'NONE', *, *, #1891, .F. ) ;
#2445 = DIRECTION ( 'NONE',  ( 2.752243213584974200E-015, 0.9998476951563912700, 0.01745240643728005600 ) ) ;
#2447 = ORIENTED_EDGE ( 'NONE', *, *, #1957, .T. ) ;
#2446 = EDGE_LOOP ( 'NONE', ( #4642, #680, #555, #1691, #4729 ) ) ;
#2448 = VERTEX_POINT ( 'NONE', #5090 ) ;
#2449 = DIRECTION ( 'NONE',  ( -2.752243213790664900E-015, -0.9998476951563704000, -0.01745240643847690100 ) ) ;
#2450 = CARTESIAN_POINT ( 'NONE',  ( -10.16000000000392900, 0.7000000000000128300, -22.85999999999795700 ) ) ;
#2451 = EDGE_CURVE ( 'NONE', #751, #431, #1657, .T. ) ;
#2452 = EDGE_CURVE ( 'NONE', #4532, #2583, #2414, .T. ) ;
#2453 = DIRECTION ( 'NONE',  ( 2.470955234246180800E-016, -1.000000000000000000, -2.470955234246605300E-016 ) ) ;
#2455 = EDGE_LOOP ( 'NONE', ( #4912, #4288 ) ) ;
#2454 = ORIENTED_EDGE ( 'NONE', *, *, #2026, .T. ) ;
#2456 = ORIENTED_EDGE ( 'NONE', *, *, #1499, .F. ) ;
#2457 = CYLINDRICAL_SURFACE ( 'NONE', #930, 0.5999999999999998700 ) ;
#2458 = ORIENTED_EDGE ( 'NONE', *, *, #1624, .T. ) ;
#2459 = CARTESIAN_POINT ( 'NONE',  ( -11.71576007951427400, 23.50000000000000400, -24.84208138431798200 ) ) ;
#2460 = ORIENTED_EDGE ( 'NONE', *, *, #917, .T. ) ;
#2461 = CARTESIAN_POINT ( 'NONE',  ( 11.71576007951417400, 21.99999999999999600, 24.31576007950799600 ) ) ;
#2462 = VECTOR ( 'NONE', #4523, 1000.000000000000000 ) ;
#2463 = CARTESIAN_POINT ( 'NONE',  ( -11.99993907005066700, 3.330994798022909900E-015, -25.69992383597794100 ) ) ;
#2465 = LINE ( 'NONE', #4036, #637 ) ;
#2464 = CARTESIAN_POINT ( 'NONE',  ( -12.05015230484837700, 1.700000000000021900, -25.65000000000117500 ) ) ;
#2466 = DIRECTION ( 'NONE',  ( -1.000000000000000000, -2.470955234246605300E-016, 1.718560196236194400E-013 ) ) ;
#2467 = CARTESIAN_POINT ( 'NONE',  ( -11.70592079725430100, 23.49993545762982400, -24.30592079755150100 ) ) ;
#2468 = VECTOR ( 'NONE', #3262, 1000.000000000000000 ) ;
#2469 = CARTESIAN_POINT ( 'NONE',  ( 13.59999999999635600, 8.598924215177288300E-015, -21.20000000000234800 ) ) ;
#2470 =( NAMED_UNIT ( * ) SI_UNIT ( $, .STERADIAN. ) SOLID_ANGLE_UNIT ( ) );
#2471 = FACE_OUTER_BOUND ( 'NONE', #2505, .T. ) ;
#2472 = FACE_OUTER_BOUND ( 'NONE', #2446, .T. ) ;
#2473 = EDGE_CURVE ( 'NONE', #618, #2043, #2944, .T. ) ;
#2474 = FACE_OUTER_BOUND ( 'NONE', #5107, .T. ) ;
#2475 = PLANE ( 'NONE',  #4105 ) ;
#2476 = LINE ( 'NONE', #3242, #146 ) ;
#2477 = EDGE_LOOP ( 'NONE', ( #247, #46, #4800, #4097 ) ) ;
#2478 = CARTESIAN_POINT ( 'NONE',  ( 12.02709324932423100, 3.003599999999996900, 24.62709324931793400 ) ) ;
#2479 = AXIS2_PLACEMENT_3D ( 'NONE', #2015, #838, #3964 ) ;
#2480 = FACE_OUTER_BOUND ( 'NONE', #3682, .T. ) ;
#2481 = CYLINDRICAL_SURFACE ( 'NONE', #922, 0.2999999999999999300 ) ;
#2482 = DIRECTION ( 'NONE',  ( -1.000000000000000000, -2.470955234246605300E-016, 1.718560196236194400E-013 ) ) ;
#2483 = EDGE_CURVE ( 'NONE', #807, #4366, #1529, .T. ) ;
#2484 = CARTESIAN_POINT ( 'NONE',  ( -8.589999999995500300, 0.6999999999999913000, 26.18778145455150500 ) ) ;
#2485 = CYLINDRICAL_SURFACE ( 'NONE', #1612, 0.9999999999999994400 ) ;
#2486 = CARTESIAN_POINT ( 'NONE',  ( 13.08770529053264700, 0.6999999999999994000, 15.39999999999775000 ) ) ;
#2487 = ORIENTED_EDGE ( 'NONE', *, *, #2139, .T. ) ;
#2488 = CARTESIAN_POINT ( 'NONE',  ( 11.70592079756331900, 23.49993545763252100, 24.30592079765492700 ) ) ;
#2489 = DIRECTION ( 'NONE',  ( -2.470955234246180800E-016, 1.000000000000000000, 2.470955234246605300E-016 ) ) ;
#2490 = B_SPLINE_SURFACE_WITH_KNOTS ( 'NONE', 3, 3, ( 
 ( #610, #2589, #3762, #2602 ),
 ( #3005, #216, #677, #1087 ),
 ( #4930, #4950, #1820, #1461 ),
 ( #4582, #4517, #1872, #648 ),
 ( #1839, #2937, #3319, #1011 ),
 ( #3361, #4531, #2206, #3775 ),
 ( #1854, #231, #663, #1479 ),
 ( #4175, #4570, #2249, #2952 ) ),
 .UNSPECIFIED., .F., .F., .F.,
 ( 4, 1, 1, 1, 1, 4 ),
 ( 4, 4 ),
 ( 0.0000000000000000000, 0.2000000000000000100, 0.4000000000000000200, 0.5999999999999999800, 0.8000000000000000400, 1.000000000000000000 ),
 ( 0.0000000000000000000, 1.000000000000000000 ),
 .UNSPECIFIED. ) ;
#2491 = CARTESIAN_POINT ( 'NONE',  ( 12.97882969763178800, -3.266891996179775600E-015, 26.20000000011725700 ) ) ;
#2492 = CIRCLE ( 'NONE', #1265, 0.5999999999999998700 ) ;
#2493 = CARTESIAN_POINT ( 'NONE',  ( -12.84308418776754700, 1.700000000000003100, -25.25925303153479700 ) ) ;
#2494 = FACE_OUTER_BOUND ( 'NONE', #1706, .T. ) ;
#2495 = CARTESIAN_POINT ( 'NONE',  ( -3.928801575462337500E-012, 0.7000000000000036200, -22.85999999999999900 ) ) ;
#2496 = PLANE ( 'NONE',  #10 ) ;
#2497 = VERTEX_POINT ( 'NONE', #1969 ) ;
#2498 = PLANE ( 'NONE',  #2237 ) ;
#2499 = ORIENTED_EDGE ( 'NONE', *, *, #1092, .F. ) ;
#2500 =( BOUNDED_SURFACE ( )  B_SPLINE_SURFACE ( 3, 3, ( 
 ( #2362, #2727, #2377, #2713 ),
 ( #828, #3087, #756, #4308 ),
 ( #2775, #4748, #3935, #3539 ),
 ( #3103, #1231, #1167, #779 ) ),
 .UNSPECIFIED., .F., .F., .T. ) 
 B_SPLINE_SURFACE_WITH_KNOTS ( ( 4, 4 ),
 ( 4, 4 ),
 ( 0.0000000000000000000, 1.000000000000000000 ),
 ( 0.0000000000000000000, 1.000000000000000000 ),
 .UNSPECIFIED. ) 
 GEOMETRIC_REPRESENTATION_ITEM ( )  RATIONAL_B_SPLINE_SURFACE ( (
 ( 1.000000000000000000, 0.8047378540035327000, 0.8047378540035327000, 1.000000000000000000),
 ( 0.8083544723009064000, 0.6505134433135895100, 0.6505134433135895100, 0.8083544723009064000),
 ( 0.8083544723009064000, 0.6505134433135895100, 0.6505134433135895100, 0.8083544723009064000),
 ( 1.000000000000000000, 0.8047378540035327000, 0.8047378540035327000, 1.000000000000000000) ) ) 
 REPRESENTATION_ITEM ( '' )  SURFACE ( )  );
#2501 = PLANE ( 'NONE',  #1640 ) ;
#2502 = EDGE_LOOP ( 'NONE', ( #4287, #2575, #4536, #2282 ) ) ;
#2503 = VERTEX_POINT ( 'NONE', #1579 ) ;
#2504 = DIRECTION ( 'NONE',  ( 1.000000000000000000, 2.470955234246605300E-016, -1.718560196236194400E-013 ) ) ;
#2505 = EDGE_LOOP ( 'NONE', ( #2395, #2800 ) ) ;
#2506 = CARTESIAN_POINT ( 'NONE',  ( 13.06745506493159900, 1.300000000000000900, 9.299999999997755400 ) ) ;
#2507 = EDGE_CURVE ( 'NONE', #2625, #2222, #3354, .T. ) ;
#2508 = CARTESIAN_POINT ( 'NONE',  ( -12.08770529053000000, 1.199999999999996800, 2.077641432241961900E-012 ) ) ;
#2510 = VERTEX_POINT ( 'NONE', #3872 ) ;
#2509 = ORIENTED_EDGE ( 'NONE', *, *, #1656, .F. ) ;
#2511 = VERTEX_POINT ( 'NONE', #1906 ) ;
#2512 = ORIENTED_EDGE ( 'NONE', *, *, #1928, .T. ) ;
#2513 = AXIS2_PLACEMENT_3D ( 'NONE', #2761, #4749, #2041 ) ;
#2514 = PLANE ( 'NONE',  #2022 ) ;
#2515 = ORIENTED_EDGE ( 'NONE', *, *, #893, .T. ) ;
#2516 = VERTEX_POINT ( 'NONE', #3849 ) ;
#2517 = ORIENTED_EDGE ( 'NONE', *, *, #653, .F. ) ;
#2518 = LINE ( 'NONE', #4026, #3175 ) ;
#2519 = ORIENTED_EDGE ( 'NONE', *, *, #892, .T. ) ;
#2520 = EDGE_CURVE ( 'NONE', #688, #2913, #2836, .T. ) ;
#2521 = CARTESIAN_POINT ( 'NONE',  ( -13.02694094447215900, 3.021052406437271500, 24.62709324932224000 ) ) ;
#2522 = EDGE_LOOP ( 'NONE', ( #753, #2054, #1761, #3751, #430 ) ) ;
#2523 = EDGE_LOOP ( 'NONE', ( #629, #3529, #2192, #2040 ) ) ;
#2524 = ADVANCED_FACE ( 'NONE', ( #2715 ), #1545, .T. ) ;
#2525 = EDGE_LOOP ( 'NONE', ( #2290, #2208, #1532, #627 ) ) ;
#2526 = CARTESIAN_POINT ( 'NONE',  ( 11.99993905485558800, 1.700000000000009500, -25.67025022560206400 ) ) ;
#2527 = AXIS2_PLACEMENT_3D ( 'NONE', #1604, #3973, #1660 ) ;
#2528 = CYLINDRICAL_SURFACE ( 'NONE', #2188, 0.5000000000000004400 ) ;
#2529 = SURFACE_SIDE_STYLE ('',( #2953 ) ) ;
#2530 = CARTESIAN_POINT ( 'NONE',  ( -12.16745506493266400, 1.700000000000000800, -15.49999999999790900 ) ) ;
#2531 = VECTOR ( 'NONE', #380, 1000.000000000000100 ) ;
#2532 = AXIS2_PLACEMENT_3D ( 'NONE', #3640, #3660, #1694 ) ;
#2533 = CARTESIAN_POINT ( 'NONE',  ( -3.929048670985769000E-012, 1.700000000028018000, -22.85999999999999900 ) ) ;
#2534 = VECTOR ( 'NONE', #2686, 1000.000000000000100 ) ;
#2535 = CARTESIAN_POINT ( 'NONE',  ( -2.646879216831848800E-012, 1.200000000000003700, -15.40000000000000000 ) ) ;
#2536 = CIRCLE ( 'NONE', #438, 1.499999999999999800 ) ;
#2537 = ORIENTED_EDGE ( 'NONE', *, *, #1356, .F. ) ;
#2538 = LINE ( 'NONE', #2329, #2418 ) ;
#2539 = LINE ( 'NONE', #2677, #1534 ) ;
#2540 = DIRECTION ( 'NONE',  ( -1.000000000000000000, -2.470955234246605300E-016, 1.718560196236194400E-013 ) ) ;
#2541 = VECTOR ( 'NONE', #4660, 1000.000000000000000 ) ;
#2542 = EDGE_CURVE ( 'NONE', #2162, #2057, #894, .T. ) ;
#2543 =( LENGTH_UNIT ( ) NAMED_UNIT ( * ) SI_UNIT ( .MILLI., .METRE. ) );
#2544 = DIRECTION ( 'NONE',  ( 2.470955234246180800E-016, -1.000000000000000000, -2.470955234246605300E-016 ) ) ;
#2545 = CARTESIAN_POINT ( 'NONE',  ( -13.04999999999733800, 1.699999999999992900, 15.50000000000225600 ) ) ;
#2546 = AXIS2_PLACEMENT_3D ( 'NONE', #1507, #1019, #2242 ) ;
#2547 = ORIENTED_EDGE ( 'NONE', *, *, #3586, .F. ) ;
#2548 = EDGE_CURVE ( 'NONE', #1878, #1693, #267, .T. ) ;
#2549 = CARTESIAN_POINT ( 'NONE',  ( 0.4999979999960215100, 1.700000000000006000, -22.85999999999978600 ) ) ;
#2550 = CARTESIAN_POINT ( 'NONE',  ( 12.96750786878820900, 1.214831480028939700, 25.08219790239720500 ) ) ;
#2551 = VERTEX_POINT ( 'NONE', #4358 ) ;
#2552 = DIRECTION ( 'NONE',  ( -1.000000000000000000, -2.470955234246605300E-016, 1.718560196236194400E-013 ) ) ;
#2553 = VECTOR ( 'NONE', #1414, 1000.000000000000000 ) ;
#2554 = AXIS2_PLACEMENT_3D ( 'NONE', #3743, #2980, #1460 ) ;
#2555 = CARTESIAN_POINT ( 'NONE',  ( -12.77609723762552100, 22.03701650797376000, -25.37609723780519000 ) ) ;
#2556 = DIRECTION ( 'NONE',  ( 1.718560196236194400E-013, -2.470955234246180800E-016, 1.000000000000000000 ) ) ;
#2557 = CARTESIAN_POINT ( 'NONE',  ( 12.08770529053264700, 0.6999999999999992900, 15.39999999999792200 ) ) ;
#2558 = CARTESIAN_POINT ( 'NONE',  ( 11.70592079751057900, 23.49993545763252100, 24.30592079770766000 ) ) ;
#2559 = CARTESIAN_POINT ( 'NONE',  ( -0.5000020000039783200, 0.7000000000000151700, -22.85999999999961200 ) ) ;
#2560 = CYLINDRICAL_SURFACE ( 'NONE', #485, 0.9999999999999994400 ) ;
#2561 = CARTESIAN_POINT ( 'NONE',  ( -12.77609723762552100, 22.03701650797377100, -25.37609723780520100 ) ) ;
#2562 = ORIENTED_EDGE ( 'NONE', *, *, #1911, .F. ) ;
#2563 = ORIENTED_EDGE ( 'NONE', *, *, #792, .T. ) ;
#2564 = DIRECTION ( 'NONE',  ( 2.470955234246180800E-016, -1.000000000000000000, -2.470955234246605300E-016 ) ) ;
#2565 = CARTESIAN_POINT ( 'NONE',  ( -12.48227828211515200, 1.215498257360489600, 25.56746156555418300 ) ) ;
#2566 = CARTESIAN_POINT ( 'NONE',  ( 13.08770529053271000, 0.7000000000000006200, 15.39999999999775300 ) ) ;
#2567 = ORIENTED_EDGE ( 'NONE', *, *, #2382, .F. ) ;
#2568 = VERTEX_POINT ( 'NONE', #4703 ) ;
#2569 = CARTESIAN_POINT ( 'NONE',  ( 8.589999999995379600, 8.765978134361749300E-015, -26.88607019694147500 ) ) ;
#2570 = EDGE_CURVE ( 'NONE', #1316, #1784, #4079, .T. ) ;
#2572 = ORIENTED_EDGE ( 'NONE', *, *, #2957, .F. ) ;
#2571 = ORIENTED_EDGE ( 'NONE', *, *, #3048, .F. ) ;
#2573 = EDGE_LOOP ( 'NONE', ( #2744, #910, #3042, #3178 ) ) ;
#2574 = VECTOR ( 'NONE', #840, 1000.000000000000100 ) ;
#2575 = ORIENTED_EDGE ( 'NONE', *, *, #795, .T. ) ;
#2576 = ADVANCED_FACE ( 'NONE', ( #4310 ), #2804, .T. ) ;
#2577 = EDGE_CURVE ( 'NONE', #1808, #1332, #4379, .T. ) ;
#2578 = ORIENTED_EDGE ( 'NONE', *, *, #4846, .T. ) ;
#2579 = AXIS2_PLACEMENT_3D ( 'NONE', #3024, #5044, #3409 ) ;
#2581 = LINE ( 'NONE', #463, #1328 ) ;
#2580 = CARTESIAN_POINT ( 'NONE',  ( -12.31965277738478200, 23.50798738021440200, -24.91965277809402600 ) ) ;
#2582 = ORIENTED_EDGE ( 'NONE', *, *, #3126, .T. ) ;
#2583 = VERTEX_POINT ( 'NONE', #405 ) ;
#2584 = CARTESIAN_POINT ( 'NONE',  ( 8.590000000004414100, 0.6999999999999988500, 25.68770529052877900 ) ) ;
#2585 = CARTESIAN_POINT ( 'NONE',  ( 11.71576007950952000, 22.02617860965650800, -25.81553162224940600 ) ) ;
#2586 = VECTOR ( 'NONE', #1760, 1000.000000000000000 ) ;
#2587 = DIRECTION ( 'NONE',  ( -1.000000000000000000, 0.0000000000000000000, 1.734723475976805600E-013 ) ) ;
#2588 = DIRECTION ( 'NONE',  ( -1.000000000000000000, -2.470955234246605300E-016, 1.718560196236194400E-013 ) ) ;
#2589 = CARTESIAN_POINT ( 'NONE',  ( 11.99993905485558600, 0.5666666666667092800, -25.69003263252206500 ) ) ;
#2590 = VECTOR ( 'NONE', #1076, 1000.000000000000000 ) ;
#2591 = CARTESIAN_POINT ( 'NONE',  ( 10.76000000000392900, 0.6999999999999948500, 22.85999999999814800 ) ) ;
#2592 = DIRECTION ( 'NONE',  ( 0.01745240643727956000, 0.9998476951563912700, -2.752243213584931600E-015 ) ) ;
#2593 = EDGE_CURVE ( 'NONE', #3601, #2625, #4008, .T. ) ;
#2594 = LINE ( 'NONE', #1021, #4443 ) ;
#2595 = FACE_OUTER_BOUND ( 'NONE', #2896, .T. ) ;
#2596 = AXIS2_PLACEMENT_3D ( 'NONE', #1659, #3173, #3556 ) ;
#2597 = CARTESIAN_POINT ( 'NONE',  ( -12.34548283941440900, 3.290808444356152800E-015, -25.66344524719787800 ) ) ;
#2598 = VECTOR ( 'NONE', #2641, 1000.000000000000000 ) ;
#2599 = VECTOR ( 'NONE', #1255, 1000.000000000000000 ) ;
#2600 = LINE ( 'NONE', #1758, #1903 ) ;
#2601 = CARTESIAN_POINT ( 'NONE',  ( -12.97078916955527600, 0.7000000000000009500, -25.09761833558419400 ) ) ;
#2602 = CARTESIAN_POINT ( 'NONE',  ( 11.99993905485559000, 1.700000000000009300, -25.67025022560206100 ) ) ;
#2603 = EDGE_CURVE ( 'NONE', #3677, #2115, #4625, .T. ) ;
#2604 = EDGE_LOOP ( 'NONE', ( #2821, #1995 ) ) ;
#2605 = FILL_AREA_STYLE ('',( #4638 ) ) ;
#2606 = AXIS2_PLACEMENT_3D ( 'NONE', #2963, #1797, #3718 ) ;
#2607 = LINE ( 'NONE', #3727, #1417 ) ;
#2608 = EDGE_CURVE ( 'NONE', #4788, #4470, #1150, .T. ) ;
#2609 = CARTESIAN_POINT ( 'NONE',  ( 12.06760736977659400, 0.7000000000000057300, 25.66745506492983300 ) ) ;
#2610 = CARTESIAN_POINT ( 'NONE',  ( -13.38098323055748700, 22.54531576103879300, -24.75346645200760800 ) ) ;
#2611 = EDGE_CURVE ( 'NONE', #1630, #4234, #4809, .T. ) ;
#2612 = ORIENTED_EDGE ( 'NONE', *, *, #3998, .F. ) ;
#2613 = CARTESIAN_POINT ( 'NONE',  ( -12.26999999999635600, -8.270287169022488800E-015, 21.20000000000211000 ) ) ;
#2614 = CARTESIAN_POINT ( 'NONE',  ( 4.500354916685804400E-012, 0.6999999999999935200, 26.18778145454999900 ) ) ;
#2615 = ORIENTED_EDGE ( 'NONE', *, *, #3892, .F. ) ;
#2616 = VERTEX_POINT ( 'NONE', #3584 ) ;
#2617 =( NAMED_UNIT ( * ) PLANE_ANGLE_UNIT ( ) SI_UNIT ( $, .RADIAN. ) );
#2618 = ADVANCED_FACE ( 'NONE', ( #2651 ), #1587, .F. ) ;
#2619 = CARTESIAN_POINT ( 'NONE',  ( 12.48296569297865900, 1.699999999999996800, 25.57849523947177800 ) ) ;
#2620 = EDGE_LOOP ( 'NONE', ( #687, #3166, #3952, #3473, #3986, #3803, #2321 ) ) ;
#2621 = DIRECTION ( 'NONE',  ( -2.470955234246180800E-016, 1.000000000000000000, 2.470955234246605300E-016 ) ) ;
#2622 = ORIENTED_EDGE ( 'NONE', *, *, #2705, .T. ) ;
#2623 = CARTESIAN_POINT ( 'NONE',  ( 12.54975595146998800, 1.699999999999996600, 25.52593462648056300 ) ) ;
#2625 = VERTEX_POINT ( 'NONE', #419 ) ;
#2624 = ORIENTED_EDGE ( 'NONE', *, *, #5057, .F. ) ;
#2626 = VERTEX_POINT ( 'NONE', #822 ) ;
#2627 = CARTESIAN_POINT ( 'NONE',  ( 12.85085130652748100, 1.699999999999720400, 25.24932416385554400 ) ) ;
#2628 = ORIENTED_EDGE ( 'NONE', *, *, #1977, .F. ) ;
#2629 = EDGE_CURVE ( 'NONE', #2062, #2859, #4208, .T. ) ;
#2630 = ORIENTED_EDGE ( 'NONE', *, *, #2603, .T. ) ;
#2631 = EDGE_LOOP ( 'NONE', ( #2402, #387, #597, #3599 ) ) ;
#2632 = CARTESIAN_POINT ( 'NONE',  ( 8.589999999999999900, 2.122550546217834000E-015, -1.476243208566891100E-012 ) ) ;
#2633 = CARTESIAN_POINT ( 'NONE',  ( -13.09992383597575300, -9.343927997030160300E-015, 24.71512599219225200 ) ) ;
#2634 = VECTOR ( 'NONE', #1520, 1000.000000000000000 ) ;
#2635 = VERTEX_POINT ( 'NONE', #2002 ) ;
#2636 = EDGE_CURVE ( 'NONE', #191, #2109, #1045, .T. ) ;
#2637 = SURFACE_STYLE_USAGE ( .BOTH. , #3764 ) ;
#2639 = ORIENTED_EDGE ( 'NONE', *, *, #1891, .T. ) ;
#2638 = ORIENTED_EDGE ( 'NONE', *, *, #2119, .F. ) ;
#2640 = EDGE_CURVE ( 'NONE', #4431, #2924, #4501, .T. ) ;
#2641 = DIRECTION ( 'NONE',  ( -1.718560196236194400E-013, 2.470955234246180800E-016, -1.000000000000000000 ) ) ;
#2642 = CARTESIAN_POINT ( 'NONE',  ( 11.86745506492840200, 1.700000000000005300, -9.300000000002041700 ) ) ;
#2643 = LINE ( 'NONE', #2198, #2118 ) ;
#2644 = EDGE_LOOP ( 'NONE', ( #1946, #1920, #306, #2872 ) ) ;
#2645 = DIRECTION ( 'NONE',  ( 2.470955234246180800E-016, -1.000000000000000000, -2.470955234246605300E-016 ) ) ;
#2646 = AXIS2_PLACEMENT_3D ( 'NONE', #511, #3234, #2074 ) ;
#2647 = CARTESIAN_POINT ( 'NONE',  ( 13.09992383597577300, 9.315467354049000900E-015, -24.59993905486225100 ) ) ;
#2648 = CIRCLE ( 'NONE', #987, 1.499999999999999800 ) ;
#2649 = ADVANCED_FACE ( 'NONE', ( #3435 ), #2131, .T. ) ;
#2651 = FACE_OUTER_BOUND ( 'NONE', #4477, .T. ) ;
#2650 = CARTESIAN_POINT ( 'NONE',  ( -12.90461997815566000, -9.429621087148316100E-015, 25.25722511097221800 ) ) ;
#2652 = ORIENTED_EDGE ( 'NONE', *, *, #593, .T. ) ;
#2653 = DIRECTION ( 'NONE',  ( -1.723158652803626800E-013, 0.0000000000000000000, -1.000000000000000000 ) ) ;
#2654 = CARTESIAN_POINT ( 'NONE',  ( -13.09992383598424600, 2.870064456470906800E-015, -24.71512599218775100 ) ) ;
#2655 = FACE_OUTER_BOUND ( 'NONE', #4227, .T. ) ;
#2656 = CYLINDRICAL_SURFACE ( 'NONE', #2295, 0.9999999999999994400 ) ;
#2657 = LINE ( 'NONE', #1792, #1843 ) ;
#2658 = FILL_AREA_STYLE ('',( #4216 ) ) ;
#2659 = CARTESIAN_POINT ( 'NONE',  ( -11.27931603926820300, 22.89246606762004900, 25.98147744539440800 ) ) ;
#2660 = EDGE_CURVE ( 'NONE', #4497, #1064, #2299, .T. ) ;
#2661 = DIRECTION ( 'NONE',  ( 0.01744974916067704200, -0.9996954598818875700, -0.01744974916068303700 ) ) ;
#2662 = CARTESIAN_POINT ( 'NONE',  ( -2.000003978286825000E-006, 0.7000000000000152800, -22.85999999999970100 ) ) ;
#2663 = CARTESIAN_POINT ( 'NONE',  ( 13.08014142906422700, 1.133333333332997400, 24.59993905485775300 ) ) ;
#2664 = DIRECTION ( 'NONE',  ( 1.000000000000000000, 3.614007241618348800E-016, -1.329954664915552400E-013 ) ) ;
#2665 = CARTESIAN_POINT ( 'NONE',  ( -12.16745506494510000, 1.400000000000018600, -87.86769536651790700 ) ) ;
#2666 = ORIENTED_EDGE ( 'NONE', *, *, #4245, .T. ) ;
#2667 = LINE ( 'NONE', #2669, #1912 ) ;
#2668 = CARTESIAN_POINT ( 'NONE',  ( 10.16000000000392900, 1.399973453572567000, 22.85999999999825100 ) ) ;
#2669 = CARTESIAN_POINT ( 'NONE',  ( -11.86745506493266500, 1.700000000000000800, -15.49999999999796100 ) ) ;
#2670 = EDGE_CURVE ( 'NONE', #3333, #939, #1714, .T. ) ;
#2671 = CARTESIAN_POINT ( 'NONE',  ( -13.07025022560425300, 1.699999999999726200, -24.71201918137775500 ) ) ;
#2673 = ADVANCED_FACE ( 'NONE', ( #4253 ), #138, .F. ) ;
#2672 = VECTOR ( 'NONE', #2341, 1000.000000000000000 ) ;
#2674 = DIRECTION ( 'NONE',  ( -2.470955234246180800E-016, 1.000000000000000000, 2.470955234246605300E-016 ) ) ;
#2675 = CARTESIAN_POINT ( 'NONE',  ( -12.15346645200544800, 22.54531576103877900, 25.98098323055531400 ) ) ;
#2676 = AXIS2_PLACEMENT_3D ( 'NONE', #67, #4033, #2792 ) ;
#2677 = CARTESIAN_POINT ( 'NONE',  ( -0.5000020000039806500, 10.21200000000000500, -22.85999999999960900 ) ) ;
#2678 = CARTESIAN_POINT ( 'NONE',  ( 9.499999999996644500, 23.50000000000000700, -19.50000000000162700 ) ) ;
#2679 = LINE ( 'NONE', #1312, #1362 ) ;
#2680 = CARTESIAN_POINT ( 'NONE',  ( -12.85085130651874200, 1.699999999999990400, 25.24932416386003500 ) ) ;
#2681 = DIRECTION ( 'NONE',  ( -1.718560196236194400E-013, 2.470955234246180800E-016, -1.000000000000000000 ) ) ;
#2682 = ORIENTED_EDGE ( 'NONE', *, *, #1055, .F. ) ;
#2683 = CARTESIAN_POINT ( 'NONE',  ( -13.07025022559577300, 1.699999999999990600, 24.59993905486224400 ) ) ;
#2684 = ORIENTED_EDGE ( 'NONE', *, *, #425, .F. ) ;
#2685 = CARTESIAN_POINT ( 'NONE',  ( -9.499999999996310500, 23.44999999999998900, 21.50000000000164100 ) ) ;
#2686 = DIRECTION ( 'NONE',  ( 0.01744974916068213100, -0.9996954598818812400, 0.01744974916103624000 ) ) ;
#2688 = ORIENTED_EDGE ( 'NONE', *, *, #3576, .T. ) ;
#2687 = ORIENTED_EDGE ( 'NONE', *, *, #975, .T. ) ;
#2689 =( LENGTH_UNIT ( ) NAMED_UNIT ( * ) SI_UNIT ( .MILLI., .METRE. ) );
#2690 = EDGE_LOOP ( 'NONE', ( #2630, #408, #3678, #2928 ) ) ;
#2691 = STYLED_ITEM ( 'NONE', ( #3878 ), #827 ) ;
#2692 = DIRECTION ( 'NONE',  ( 1.718560196236194400E-013, -2.470955234246180800E-016, 1.000000000000000000 ) ) ;
#2693 = CARTESIAN_POINT ( 'NONE',  ( -11.15484854884256900, 54.16077860963443400, -25.25462009280303000 ) ) ;
#2695 = ORIENTED_EDGE ( 'NONE', *, *, #3962, .F. ) ;
#2694 = ORIENTED_EDGE ( 'NONE', *, *, #4282, .F. ) ;
#2696 = VERTEX_POINT ( 'NONE', #1228 ) ;
#2698 = LINE ( 'NONE', #4011, #1263 ) ;
#2697 = CARTESIAN_POINT ( 'NONE',  ( -13.09992383598161500, -9.142346168832518100E-016, -9.399999999997760400 ) ) ;
#2699 = ORIENTED_EDGE ( 'NONE', *, *, #2207, .T. ) ;
#2700 = CARTESIAN_POINT ( 'NONE',  ( 12.48219790240415300, 1.214831480031119100, 25.56750786878157900 ) ) ;
#2701 = VERTEX_POINT ( 'NONE', #4862 ) ;
#2702 = ADVANCED_FACE ( 'NONE', ( #73 ), #155, .F. ) ;
#2703 = DIRECTION ( 'NONE',  ( 1.000000000000000000, 3.614007241618348800E-016, -1.734723475976807600E-013 ) ) ;
#2704 = FACE_OUTER_BOUND ( 'NONE', #3329, .T. ) ;
#2705 = EDGE_CURVE ( 'NONE', #301, #3933, #3304, .T. ) ;
#2706 = DIRECTION ( 'NONE',  ( 2.470955234246180800E-016, -1.000000000000000000, -2.470955234246605300E-016 ) ) ;
#2707 = VERTEX_POINT ( 'NONE', #3673 ) ;
#2708 = CARTESIAN_POINT ( 'NONE',  ( 12.06760736977659400, 0.7000000000000057300, 25.66745506492983300 ) ) ;
#2709 = AXIS2_PLACEMENT_3D ( 'NONE', #1999, #2751, #418 ) ;
#2710 = VECTOR ( 'NONE', #3976, 1000.000000000000000 ) ;
#2711 = EDGE_CURVE ( 'NONE', #5115, #2278, #4126, .T. ) ;
#2712 = DIRECTION ( 'NONE',  ( 0.7068914388648039900, 0.02467767198251201100, -0.7068914387408937700 ) ) ;
#2713 = CARTESIAN_POINT ( 'NONE',  ( 12.77609723780302700, 22.03701650797378200, -25.37609723762335200 ) ) ;
#2714 = EDGE_CURVE ( 'NONE', #1257, #3420, #3496, .T. ) ;
#2715 = FACE_OUTER_BOUND ( 'NONE', #4755, .T. ) ;
#2716 = CARTESIAN_POINT ( 'NONE',  ( -0.5000020000039806500, 10.21200000000000500, -22.85999999999960900 ) ) ;
#2717 = CARTESIAN_POINT ( 'NONE',  ( 13.09992383597575300, 9.343931064210310200E-015, -24.71512599219225200 ) ) ;
#2718 = CONICAL_SURFACE ( 'NONE', #4693, 0.9000398214160116900, 0.7854202858301186900 ) ;
#2719 = CARTESIAN_POINT ( 'NONE',  ( 12.88021493424433700, 1.699999999999996800, 25.23949452596778500 ) ) ;
#2720 = VECTOR ( 'NONE', #2008, 1000.000000000000000 ) ;
#2721 = COLOUR_RGB ( '',0.7921568627450980000, 0.8196078431372548800, 0.9333333333333333500 ) ;
#2722 = VERTEX_POINT ( 'NONE', #4407 ) ;
#2723 = FACE_OUTER_BOUND ( 'NONE', #811, .T. ) ;
#2724 = FACE_OUTER_BOUND ( 'NONE', #4881, .T. ) ;
#2725 = UNCERTAINTY_MEASURE_WITH_UNIT (LENGTH_MEASURE( 1.000000000000000100E-005 ), #1302, 'distance_accuracy_value', 'NONE');
#2726 = ADVANCED_FACE ( 'NONE', ( #3065 ), #529, .T. ) ;
#2727 = CARTESIAN_POINT ( 'NONE',  ( 12.77609723780302400, 22.03701650797377800, -25.37609723762335200 ) ) ;
#2728 = DIRECTION ( 'NONE',  ( -2.470955234246180800E-016, 1.000000000000000000, 2.470955234246605300E-016 ) ) ;
#2729 = EDGE_LOOP ( 'NONE', ( #2883, #1321, #3403, #1929 ) ) ;
#2730 = CARTESIAN_POINT ( 'NONE',  ( 0.0000000000000000000, 0.0000000000000000000, 0.0000000000000000000 ) ) ;
#2731 = CARTESIAN_POINT ( 'NONE',  ( 10.76000000000392900, 1.399973453572567200, 22.85999999999812400 ) ) ;
#2732 = EDGE_CURVE ( 'NONE', #3747, #1372, #3875, .T. ) ;
#2733 = CARTESIAN_POINT ( 'NONE',  ( 13.59999999999575400, 9.463814997932166100E-015, -24.70022845727236700 ) ) ;
#2734 = CARTESIAN_POINT ( 'NONE',  ( -9.500000000003700200, 23.50000000000000400, -21.49999999999836200 ) ) ;
#2735 = VECTOR ( 'NONE', #4025, 1000.000000000000000 ) ;
#2736 = EDGE_CURVE ( 'NONE', #4361, #618, #2890, .T. ) ;
#2737 = CARTESIAN_POINT ( 'NONE',  ( 0.0000000000000000000, 0.0000000000000000000, 0.0000000000000000000 ) ) ;
#2738 = AXIS2_PLACEMENT_3D ( 'NONE', #1739, #4448, #1375 ) ;
#2739 = ORIENTED_EDGE ( 'NONE', *, *, #2318, .T. ) ;
#2740 = CARTESIAN_POINT ( 'NONE',  ( -8.590000000004501100, 0.7000000000000042900, -26.18778145454852400 ) ) ;
#2741 = ORIENTED_EDGE ( 'NONE', *, *, #4846, .F. ) ;
#2742 = DIRECTION ( 'NONE',  ( 1.000000000000000000, 2.470955234246605300E-016, -1.718560196236194400E-013 ) ) ;
#2743 = CARTESIAN_POINT ( 'NONE',  ( 13.04582323908436300, 0.6999999999999949600, 24.90714819870947800 ) ) ;
#2745 = VERTEX_POINT ( 'NONE', #2097 ) ;
#2744 = ORIENTED_EDGE ( 'NONE', *, *, #843, .F. ) ;
#2746 = CARTESIAN_POINT ( 'NONE',  ( 12.42013518798409200, 0.6999999999999946300, 25.60325947666664300 ) ) ;
#2747 = ORIENTED_EDGE ( 'NONE', *, *, #4422, .F. ) ;
#2748 = AXIS2_PLACEMENT_3D ( 'NONE', #1859, #2970, #1036 ) ;
#2749 = ADVANCED_FACE ( 'NONE', ( #2071 ), #3199, .T. ) ;
#2750 = DIRECTION ( 'NONE',  ( -2.470955234246180800E-016, 1.000000000000000000, 2.470955234246605300E-016 ) ) ;
#2751 = DIRECTION ( 'NONE',  ( -2.470955234246180800E-016, 1.000000000000000000, 2.470955234246605300E-016 ) ) ;
#2752 = ORIENTED_EDGE ( 'NONE', *, *, #385, .F. ) ;
#2753 = ORIENTED_EDGE ( 'NONE', *, *, #4354, .F. ) ;
#2754 = DIRECTION ( 'NONE',  ( 1.000000000000000000, 2.470955234246605300E-016, -1.718560196236194400E-013 ) ) ;
#2755 = EDGE_CURVE ( 'NONE', #3227, #3411, #313, .T. ) ;
#2756 = CARTESIAN_POINT ( 'NONE',  ( 12.16745506493266200, 1.699999999999999100, 15.49999999999790900 ) ) ;
#2757 = ORIENTED_EDGE ( 'NONE', *, *, #3557, .T. ) ;
#2758 = ORIENTED_EDGE ( 'NONE', *, *, #186, .F. ) ;
#2759 = CARTESIAN_POINT ( 'NONE',  ( 12.84308418775877300, 1.700000000000009700, -25.25925303153932000 ) ) ;
#2760 = FACE_OUTER_BOUND ( 'NONE', #3995, .T. ) ;
#2761 = CARTESIAN_POINT ( 'NONE',  ( -15.37931440638549700, -1.027406245688435400E-014, 26.20000000000264600 ) ) ;
#2762 = VERTEX_POINT ( 'NONE', #1299 ) ;
#2763 = ORIENTED_EDGE ( 'NONE', *, *, #4245, .F. ) ;
#2764 = CARTESIAN_POINT ( 'NONE',  ( -10.16000000000392800, -5.999999999999996400, -22.85999999999795700 ) ) ;
#2765 = FACE_OUTER_BOUND ( 'NONE', #4040, .T. ) ;
#2766 = VERTEX_POINT ( 'NONE', #1334 ) ;
#2767 = CARTESIAN_POINT ( 'NONE',  ( 0.4999979999960233500, -5.999999999999993800, -22.85999999999978600 ) ) ;
#2768 = EDGE_CURVE ( 'NONE', #1257, #2971, #4063, .T. ) ;
#2769 = CIRCLE ( 'NONE', #1103, 1.500000000000001300 ) ;
#2770 = ORIENTED_EDGE ( 'NONE', *, *, #4648, .T. ) ;
#2771 = DIRECTION ( 'NONE',  ( -0.7071224239356742600, 0.7070911380913612600, 1.216113666977583400E-013 ) ) ;
#2772 = AXIS2_PLACEMENT_3D ( 'NONE', #1900, #4645, #3810 ) ;
#2773 = FACE_OUTER_BOUND ( 'NONE', #4467, .T. ) ;
#2774 = ADVANCED_FACE ( 'NONE', ( #139 ), #2496, .T. ) ;
#2775 = CARTESIAN_POINT ( 'NONE',  ( 11.29451029972566200, 22.02198747903318600, -25.99667170557501400 ) ) ;
#2776 = EDGE_CURVE ( 'NONE', #1272, #646, #4122, .T. ) ;
#2777 = PRESENTATION_STYLE_ASSIGNMENT (( #1910 ) ) ;
#2778 = CARTESIAN_POINT ( 'NONE',  ( 9.499999999996644500, 23.47500000000000900, -19.50000000000162700 ) ) ;
#2779 = CIRCLE ( 'NONE', #3621, 0.5000000000000004400 ) ;
#2780 = LINE ( 'NONE', #4199, #3759 ) ;
#2781 = CARTESIAN_POINT ( 'NONE',  ( -13.06745506492733900, 1.699999999999992900, 15.50000000000224700 ) ) ;
#2782 = VECTOR ( 'NONE', #4223, 1000.000000000000000 ) ;
#2783 = CARTESIAN_POINT ( 'NONE',  ( 10.66000000000383000, 0.7000000000000066200, 22.85999999999816600 ) ) ;
#2784 = DIRECTION ( 'NONE',  ( -1.718560196236194400E-013, 2.470955234246180800E-016, -1.000000000000000000 ) ) ;
#2785 = ORIENTED_EDGE ( 'NONE', *, *, #666, .T. ) ;
#2786 = MANIFOLD_SOLID_BREP ( 'Body-Move/Copy1[4]', #3314 ) ;
#2787 = DIRECTION ( 'NONE',  ( 1.718560196236194400E-013, -2.470955234246180800E-016, 1.000000000000000000 ) ) ;
#2788 = AXIS2_PLACEMENT_3D ( 'NONE', #4344, #4763, #84 ) ;
#2789 = CARTESIAN_POINT ( 'NONE',  ( -10.15999999999607300, 1.699999999971159000, 22.86000000000174400 ) ) ;
#2790 = LINE ( 'NONE', #4338, #4895 ) ;
#2791 = DIRECTION ( 'NONE',  ( -2.470955234246180800E-016, 1.000000000000000000, 2.470955234246605300E-016 ) ) ;
#2792 = DIRECTION ( 'NONE',  ( 1.000000000000000000, 3.614007241618348300E-016, -1.734723475976807100E-013 ) ) ;
#2793 =( NAMED_UNIT ( * ) PLANE_ANGLE_UNIT ( ) SI_UNIT ( $, .RADIAN. ) );
#2794 = FACE_OUTER_BOUND ( 'NONE', #4231, .T. ) ;
#2795 = DIRECTION ( 'NONE',  ( 2.470955234246180800E-016, -1.000000000000000000, -2.470955234246605300E-016 ) ) ;
#2796 = EDGE_CURVE ( 'NONE', #1573, #1001, #327, .T. ) ;
#2797 = CARTESIAN_POINT ( 'NONE',  ( -13.08770529052602200, 0.6999999999999950700, 24.59993905486224700 ) ) ;
#2798 = ADVANCED_FACE ( 'NONE', ( #888 ), #168, .T. ) ;
#2799 = CARTESIAN_POINT ( 'NONE',  ( -0.5000020000039783200, 0.7000000000000151700, -22.85999999999961200 ) ) ;
#2800 = ORIENTED_EDGE ( 'NONE', *, *, #2417, .F. ) ;
#2801 = AXIS2_PLACEMENT_3D ( 'NONE', #366, #4669, #3742 ) ;
#2802 = DIRECTION ( 'NONE',  ( -1.718560196236194400E-013, 2.470955234246180800E-016, -1.000000000000000000 ) ) ;
#2803 = DIRECTION ( 'NONE',  ( -1.000000000000000000, 0.0000000000000000000, 1.734723475976807600E-013 ) ) ;
#2804 = PLANE ( 'NONE',  #5100 ) ;
#2805 = EDGE_CURVE ( 'NONE', #751, #2583, #2296, .T. ) ;
#2806 = ORIENTED_EDGE ( 'NONE', *, *, #2776, .T. ) ;
#2807 = DIRECTION ( 'NONE',  ( 1.000000000000000000, 2.470955234246605300E-016, -1.718560196236194400E-013 ) ) ;
#2808 = ORIENTED_EDGE ( 'NONE', *, *, #1960, .F. ) ;
#2809 = DIRECTION ( 'NONE',  ( -1.718560196236194400E-013, 2.470955234246180800E-016, -1.000000000000000000 ) ) ;
#2810 = AXIS2_PLACEMENT_3D ( 'NONE', #2486, #489, #2842 ) ;
#2811 = CARTESIAN_POINT ( 'NONE',  ( 12.76095110968272200, 22.90473760973025500, -25.36095110932911800 ) ) ;
#2812 = EDGE_LOOP ( 'NONE', ( #209, #4986, #1107, #2387 ) ) ;
#2813 = ORIENTED_EDGE ( 'NONE', *, *, #4181, .F. ) ;
#2814 = PLANE ( 'NONE',  #1794 ) ;
#2815 = CARTESIAN_POINT ( 'NONE',  ( 12.46745506493266500, 1.699999999999999100, 15.49999999999785800 ) ) ;
#2816 = ORIENTED_EDGE ( 'NONE', *, *, #3310, .F. ) ;
#2817 = DIRECTION ( 'NONE',  ( 1.718560196236194400E-013, -2.470955234246180800E-016, 1.000000000000000000 ) ) ;
#2818 = ORIENTED_EDGE ( 'NONE', *, *, #650, .T. ) ;
#2819 = ORIENTED_EDGE ( 'NONE', *, *, #3247, .T. ) ;
#2820 = CIRCLE ( 'NONE', #567, 0.5999999999999998700 ) ;
#2821 = ORIENTED_EDGE ( 'NONE', *, *, #553, .F. ) ;
#2822 = CARTESIAN_POINT ( 'NONE',  ( -13.58778145455000300, 0.6999999999999966200, 2.335315003160994900E-012 ) ) ;
#2823 = ORIENTED_EDGE ( 'NONE', *, *, #3058, .F. ) ;
#2824 = DIRECTION ( 'NONE',  ( -1.000000000000000000, -2.470955234246605300E-016, 1.718560196236194400E-013 ) ) ;
#2825 = LINE ( 'NONE', #794, #2993 ) ;
#2826 = ORIENTED_EDGE ( 'NONE', *, *, #1363, .F. ) ;
#2827 = DIRECTION ( 'NONE',  ( 2.470955234246180800E-016, -1.000000000000000000, -2.470955234246605300E-016 ) ) ;
#2828 = DIRECTION ( 'NONE',  ( -0.9998476951563913800, -0.01745240643728080200, 1.711593829630450000E-013 ) ) ;
#2829 = VECTOR ( 'NONE', #2215, 1000.000000000000000 ) ;
#2830 = ORIENTED_EDGE ( 'NONE', *, *, #3397, .F. ) ;
#2831 = DIRECTION ( 'NONE',  ( 1.718560196236194400E-013, -2.470955234246180800E-016, 1.000000000000000000 ) ) ;
#2832 = CARTESIAN_POINT ( 'NONE',  ( 13.00325947668227000, 0.6999999999999941800, 25.02013518795555300 ) ) ;
#2833 = CARTESIAN_POINT ( 'NONE',  ( 2.646409735337342000E-012, 0.6999999999999961800, 15.40000000000000000 ) ) ;
#2834 = CARTESIAN_POINT ( 'NONE',  ( 12.97078916955527800, 0.6999999999999949600, 25.09761833558419000 ) ) ;
#2835 = AXIS2_PLACEMENT_3D ( 'NONE', #4927, #2564, #2664 ) ;
#2836 = LINE ( 'NONE', #2337, #4684 ) ;
#2837 = VERTEX_POINT ( 'NONE', #3298 ) ;
#2838 = EDGE_CURVE ( 'NONE', #4903, #1378, #2009, .T. ) ;
#2839 = CARTESIAN_POINT ( 'NONE',  ( -1.615743099090132300E-012, 1.200000000000002200, -9.400000000000000400 ) ) ;
#2840 = FACE_OUTER_BOUND ( 'NONE', #3534, .T. ) ;
#2841 = EDGE_LOOP ( 'NONE', ( #88, #3862, #3845, #750 ) ) ;
#2842 = DIRECTION ( 'NONE',  ( 1.000000000000000000, 2.470955234246605300E-016, -1.718560196236194400E-013 ) ) ;
#2843 = AXIS2_PLACEMENT_3D ( 'NONE', #2378, #4347, #1663 ) ;
#2844 = CYLINDRICAL_SURFACE ( 'NONE', #4538, 0.5000000000000000000 ) ;
#2845 = CYLINDRICAL_SURFACE ( 'NONE', #2046, 0.5999999999999999800 ) ;
#2846 = LINE ( 'NONE', #1540, #1348 ) ;
#2847 = CARTESIAN_POINT ( 'NONE',  ( 13.39667170549226100, 22.02198747918847800, -23.89451029943449400 ) ) ;
#2848 = AXIS2_PLACEMENT_3D ( 'NONE', #2334, #3149, #2355 ) ;
#2849 = DIRECTION ( 'NONE',  ( 2.470955234246180800E-016, -1.000000000000000000, -2.470955234246605300E-016 ) ) ;
#2850 = CARTESIAN_POINT ( 'NONE',  ( -8.590000000004408800, 0.7000000000000087300, -25.68770529052877900 ) ) ;
#2851 = EDGE_LOOP ( 'NONE', ( #2404, #3222, #2806, #2114 ) ) ;
#2852 = EDGE_CURVE ( 'NONE', #685, #2626, #5058, .T. ) ;
#2853 = CARTESIAN_POINT ( 'NONE',  ( -12.91907451139687300, 1.548995866607412000, -25.16639088180629400 ) ) ;
#2854 = CARTESIAN_POINT ( 'NONE',  ( -12.48219790240415100, 1.214831480031125500, -25.56750786878157900 ) ) ;
#2855 = LINE ( 'NONE', #4474, #165 ) ;
#2856 = CARTESIAN_POINT ( 'NONE',  ( -13.08014142906424700, 1.133333333333002900, -24.71305478498775400 ) ) ;
#2857 = ORIENTED_EDGE ( 'NONE', *, *, #3247, .F. ) ;
#2858 = EDGE_CURVE ( 'NONE', #2924, #1372, #4750, .T. ) ;
#2859 = VERTEX_POINT ( 'NONE', #1382 ) ;
#2860 = AXIS2_PLACEMENT_3D ( 'NONE', #2388, #3980, #2803 ) ;
#2861 = DIRECTION ( 'NONE',  ( 2.470955234246180800E-016, -1.000000000000000000, -2.470955234246605300E-016 ) ) ;
#2863 = ORIENTED_EDGE ( 'NONE', *, *, #1335, .F. ) ;
#2862 = ORIENTED_EDGE ( 'NONE', *, *, #4522, .T. ) ;
#2864 = ORIENTED_EDGE ( 'NONE', *, *, #4954, .F. ) ;
#2865 = DIRECTION ( 'NONE',  ( 2.470955234246180800E-016, -1.000000000000000000, -2.470955234246605300E-016 ) ) ;
#2866 = EDGE_CURVE ( 'NONE', #1953, #1385, #3873, .T. ) ;
#2867 = EDGE_CURVE ( 'NONE', #4209, #5096, #3006, .T. ) ;
#2868 = CARTESIAN_POINT ( 'NONE',  ( -13.07897775806452700, 1.200000000000066100, 9.400000000002240300 ) ) ;
#2870 = ORIENTED_EDGE ( 'NONE', *, *, #2213, .T. ) ;
#2869 = VERTEX_POINT ( 'NONE', #3705 ) ;
#2871 = ADVANCED_FACE ( 'NONE', ( #1826 ), #226, .T. ) ;
#2872 = ORIENTED_EDGE ( 'NONE', *, *, #2232, .F. ) ;
#2873 =( BOUNDED_SURFACE ( )  B_SPLINE_SURFACE ( 3, 3, ( 
 ( #4080, #2101, #4867, #4031 ),
 ( #172, #4841, #1722, #3656 ),
 ( #1354, #897, #4065, #4810 ),
 ( #2488, #1753, #141, #2145 ) ),
 .UNSPECIFIED., .F., .F., .F. ) 
 B_SPLINE_SURFACE_WITH_KNOTS ( ( 4, 4 ),
 ( 4, 4 ),
 ( 0.0000000000000000000, 1.000000000000000000 ),
 ( 0.0000000000000000000, 1.000000000000000000 ),
 .UNSPECIFIED. ) 
 GEOMETRIC_REPRESENTATION_ITEM ( )  RATIONAL_B_SPLINE_SURFACE ( (
 ( 1.000000000000000000, 0.8047378541070985300, 0.8047378541070985300, 1.000000000000000000),
 ( 0.8083544723463824700, 0.6505134434339037200, 0.6505134434339037200, 0.8083544723463824700),
 ( 0.8083544723463824700, 0.6505134434339037200, 0.6505134434339037200, 0.8083544723463824700),
 ( 1.000000000000000000, 0.8047378541070985300, 0.8047378541070985300, 1.000000000000000000) ) ) 
 REPRESENTATION_ITEM ( '' )  SURFACE ( )  );
#2874 = CARTESIAN_POINT ( 'NONE',  ( -13.60000000000149200, 2.959915194248389400E-015, -25.57882969802429000 ) ) ;
#2875 = CARTESIAN_POINT ( 'NONE',  ( -12.11305478499441300, 1.133333333333003300, -25.68014142905792200 ) ) ;
#2876 = ORIENTED_EDGE ( 'NONE', *, *, #1537, .T. ) ;
#2877 = ORIENTED_EDGE ( 'NONE', *, *, #1727, .F. ) ;
#2878 = DIRECTION ( 'NONE',  ( -0.9998476951563913800, 0.01745240643728080200, 1.711593829630450000E-013 ) ) ;
#2879 = ORIENTED_EDGE ( 'NONE', *, *, #2055, .F. ) ;
#2880 = FACE_OUTER_BOUND ( 'NONE', #4281, .T. ) ;
#2881 = CARTESIAN_POINT ( 'NONE',  ( -13.09992383597635700, -8.475357633676568400E-015, 21.20000000000224800 ) ) ;
#2882 = DIRECTION ( 'NONE',  ( 1.000000000000000000, 2.470955234246605300E-016, -1.718560196236194400E-013 ) ) ;
#2883 = ORIENTED_EDGE ( 'NONE', *, *, #3905, .F. ) ;
#2884 = AXIS2_PLACEMENT_3D ( 'NONE', #3261, #153, #4077 ) ;
#2886 = LINE ( 'NONE', #2126, #3807 ) ;
#2885 = CARTESIAN_POINT ( 'NONE',  ( 11.71576007910427500, 21.99999999999999600, 24.31576007950799600 ) ) ;
#2887 = ORIENTED_EDGE ( 'NONE', *, *, #3632, .F. ) ;
#2888 = CARTESIAN_POINT ( 'NONE',  ( -13.08770529052838300, 0.6999999999999945200, 9.400000000002251000 ) ) ;
#2889 = DIRECTION ( 'NONE',  ( 1.000000000000000000, 2.470955234246605300E-016, -1.718560196236194400E-013 ) ) ;
#2890 = LINE ( 'NONE', #908, #68 ) ;
#2891 = CARTESIAN_POINT ( 'NONE',  ( 12.06760736977659400, 0.7000000000000057300, 25.66745506492983300 ) ) ;
#2892 = EDGE_CURVE ( 'NONE', #4489, #1784, #4177, .T. ) ;
#2893 = VECTOR ( 'NONE', #2936, 1000.000000000000000 ) ;
#2894 = CARTESIAN_POINT ( 'NONE',  ( 13.60000000000149500, -2.959915194201341300E-015, 25.57882969783388900 ) ) ;
#2895 = DIRECTION ( 'NONE',  ( 1.000000000000000000, 2.470955234246605300E-016, -1.718560196236194400E-013 ) ) ;
#2896 = EDGE_LOOP ( 'NONE', ( #2973, #1559, #1611, #48 ) ) ;
#2897 = DIRECTION ( 'NONE',  ( -1.718560196236194400E-013, 2.470955234246180800E-016, -1.000000000000000000 ) ) ;
#2898 = LINE ( 'NONE', #2716, #4885 ) ;
#2899 = LINE ( 'NONE', #2256, #4508 ) ;
#2900 = ADVANCED_FACE ( 'NONE', ( #4998 ), #3300, .F. ) ;
#2901 = CARTESIAN_POINT ( 'NONE',  ( 13.04999999999901000, 1.700000000000028200, -24.65015230484621300 ) ) ;
#2902 = EDGE_CURVE ( 'NONE', #4239, #2510, #202, .T. ) ;
#2903 = CARTESIAN_POINT ( 'NONE',  ( 13.06745506492766800, 0.7000000000000182700, -24.66760736977442600 ) ) ;
#2904 = LINE ( 'NONE', #3826, #5013 ) ;
#2905 = FILL_AREA_STYLE_COLOUR ( '', #762 ) ;
#2906 = AXIS2_PLACEMENT_3D ( 'NONE', #1041, #3381, #3360 ) ;
#2907 = DIRECTION ( 'NONE',  ( 1.000000000000000000, 2.470955234246605300E-016, -1.718560196236194400E-013 ) ) ;
#2908 = CARTESIAN_POINT ( 'NONE',  ( -11.99993905486441500, 1.133333333333003300, -25.68014142905794400 ) ) ;
#2909 = AXIS2_PLACEMENT_3D ( 'NONE', #4577, #592, #1811 ) ;
#2910 = CARTESIAN_POINT ( 'NONE',  ( 13.38985562687149800, 22.03701650778055000, 24.76233884867355100 ) ) ;
#2911 = FACE_OUTER_BOUND ( 'NONE', #3363, .T. ) ;
#2912 = CARTESIAN_POINT ( 'NONE',  ( -12.02709324931647000, 3.021052406437145300, -25.62694094447432700 ) ) ;
#2913 = VERTEX_POINT ( 'NONE', #4141 ) ;
#2914 = EDGE_CURVE ( 'NONE', #1319, #1492, #4249, .T. ) ;
#2915 = CARTESIAN_POINT ( 'NONE',  ( 12.06760736977659400, 0.7000000000000057300, 25.66745506492983300 ) ) ;
#2916 = VECTOR ( 'NONE', #3395, 1000.000000000000000 ) ;
#2917 = ADVANCED_FACE ( 'NONE', ( #953 ), #4942, .F. ) ;
#2918 = VERTEX_POINT ( 'NONE', #2584 ) ;
#2919 = ORIENTED_EDGE ( 'NONE', *, *, #3934, .T. ) ;
#2920 = DIRECTION ( 'NONE',  ( -1.718560196236194400E-013, 2.470955234246180800E-016, -1.000000000000000000 ) ) ;
#2921 = EDGE_CURVE ( 'NONE', #2511, #2696, #2187, .T. ) ;
#2922 = ORIENTED_EDGE ( 'NONE', *, *, #2958, .F. ) ;
#2923 = ORIENTED_EDGE ( 'NONE', *, *, #2796, .T. ) ;
#2924 = VERTEX_POINT ( 'NONE', #1454 ) ;
#2925 = AXIS2_PLACEMENT_3D ( 'NONE', #4799, #86, #2828 ) ;
#2926 = CARTESIAN_POINT ( 'NONE',  ( -12.08770529052735300, 0.6999999999999931800, 15.40000000000208000 ) ) ;
#2927 = ORIENTED_EDGE ( 'NONE', *, *, #920, .F. ) ;
#2928 = ORIENTED_EDGE ( 'NONE', *, *, #2298, .F. ) ;
#2929 = CARTESIAN_POINT ( 'NONE',  ( 10.16000000000392800, 1.699999999971165900, 22.85999999999825100 ) ) ;
#2930 = EDGE_LOOP ( 'NONE', ( #2862, #4726, #2167, #240 ) ) ;
#2931 = LINE ( 'NONE', #539, #2338 ) ;
#2932 = ORIENTED_EDGE ( 'NONE', *, *, #3632, .T. ) ;
#2933 = CARTESIAN_POINT ( 'NONE',  ( -12.56639088180247300, 1.548995866604875300, 25.51907451139606000 ) ) ;
#2934 = EDGE_LOOP ( 'NONE', ( #3038, #1051, #1371, #2578 ) ) ;
#2935 = AXIS2_PLACEMENT_3D ( 'NONE', #3323, #1048, #1394 ) ;
#2936 = DIRECTION ( 'NONE',  ( 1.000000000000000000, 2.470955234246605300E-016, -1.718560196236194400E-013 ) ) ;
#2937 = CARTESIAN_POINT ( 'NONE',  ( 12.89648496351566100, 0.5666666666667094000, -25.25131491597221600 ) ) ;
#2938 = LINE ( 'NONE', #3503, #2178 ) ;
#2939 = ORIENTED_EDGE ( 'NONE', *, *, #3549, .T. ) ;
#2940 = ADVANCED_FACE ( 'NONE', ( #3429 ), #831, .T. ) ;
#2941 = PRESENTATION_LAYER_ASSIGNMENT (  '', '', ( #2691 ) ) ;
#2942 = DIRECTION ( 'NONE',  ( 1.000000000000000000, 1.807003620809174100E-016, -1.676899360110913600E-013 ) ) ;
#2943 = CARTESIAN_POINT ( 'NONE',  ( -13.09992383597735400, -7.042203597813783300E-015, 15.40000000000224900 ) ) ;
#2944 = LINE ( 'NONE', #353, #2356 ) ;
#2945 = ORIENTED_EDGE ( 'NONE', *, *, #4183, .T. ) ;
#2946 = CARTESIAN_POINT ( 'NONE',  ( -13.09992383597838600, -5.559630457266073100E-015, 9.400000000002245700 ) ) ;
#2947 = ORIENTED_EDGE ( 'NONE', *, *, #2483, .T. ) ;
#2948 = ADVANCED_FACE ( 'NONE', ( #3946 ), #4203, .T. ) ;
#2949 = CYLINDRICAL_SURFACE ( 'NONE', #1567, 1.499999999999999800 ) ;
#2950 = CIRCLE ( 'NONE', #2676, 0.5999999999999999800 ) ;
#2951 = DIRECTION ( 'NONE',  ( -2.470955234246180800E-016, 1.000000000000000000, 2.470955234246605300E-016 ) ) ;
#2952 = CARTESIAN_POINT ( 'NONE',  ( 13.07025022559577300, 1.700000000000009300, -24.59993905486224400 ) ) ;
#2953 = SURFACE_STYLE_FILL_AREA ( #2658 ) ;
#2954 = ORIENTED_EDGE ( 'NONE', *, *, #3576, .F. ) ;
#2955 = EDGE_CURVE ( 'NONE', #2162, #2409, #2648, .T. ) ;
#2956 = LINE ( 'NONE', #1964, #1161 ) ;
#2957 = EDGE_CURVE ( 'NONE', #2722, #1385, #1077, .T. ) ;
#2958 = EDGE_CURVE ( 'NONE', #2762, #1316, #4548, .T. ) ;
#2959 = PLANE ( 'NONE',  #1837 ) ;
#2960 = SURFACE_STYLE_USAGE ( .BOTH. , #4092 ) ;
#2961 = VECTOR ( 'NONE', #3967, 1000.000000000000000 ) ;
#2962 = AXIS2_PLACEMENT_3D ( 'NONE', #115, #2865, #1365 ) ;
#2963 = CARTESIAN_POINT ( 'NONE',  ( -12.02709324931576900, 3.003599999999990700, 24.62709324932206900 ) ) ;
#2964 = LINE ( 'NONE', #514, #1229 ) ;
#2965 = CARTESIAN_POINT ( 'NONE',  ( 12.46745506493266500, 1.299999999999999400, 15.49999999999785800 ) ) ;
#2966 = CARTESIAN_POINT ( 'NONE',  ( -2.663941271032498500E-012, 0.7000000000000017300, -15.50000000000000000 ) ) ;
#2968 = ADVANCED_FACE ( 'NONE', ( #3809 ), #1902, .F. ) ;
#2967 = VECTOR ( 'NONE', #697, 1000.000000000000000 ) ;
#2969 = CARTESIAN_POINT ( 'NONE',  ( -13.00325947668232000, 0.7000000000000006200, -25.02013518795539300 ) ) ;
#2970 = DIRECTION ( 'NONE',  ( -1.718560196236194400E-013, 2.470955234246180800E-016, -1.000000000000000000 ) ) ;
#2971 = VERTEX_POINT ( 'NONE', #3028 ) ;
#2972 = DIRECTION ( 'NONE',  ( -3.246358992806132400E-015, 0.9998476951563849400, -0.01745240643764048300 ) ) ;
#2973 = ORIENTED_EDGE ( 'NONE', *, *, #725, .F. ) ;
#2974 = CARTESIAN_POINT ( 'NONE',  ( -12.33616235113440500, 1.700000000000003100, -25.63475554018787900 ) ) ;
#2975 = DIRECTION ( 'NONE',  ( -0.01745240643728005600, 0.9998476951563912700, 3.246358992744149600E-015 ) ) ;
#2976 = VERTEX_POINT ( 'NONE', #4976 ) ;
#2977 = EDGE_CURVE ( 'NONE', #694, #3895, #1654, .T. ) ;
#2978 = ORIENTED_EDGE ( 'NONE', *, *, #4717, .T. ) ;
#2979 = CARTESIAN_POINT ( 'NONE',  ( -13.04582323907543200, 0.6999999999999885200, 24.90714819871496400 ) ) ;
#2980 = DIRECTION ( 'NONE',  ( 1.718560196236194400E-013, -2.470955234246180800E-016, 1.000000000000000000 ) ) ;
#2981 = DIRECTION ( 'NONE',  ( -1.718560196236194400E-013, 2.470955234246180800E-016, -1.000000000000000000 ) ) ;
#2982 = AXIS2_PLACEMENT_3D ( 'NONE', #923, #3635, #2889 ) ;
#2984 = VERTEX_POINT ( 'NONE', #3356 ) ;
#2983 = ORIENTED_EDGE ( 'NONE', *, *, #3773, .F. ) ;
#2985 = ORIENTED_EDGE ( 'NONE', *, *, #1670, .F. ) ;
#2986 = LINE ( 'NONE', #1413, #1992 ) ;
#2987 = EDGE_CURVE ( 'NONE', #3478, #1120, #4949, .T. ) ;
#2988 = ORIENTED_EDGE ( 'NONE', *, *, #1226, .F. ) ;
#2989 = CARTESIAN_POINT ( 'NONE',  ( 12.16745506494591000, 1.399999999999979900, 92.58809884117789600 ) ) ;
#2991 = ORIENTED_EDGE ( 'NONE', *, *, #2142, .F. ) ;
#2990 = EDGE_LOOP ( 'NONE', ( #436, #2152, #2547, #4975, #3278, #4542, #3282, #3376, #4009, #1991, #4855, #874, #781, #60, #3800, #1132, #4094, #994, #2000, #4719, #1002, #3948, #4162, #2567, #3163, #4491, #4863, #2624, #110, #4060, #5045, #401 ) ) ;
#2992 = ORIENTED_EDGE ( 'NONE', *, *, #1092, .T. ) ;
#2993 = VECTOR ( 'NONE', #1972, 1000.000000000000000 ) ;
#2994 = VERTEX_POINT ( 'NONE', #3377 ) ;
#2995 = CARTESIAN_POINT ( 'NONE',  ( -10.16000000000392800, -5.999999999999996400, -22.85999999999795700 ) ) ;
#2996 = EDGE_LOOP ( 'NONE', ( #1447, #121, #2285, #3410 ) ) ;
#2997 = CARTESIAN_POINT ( 'NONE',  ( -12.64932416386223200, 1.700000000000003100, -25.45085130652087500 ) ) ;
#2998 = VERTEX_POINT ( 'NONE', #716 ) ;
#2999 = ADVANCED_FACE ( 'NONE', ( #4876 ), #853, .T. ) ;
#3000 = DIRECTION ( 'NONE',  ( 0.01744974916103688900, -0.9996954598818812400, -0.01744974916068212800 ) ) ;
#3001 = FACE_OUTER_BOUND ( 'NONE', #1500, .T. ) ;
#3002 = ORIENTED_EDGE ( 'NONE', *, *, #2711, .T. ) ;
#3003 = AXIS2_PLACEMENT_3D ( 'NONE', #1054, #4576, #4201 ) ;
#3004 = CARTESIAN_POINT ( 'NONE',  ( 12.08770529053000000, 1.200000000000002800, -2.077048402985742600E-012 ) ) ;
#3005 = CARTESIAN_POINT ( 'NONE',  ( 12.11512599218558400, 9.343929530620195000E-015, -25.69992383598208400 ) ) ;
#3006 = LINE ( 'NONE', #4514, #1276 ) ;
#3007 = VECTOR ( 'NONE', #2827, 1000.000000000000000 ) ;
#3008 = CARTESIAN_POINT ( 'NONE',  ( 12.08770529053000000, 1.200000000000002800, -2.077048402985742600E-012 ) ) ;
#3009 = CARTESIAN_POINT ( 'NONE',  ( -11.29451029972567100, 22.02198747903317200, 25.99667170557502200 ) ) ;
#3010 = EDGE_CURVE ( 'NONE', #2271, #3601, #1771, .T. ) ;
#3011 = LINE ( 'NONE', #609, #775 ) ;
#3012 = ORIENTED_EDGE ( 'NONE', *, *, #2044, .F. ) ;
#3013 = PRODUCT_DEFINITION ( 'UNKNOWN', '', #99, #1431 ) ;
#3014 = CARTESIAN_POINT ( 'NONE',  ( 12.64932416386223400, 1.699999999999996600, 25.45085130652087500 ) ) ;
#3015 = VECTOR ( 'NONE', #547, 1000.000000000000000 ) ;
#3016 = ORIENTED_EDGE ( 'NONE', *, *, #1112, .T. ) ;
#3017 = CONICAL_SURFACE ( 'NONE', #2546, 0.9000398214160116900, 0.7854202858301186900 ) ;
#3018 = LINE ( 'NONE', #1877, #1721 ) ;
#3019 = DIRECTION ( 'NONE',  ( 1.718560196236194400E-013, -2.470955234246180800E-016, 1.000000000000000000 ) ) ;
#3020 = DIRECTION ( 'NONE',  ( -0.01744974916068254400, -0.9996954598818875700, -0.01744974916067704200 ) ) ;
#3021 = CARTESIAN_POINT ( 'NONE',  ( -12.54975595146115500, 1.699999999999713500, 25.52593462648490400 ) ) ;
#3022 = EDGE_CURVE ( 'NONE', #4838, #4134, #4620, .T. ) ;
#3023 = AXIS2_PLACEMENT_3D ( 'NONE', #4070, #2169, #3662 ) ;
#3024 = CARTESIAN_POINT ( 'NONE',  ( 10.16000000000383000, 0.7000000000000065100, 22.85999999999825100 ) ) ;
#3025 = FACE_OUTER_BOUND ( 'NONE', #3852, .T. ) ;
#3026 = CARTESIAN_POINT ( 'NONE',  ( -13.39667170557718900, 22.02198747903318200, -23.89451029972782700 ) ) ;
#3027 = EDGE_CURVE ( 'NONE', #2043, #4614, #3559, .T. ) ;
#3028 = CARTESIAN_POINT ( 'NONE',  ( -13.06745506492674400, 0.6999999999999805300, 15.50000000000225200 ) ) ;
#3029 = AXIS2_PLACEMENT_3D ( 'NONE', #410, #1959, #4328 ) ;
#3030 = VECTOR ( 'NONE', #1583, 1000.000000000000000 ) ;
#3031 = CARTESIAN_POINT ( 'NONE',  ( -12.11409038858558400, 0.5666666666666905200, 25.69003263252208300 ) ) ;
#3032 = DIRECTION ( 'NONE',  ( 1.000000000000000000, 2.470955234246605300E-016, -1.718560196236194400E-013 ) ) ;
#3033 = CARTESIAN_POINT ( 'NONE',  ( -12.34548283940558900, -9.391834446780014300E-015, 25.66344524720212300 ) ) ;
#3034 = EDGE_LOOP ( 'NONE', ( #4037, #2947, #3672, #1324 ) ) ;
#3035 = DIRECTION ( 'NONE',  ( 2.470955234246180800E-016, -1.000000000000000000, -2.470955234246605300E-016 ) ) ;
#3036 = AXIS2_PLACEMENT_3D ( 'NONE', #8, #4382, #66 ) ;
#3037 = CARTESIAN_POINT ( 'NONE',  ( -12.06760736976866400, 0.6999999999999886300, 25.66745506493245400 ) ) ;
#3039 = EDGE_LOOP ( 'NONE', ( #1438, #4369, #4419, #4905 ) ) ;
#3038 = ORIENTED_EDGE ( 'NONE', *, *, #4166, .F. ) ;
#3040 = DIRECTION ( 'NONE',  ( 2.470955234246180800E-016, -1.000000000000000000, -2.470955234246605300E-016 ) ) ;
#3041 = DIRECTION ( 'NONE',  ( -2.470955234246180800E-016, 1.000000000000000000, 2.470955234246605300E-016 ) ) ;
#3042 = ORIENTED_EDGE ( 'NONE', *, *, #477, .T. ) ;
#3043 = DIRECTION ( 'NONE',  ( -2.470955234246180800E-016, 1.000000000000000000, 2.470955234246605300E-016 ) ) ;
#3045 = ORIENTED_EDGE ( 'NONE', *, *, #2095, .F. ) ;
#3044 = ORIENTED_EDGE ( 'NONE', *, *, #1557, .T. ) ;
#3046 = CARTESIAN_POINT ( 'NONE',  ( 13.07025022560422800, 1.699999999999997100, 24.59993905485775700 ) ) ;
#3047 = VERTEX_POINT ( 'NONE', #1189 ) ;
#3048 = EDGE_CURVE ( 'NONE', #3296, #2448, #2412, .T. ) ;
#3049 = EDGE_LOOP ( 'NONE', ( #3554, #4411, #4039, #1742 ) ) ;
#3050 = ORIENTED_EDGE ( 'NONE', *, *, #1596, .T. ) ;
#3051 = DIRECTION ( 'NONE',  ( 1.000000000000000000, 2.409231562176341200E-016, -1.696099019772144400E-013 ) ) ;
#3052 = DIRECTION ( 'NONE',  ( -1.000000000000000000, -2.470955234246605300E-016, 1.718560196236194400E-013 ) ) ;
#3053 = CIRCLE ( 'NONE', #836, 0.5000000000000004400 ) ;
#3054 = EDGE_LOOP ( 'NONE', ( #2752, #3055, #3598, #1623 ) ) ;
#3055 = ORIENTED_EDGE ( 'NONE', *, *, #176, .T. ) ;
#3056 = ORIENTED_EDGE ( 'NONE', *, *, #892, .F. ) ;
#3057 = EDGE_LOOP ( 'NONE', ( #1812, #337, #3494, #3481 ) ) ;
#3058 = EDGE_CURVE ( 'NONE', #2503, #365, #323, .T. ) ;
#3059 = LINE ( 'NONE', #1400, #818 ) ;
#3060 = ORIENTED_EDGE ( 'NONE', *, *, #678, .T. ) ;
#3061 = CARTESIAN_POINT ( 'NONE',  ( 13.06745506493461800, 0.6999999999999950700, 24.66760736977083100 ) ) ;
#3062 = CARTESIAN_POINT ( 'NONE',  ( -9.660000000003929400, -7.414213562373091400, -22.85999999999804900 ) ) ;
#3063 = CARTESIAN_POINT ( 'NONE',  ( 12.63949452597437800, 1.699999999999996600, 25.48021493423782900 ) ) ;
#3064 = CARTESIAN_POINT ( 'NONE',  ( 13.09992383597735400, 7.042203597813783300E-015, -15.40000000000224900 ) ) ;
#3065 = FACE_OUTER_BOUND ( 'NONE', #3652, .T. ) ;
#3066 = DIRECTION ( 'NONE',  ( 1.000000000000000000, 1.807003620809174400E-016, -1.676899360110913900E-013 ) ) ;
#3067 = CARTESIAN_POINT ( 'NONE',  ( 11.71576007951426300, 23.49999999999999600, 24.84208138431799600 ) ) ;
#3068 = LINE ( 'NONE', #2410, #3007 ) ;
#3069 = EDGE_LOOP ( 'NONE', ( #2819, #3290, #4210, #4962 ) ) ;
#3070 = LINE ( 'NONE', #692, #2302 ) ;
#3071 = LINE ( 'NONE', #3268, #5071 ) ;
#3072 = ADVANCED_FACE ( 'NONE', ( #3490 ), #4266, .F. ) ;
#3073 = DIRECTION ( 'NONE',  ( -1.000000000000000000, -2.470955234246605300E-016, 1.718560196236194400E-013 ) ) ;
#3074 = CARTESIAN_POINT ( 'NONE',  ( -12.77609723762552500, 22.03701650797376700, -25.37609723780518700 ) ) ;
#3075 = CIRCLE ( 'NONE', #127, 0.5000000000000000000 ) ;
#3076 = EDGE_LOOP ( 'NONE', ( #2818, #2628, #4811, #4035 ) ) ;
#3077 = VECTOR ( 'NONE', #1256, 1000.000000000000000 ) ;
#3078 = DIRECTION ( 'NONE',  ( 1.000000000000000000, 3.614007241618348800E-016, -1.734723475976807600E-013 ) ) ;
#3079 = CARTESIAN_POINT ( 'NONE',  ( -10.16000000000392900, 0.7000000000000010700, -22.85999999999825100 ) ) ;
#3080 = CARTESIAN_POINT ( 'NONE',  ( 13.09003263252424700, 0.5666666666666971800, 24.71409038858775300 ) ) ;
#3081 = AXIS2_PLACEMENT_3D ( 'NONE', #4612, #4666, #2703 ) ;
#3082 = CARTESIAN_POINT ( 'NONE',  ( -11.99993905485559000, 1.699999999999990600, 25.67025022560206100 ) ) ;
#3083 = VERTEX_POINT ( 'NONE', #3472 ) ;
#3084 = CYLINDRICAL_SURFACE ( 'NONE', #3482, 0.4999999999999987200 ) ;
#3085 = EDGE_CURVE ( 'NONE', #3597, #4866, #4732, .T. ) ;
#3086 = CARTESIAN_POINT ( 'NONE',  ( 11.86745506492840200, 0.7000000000000031800, -9.300000000002041700 ) ) ;
#3087 = CARTESIAN_POINT ( 'NONE',  ( 12.15346645200543700, 22.54531576103880400, -25.98098323055531700 ) ) ;
#3088 = CARTESIAN_POINT ( 'NONE',  ( -11.70592079754934600, 23.49993545762981400, 24.30592079725214200 ) ) ;
#3089 = DIRECTION ( 'NONE',  ( 1.718560196236194400E-013, -2.470955234246180800E-016, 1.000000000000000000 ) ) ;
#3090 = FACE_OUTER_BOUND ( 'NONE', #4967, .T. ) ;
#3091 = CARTESIAN_POINT ( 'NONE',  ( 13.06745506493717500, 0.6999999999999950700, 24.78835778680442200 ) ) ;
#3092 = DIRECTION ( 'NONE',  ( -2.470955234246180800E-016, 1.000000000000000000, 2.470955234246605300E-016 ) ) ;
#3093 = AXIS2_PLACEMENT_3D ( 'NONE', #1080, #1292, #4165 ) ;
#3094 = ADVANCED_FACE ( 'NONE', ( #518 ), #2316, .F. ) ;
#3095 = ORIENTED_EDGE ( 'NONE', *, *, #951, .F. ) ;
#3096 = ORIENTED_EDGE ( 'NONE', *, *, #4028, .T. ) ;
#3097 = DIRECTION ( 'NONE',  ( 0.01745240643763305500, 0.9998476951563851600, -2.752243213645683300E-015 ) ) ;
#3099 = ORIENTED_EDGE ( 'NONE', *, *, #920, .T. ) ;
#3098 = VERTEX_POINT ( 'NONE', #1650 ) ;
#3100 = EDGE_LOOP ( 'NONE', ( #4971, #4023, #4884, #4662, #879, #259, #1673, #2380 ) ) ;
#3101 = PRESENTATION_LAYER_ASSIGNMENT (  '', '', ( #1686 ) ) ;
#3102 = CARTESIAN_POINT ( 'NONE',  ( 13.06745506493159900, 1.700000000000000800, 9.299999999997755400 ) ) ;
#3103 = CARTESIAN_POINT ( 'NONE',  ( 10.67155797184168300, 22.00057016016693700, -25.39262666050854700 ) ) ;
#3104 = CARTESIAN_POINT ( 'NONE',  ( -12.46745506492733900, 1.699999999999993100, 15.50000000000214200 ) ) ;
#3106 = VERTEX_POINT ( 'NONE', #2767 ) ;
#3105 = VERTEX_POINT ( 'NONE', #4783 ) ;
#3107 = VERTEX_POINT ( 'NONE', #91 ) ;
#3109 = LINE ( 'NONE', #402, #2403 ) ;
#3108 = DIRECTION ( 'NONE',  ( 2.470955234246180800E-016, -1.000000000000000000, -2.470955234246605300E-016 ) ) ;
#3110 = VERTEX_POINT ( 'NONE', #3577 ) ;
#3111 = CARTESIAN_POINT ( 'NONE',  ( -10.16000000000392900, 0.7000000000000128300, -22.85999999999795700 ) ) ;
#3112 = DIRECTION ( 'NONE',  ( -2.752243213584974200E-015, -0.9998476951563912700, -0.01745240643728005600 ) ) ;
#3113 = ORIENTED_EDGE ( 'NONE', *, *, #3617, .T. ) ;
#3114 = EDGE_LOOP ( 'NONE', ( #3918, #2116, #1924, #3415, #241, #4575, #1098, #381, #3961, #674, #1978, #3615 ) ) ;
#3115 = FACE_OUTER_BOUND ( 'NONE', #509, .T. ) ;
#3116 = EDGE_CURVE ( 'NONE', #2837, #1183, #2289, .T. ) ;
#3117 = DIRECTION ( 'NONE',  ( -1.000000000000000000, -2.470955234246605300E-016, 1.718560196236194400E-013 ) ) ;
#3118 = CARTESIAN_POINT ( 'NONE',  ( -10.16000000000392900, 1.399973453572573000, -22.85999999999825100 ) ) ;
#3119 = FACE_OUTER_BOUND ( 'NONE', #679, .T. ) ;
#3120 = ORIENTED_EDGE ( 'NONE', *, *, #1670, .T. ) ;
#3121 = VERTEX_POINT ( 'NONE', #2429 ) ;
#3122 = CARTESIAN_POINT ( 'NONE',  ( -11.86745506492733600, 0.6999999999999911800, 15.50000000000203900 ) ) ;
#3123 = ADVANCED_FACE ( 'NONE', ( #1205 ), #4679, .T. ) ;
#3124 = EDGE_CURVE ( 'NONE', #4866, #1061, #1237, .T. ) ;
#3125 = PLANE ( 'NONE',  #2027 ) ;
#3126 = EDGE_CURVE ( 'NONE', #3876, #4795, #4007, .T. ) ;
#3127 = VECTOR ( 'NONE', #239, 1000.000000000000100 ) ;
#3128 = AXIS2_PLACEMENT_3D ( 'NONE', #3714, #654, #270 ) ;
#3129 = DIRECTION ( 'NONE',  ( -1.000000000000000000, -2.470955234246605300E-016, 1.718560196236194400E-013 ) ) ;
#3130 = CARTESIAN_POINT ( 'NONE',  ( 8.590000000004415900, -4.227785586006464300E-015, 25.69992383597852700 ) ) ;
#3131 = CARTESIAN_POINT ( 'NONE',  ( 12.33926918056440800, 1.133333333332996900, 25.64431877585787900 ) ) ;
#3132 = VECTOR ( 'NONE', #103, 1000.000000000000000 ) ;
#3133 = DIRECTION ( 'NONE',  ( 0.7071067812485759600, 3.095947297968596700E-012, -0.7071067811245190800 ) ) ;
#3134 = LINE ( 'NONE', #28, #2599 ) ;
#3135 = CYLINDRICAL_SURFACE ( 'NONE', #118, 0.5000000000000004400 ) ;
#3136 = DIRECTION ( 'NONE',  ( 2.470955234246180800E-016, -1.000000000000000000, -2.470955234246605300E-016 ) ) ;
#3137 = VECTOR ( 'NONE', #4626, 1000.000000000000100 ) ;
#3138 = DIRECTION ( 'NONE',  ( -1.000000000000000000, 0.0000000000000000000, 1.734723475976807100E-013 ) ) ;
#3139 = DIRECTION ( 'NONE',  ( 1.718560196236194400E-013, -2.470955234246180800E-016, 1.000000000000000000 ) ) ;
#3140 = CARTESIAN_POINT ( 'NONE',  ( 12.08770529053161400, 0.7000000000000007300, 9.399999999997922000 ) ) ;
#3141 =( NAMED_UNIT ( * ) SI_UNIT ( $, .STERADIAN. ) SOLID_ANGLE_UNIT ( ) );
#3142 = DIRECTION ( 'NONE',  ( -2.470955234246180800E-016, 1.000000000000000000, 2.470955234246605300E-016 ) ) ;
#3143 = EDGE_CURVE ( 'NONE', #426, #2568, #4059, .T. ) ;
#3144 = CARTESIAN_POINT ( 'NONE',  ( 13.00325947667362700, 0.7000000000000077300, -25.02013518796004000 ) ) ;
#3146 = ADVANCED_FACE ( 'NONE', ( #1333 ), #2350, .T. ) ;
#3145 = VECTOR ( 'NONE', #3348, 1000.000000000000000 ) ;
#3147 = PLANE ( 'NONE',  #2479 ) ;
#3148 = AXIS2_PLACEMENT_3D ( 'NONE', #3345, #3020, #4155 ) ;
#3149 = DIRECTION ( 'NONE',  ( 2.470955234246180800E-016, -1.000000000000000000, -2.470955234246605300E-016 ) ) ;
#3150 = CARTESIAN_POINT ( 'NONE',  ( 8.589999999999999900, 0.7000000000000021800, -1.476070241700494000E-012 ) ) ;
#3151 =( BOUNDED_CURVE ( )  B_SPLINE_CURVE ( 3, ( #2609, #4377, #4834, #4860 ),
 .UNSPECIFIED., .F., .F. ) 
 B_SPLINE_CURVE_WITH_KNOTS ( ( 4, 4 ),
 ( 5.497939437025750400, 5.858173938714616100 ),
 .UNSPECIFIED. ) 
 CURVE ( )  GEOMETRIC_REPRESENTATION_ITEM ( )  RATIONAL_B_SPLINE_CURVE ( ( 1.000000000000000000, 0.9892151297711221400, 0.9892151297711221400, 1.000000000000000000 ) ) 
 REPRESENTATION_ITEM ( '' )  );
#3152 = EDGE_CURVE ( 'NONE', #2516, #1569, #4613, .T. ) ;
#3153 = CARTESIAN_POINT ( 'NONE',  ( -12.65925303154156000, 1.700000000000002600, -25.44308418776091300 ) ) ;
#3154 = CARTESIAN_POINT ( 'NONE',  ( 13.09992383597635700, 8.475357633676568400E-015, -21.20000000000224800 ) ) ;
#3155 = AXIS2_PLACEMENT_3D ( 'NONE', #1211, #1610, #458 ) ;
#3156 = VERTEX_POINT ( 'NONE', #2783 ) ;
#3157 = CARTESIAN_POINT ( 'NONE',  ( -12.32716743303419600, 23.49993545750346500, 23.68467416166280900 ) ) ;
#3158 = VERTEX_POINT ( 'NONE', #3144 ) ;
#3159 = DIRECTION ( 'NONE',  ( 1.723158652803626800E-013, 0.0000000000000000000, 1.000000000000000000 ) ) ;
#3161 = ORIENTED_EDGE ( 'NONE', *, *, #4313, .F. ) ;
#3160 = VERTEX_POINT ( 'NONE', #4768 ) ;
#3162 = CARTESIAN_POINT ( 'NONE',  ( -10.66000000000393100, 10.21200000000000300, -22.85999999999786400 ) ) ;
#3163 = ORIENTED_EDGE ( 'NONE', *, *, #2768, .F. ) ;
#3164 = DIRECTION ( 'NONE',  ( -1.000000000000000000, -2.470955234246605300E-016, 1.718560196236194400E-013 ) ) ;
#3165 = CARTESIAN_POINT ( 'NONE',  ( 9.499999999996299800, 23.50000000000001100, -21.50000000000162700 ) ) ;
#3166 = ORIENTED_EDGE ( 'NONE', *, *, #2611, .T. ) ;
#3167 = ORIENTED_EDGE ( 'NONE', *, *, #4258, .F. ) ;
#3168 = DIRECTION ( 'NONE',  ( -1.000000000000000000, -2.470955234246605300E-016, 1.718560196236194400E-013 ) ) ;
#3169 = EDGE_CURVE ( 'NONE', #2994, #3406, #4172, .T. ) ;
#3170 = EDGE_LOOP ( 'NONE', ( #947, #1068, #3331, #759, #2684, #4670, #2230 ) ) ;
#3171 = ADVANCED_FACE ( 'NONE', ( #1072 ), #1259, .F. ) ;
#3172 = ORIENTED_EDGE ( 'NONE', *, *, #1527, .F. ) ;
#3173 = DIRECTION ( 'NONE',  ( -0.01744974916068254400, -0.9996954598818875700, -0.01744974916067704200 ) ) ;
#3174 = CARTESIAN_POINT ( 'NONE',  ( 8.589999999995589200, 8.472886678442132400E-015, -25.69992383598148000 ) ) ;
#3175 = VECTOR ( 'NONE', #4423, 1000.000000000000000 ) ;
#3176 = EDGE_LOOP ( 'NONE', ( #997, #3719, #4115, #3879, #4113 ) ) ;
#3177 = CARTESIAN_POINT ( 'NONE',  ( 12.77729573969668100, 22.87887801641236200, -23.25622705089236000 ) ) ;
#3178 = ORIENTED_EDGE ( 'NONE', *, *, #326, .F. ) ;
#3179 = ORIENTED_EDGE ( 'NONE', *, *, #3683, .F. ) ;
#3180 = DIRECTION ( 'NONE',  ( -1.718341575309310700E-013, 0.01745240643728005600, -0.9998476951563912700 ) ) ;
#3181 = LINE ( 'NONE', #3162, #3553 ) ;
#3182 = DIRECTION ( 'NONE',  ( -2.470955234246180800E-016, 1.000000000000000000, 2.470955234246605300E-016 ) ) ;
#3183 = EDGE_LOOP ( 'NONE', ( #2612, #558, #296 ) ) ;
#3184 = DIRECTION ( 'NONE',  ( 1.723158652803626800E-013, 0.0000000000000000000, 1.000000000000000000 ) ) ;
#3185 = EDGE_CURVE ( 'NONE', #655, #1126, #3181, .T. ) ;
#3187 = DIRECTION ( 'NONE',  ( 2.470955234246180800E-016, -1.000000000000000000, -2.470955234246605300E-016 ) ) ;
#3186 = FACE_OUTER_BOUND ( 'NONE', #3183, .T. ) ;
#3188 = FACE_OUTER_BOUND ( 'NONE', #4340, .T. ) ;
#3189 = CARTESIAN_POINT ( 'NONE',  ( 10.16000000000382600, 10.21199999999999800, 22.85999999999825500 ) ) ;
#3190 = LINE ( 'NONE', #1945, #83 ) ;
#3191 = FACE_OUTER_BOUND ( 'NONE', #3057, .T. ) ;
#3192 = SURFACE_SIDE_STYLE ('',( #1352 ) ) ;
#3193 = CARTESIAN_POINT ( 'NONE',  ( -13.09992383598364400, 2.001492559527242400E-015, -21.19999999999776500 ) ) ;
#3194 = LINE ( 'NONE', #1134, #407 ) ;
#3195 = ORIENTED_EDGE ( 'NONE', *, *, #773, .T. ) ;
#3196 = DIRECTION ( 'NONE',  ( -1.000000000000000000, -2.470955234246605300E-016, 1.718560196236194400E-013 ) ) ;
#3197 = CIRCLE ( 'NONE', #1987, 1.499999999999999800 ) ;
#3198 = ADVANCED_FACE ( 'NONE', ( #4304 ), #865, .F. ) ;
#3199 = PLANE ( 'NONE',  #4925 ) ;
#3200 = ORIENTED_EDGE ( 'NONE', *, *, #1015, .T. ) ;
#3201 = CARTESIAN_POINT ( 'NONE',  ( -12.46745506492733900, 1.299999999999993200, 15.50000000000214200 ) ) ;
#3202 = MECHANICAL_DESIGN_GEOMETRIC_PRESENTATION_REPRESENTATION (  '', ( #2691 ), #3464 ) ;
#3203 = CARTESIAN_POINT ( 'NONE',  ( -13.59999999999635600, -8.635064287593469700E-015, 21.20000000000233700 ) ) ;
#3204 = ORIENTED_EDGE ( 'NONE', *, *, #1860, .T. ) ;
#3205 = VECTOR ( 'NONE', #4269, 1000.000000000000000 ) ;
#3206 = CARTESIAN_POINT ( 'NONE',  ( -4.411279628193378000E-012, 0.7000000000000041700, -25.66745506493000000 ) ) ;
#3207 = FACE_BOUND ( 'NONE', #1439, .T. ) ;
#3208 = EDGE_CURVE ( 'NONE', #2869, #934, #824, .T. ) ;
#3209 = DIRECTION ( 'NONE',  ( -0.9998476951563913800, -0.01745240643728311300, 1.711593829630450000E-013 ) ) ;
#3210 = CIRCLE ( 'NONE', #4055, 0.9000398214160099100 ) ;
#3211 = CARTESIAN_POINT ( 'NONE',  ( -9.499999999996310500, 23.49999999999998900, 21.50000000000164100 ) ) ;
#3212 = DIRECTION ( 'NONE',  ( 2.470955234246180800E-016, -1.000000000000000000, -2.470955234246605300E-016 ) ) ;
#3213 = DIRECTION ( 'NONE',  ( -2.470955234246180800E-016, 1.000000000000000000, 2.470955234246605300E-016 ) ) ;
#3214 = EDGE_CURVE ( 'NONE', #4000, #3160, #3941, .T. ) ;
#3215 = EDGE_CURVE ( 'NONE', #740, #4247, #2465, .T. ) ;
#3216 = VERTEX_POINT ( 'NONE', #1310 ) ;
#3217 = ORIENTED_EDGE ( 'NONE', *, *, #4313, .T. ) ;
#3218 =( NAMED_UNIT ( * ) PLANE_ANGLE_UNIT ( ) SI_UNIT ( $, .RADIAN. ) );
#3219 = AXIS2_PLACEMENT_3D ( 'NONE', #4078, #1434, #207 ) ;
#3220 = CARTESIAN_POINT ( 'NONE',  ( 13.38147744525113200, 22.89246606740379500, -23.87931603905051900 ) ) ;
#3222 = ORIENTED_EDGE ( 'NONE', *, *, #1033, .F. ) ;
#3221 = VERTEX_POINT ( 'NONE', #1726 ) ;
#3223 = ORIENTED_EDGE ( 'NONE', *, *, #1462, .F. ) ;
#3224 = DIRECTION ( 'NONE',  ( -0.01744974916068254400, -0.9996954598818875700, -0.01744974916067704200 ) ) ;
#3225 = ORIENTED_EDGE ( 'NONE', *, *, #4205, .T. ) ;
#3226 = CARTESIAN_POINT ( 'NONE',  ( -11.86745506493266300, 1.300000000000000900, -15.49999999999796100 ) ) ;
#3227 = VERTEX_POINT ( 'NONE', #2493 ) ;
#3228 = EDGE_LOOP ( 'NONE', ( #845, #1495, #238, #1073 ) ) ;
#3229 = LINE ( 'NONE', #3211, #2168 ) ;
#3230 = ORIENTED_EDGE ( 'NONE', *, *, #4990, .F. ) ;
#3231 = VERTEX_POINT ( 'NONE', #2463 ) ;
#3233 = EDGE_LOOP ( 'NONE', ( #2571, #2444, #560, #4257, #3292, #4221, #1309, #1601 ) ) ;
#3232 = ORIENTED_EDGE ( 'NONE', *, *, #1296, .T. ) ;
#3234 = DIRECTION ( 'NONE',  ( 1.718560196236194400E-013, -2.470955234246180800E-016, 1.000000000000000000 ) ) ;
#3235 = PLANE ( 'NONE',  #2982 ) ;
#3236 = APPLICATION_CONTEXT ( 'automotive_design' ) ;
#3237 = DIRECTION ( 'NONE',  ( -1.000000000000000000, -2.470955234246605300E-016, 1.718560196236194400E-013 ) ) ;
#3238 = CARTESIAN_POINT ( 'NONE',  ( -12.90461997816434100, 3.052273430948763400E-015, -25.25722511096778400 ) ) ;
#3239 = FACE_OUTER_BOUND ( 'NONE', #2525, .T. ) ;
#3240 = ORIENTED_EDGE ( 'NONE', *, *, #3215, .F. ) ;
#3241 = EDGE_CURVE ( 'NONE', #2551, #4903, #1270, .T. ) ;
#3242 = CARTESIAN_POINT ( 'NONE',  ( 13.60000000000364300, -1.877925978026520500E-015, 21.19999999999766200 ) ) ;
#3243 =( BOUNDED_CURVE ( )  B_SPLINE_CURVE ( 3, ( #3921, #1597, #4283, #855 ),
 .UNSPECIFIED., .F., .F. ) 
 B_SPLINE_CURVE_WITH_KNOTS ( ( 4, 4 ),
 ( 0.1303571363704387200, 0.7852458701498625800 ),
 .UNSPECIFIED. ) 
 CURVE ( )  GEOMETRIC_REPRESENTATION_ITEM ( )  RATIONAL_B_SPLINE_CURVE ( ( 1.000000000000000000, 0.9645782588643948600, 0.9645782588643948600, 1.000000000000000000 ) ) 
 REPRESENTATION_ITEM ( '' )  );
#3244 = CARTESIAN_POINT ( 'NONE',  ( 7.499999999996299000, 23.50000000000001100, -21.50000000000128600 ) ) ;
#3245 = AXIS2_PLACEMENT_3D ( 'NONE', #2203, #767, #4436 ) ;
#3246 = ADVANCED_FACE ( 'NONE', ( #3239 ), #3628, .F. ) ;
#3247 = EDGE_CURVE ( 'NONE', #52, #4908, #4246, .T. ) ;
#3248 = FACE_OUTER_BOUND ( 'NONE', #2729, .T. ) ;
#3249 = CARTESIAN_POINT ( 'NONE',  ( 13.06745506492840300, 0.7000000000000035100, -9.300000000002247800 ) ) ;
#3250 = CIRCLE ( 'NONE', #1034, 1.499999999999999600 ) ;
#3251 = CARTESIAN_POINT ( 'NONE',  ( -12.16745506493266400, 1.400000000000000800, -15.49999999999790900 ) ) ;
#3252 = CIRCLE ( 'NONE', #2748, 0.2999999999999999300 ) ;
#3253 = VECTOR ( 'NONE', #3558, 1000.000000000000000 ) ;
#3254 =( NAMED_UNIT ( * ) SI_UNIT ( $, .STERADIAN. ) SOLID_ANGLE_UNIT ( ) );
#3255 = CARTESIAN_POINT ( 'NONE',  ( 12.46745506492840100, 1.700000000000005300, -9.300000000002143000 ) ) ;
#3256 = FACE_OUTER_BOUND ( 'NONE', #1182, .T. ) ;
#3257 = AXIS2_PLACEMENT_3D ( 'NONE', #732, #2314, #3078 ) ;
#3258 = DIRECTION ( 'NONE',  ( 2.470955234246180800E-016, -1.000000000000000000, -2.470955234246605300E-016 ) ) ;
#3259 = DIRECTION ( 'NONE',  ( -1.000000000000000000, -2.470955234246605300E-016, 1.718560196236194400E-013 ) ) ;
#3260 = DIRECTION ( 'NONE',  ( -0.9998476951563912700, -0.01745240643728080900, 1.734723475976808100E-013 ) ) ;
#3261 = CARTESIAN_POINT ( 'NONE',  ( -11.71576007950582500, 21.99999999999998900, 24.31576007951202100 ) ) ;
#3262 = DIRECTION ( 'NONE',  ( -2.470955234246180800E-016, 1.000000000000000000, 2.470955234246605300E-016 ) ) ;
#3263 = LINE ( 'NONE', #1671, #1171 ) ;
#3264 = ADVANCED_FACE ( 'NONE', ( #3119 ), #3295, .T. ) ;
#3265 = FILL_AREA_STYLE ('',( #1339 ) ) ;
#3266 = ORIENTED_EDGE ( 'NONE', *, *, #3116, .T. ) ;
#3267 = CYLINDRICAL_SURFACE ( 'NONE', #2084, 1.499999999999999800 ) ;
#3268 = CARTESIAN_POINT ( 'NONE',  ( -11.86745506492840400, 1.699999999999994400, 9.300000000002041700 ) ) ;
#3269 = CARTESIAN_POINT ( 'NONE',  ( -12.33926918056440900, 1.133333333333003300, -25.64431877585787900 ) ) ;
#3270 = CARTESIAN_POINT ( 'NONE',  ( 11.99993907005066700, -3.439415015271460300E-015, 25.69992383597794100 ) ) ;
#3271 = CARTESIAN_POINT ( 'NONE',  ( 3.643347616020732400E-012, -5.238425096601903100E-015, 21.19999999999999900 ) ) ;
#3272 = FACE_OUTER_BOUND ( 'NONE', #2523, .T. ) ;
#3273 = EDGE_CURVE ( 'NONE', #1933, #3420, #262, .T. ) ;
#3274 = ORIENTED_EDGE ( 'NONE', *, *, #4826, .T. ) ;
#3275 = AXIS2_PLACEMENT_3D ( 'NONE', #2989, #179, #3289 ) ;
#3276 = CARTESIAN_POINT ( 'NONE',  ( -3.929048670985769000E-012, 1.700000000028018000, -22.85999999999999900 ) ) ;
#3277 = ORIENTED_EDGE ( 'NONE', *, *, #1723, .F. ) ;
#3278 = ORIENTED_EDGE ( 'NONE', *, *, #2570, .F. ) ;
#3279 = DIRECTION ( 'NONE',  ( -2.470955234246180800E-016, 1.000000000000000000, 2.470955234246605300E-016 ) ) ;
#3280 = EDGE_CURVE ( 'NONE', #2568, #688, #4372, .T. ) ;
#3281 = CARTESIAN_POINT ( 'NONE',  ( -12.05015230484837700, 1.700000000000021900, -25.65000000000117500 ) ) ;
#3282 = ORIENTED_EDGE ( 'NONE', *, *, #1624, .F. ) ;
#3283 = ORIENTED_EDGE ( 'NONE', *, *, #1293, .T. ) ;
#3284 = PLANE ( 'NONE',  #192 ) ;
#3285 = EDGE_LOOP ( 'NONE', ( #4352, #147, #1644, #5112 ) ) ;
#3286 = CARTESIAN_POINT ( 'NONE',  ( 13.39667170556536400, 22.02198747903698000, 23.89451029995810700 ) ) ;
#3287 = ORIENTED_EDGE ( 'NONE', *, *, #4654, .F. ) ;
#3288 = VECTOR ( 'NONE', #3581, 1000.000000000000000 ) ;
#3289 = DIRECTION ( 'NONE',  ( -1.000000000000000000, 0.0000000000000000000, 1.850371707708594600E-013 ) ) ;
#3290 = ORIENTED_EDGE ( 'NONE', *, *, #3586, .T. ) ;
#3291 = PLANE ( 'NONE',  #1340 ) ;
#3292 = ORIENTED_EDGE ( 'NONE', *, *, #2711, .F. ) ;
#3293 = CARTESIAN_POINT ( 'NONE',  ( -12.02709324931576900, 3.003599999999990700, 24.62709324932206900 ) ) ;
#3295 = CYLINDRICAL_SURFACE ( 'NONE', #1028, 0.9999999999999994400 ) ;
#3294 = DIRECTION ( 'NONE',  ( -2.470955234245973700E-016, 1.000000000000000000, 3.675571015314493300E-016 ) ) ;
#3296 = VERTEX_POINT ( 'NONE', #2850 ) ;
#3297 = CARTESIAN_POINT ( 'NONE',  ( 12.49761833558205000, 0.7000000000000182700, -25.57078916955309800 ) ) ;
#3298 = CARTESIAN_POINT ( 'NONE',  ( -13.08770529052760300, 0.6999999999999959600, 15.40000000000224700 ) ) ;
#3299 = UNCERTAINTY_MEASURE_WITH_UNIT (LENGTH_MEASURE( 1.000000000000000100E-005 ), #516, 'distance_accuracy_value', 'NONE');
#3300 = CONICAL_SURFACE ( 'NONE', #4864, 0.9000398213894738000, 0.7854202859248493600 ) ;
#3301 =( BOUNDED_SURFACE ( )  B_SPLINE_SURFACE ( 3, 3, ( 
 ( #3859, #4244, #1493, #1094 ),
 ( #3408, #2675, #284, #1923 ),
 ( #3009, #2659, #1876, #4198 ),
 ( #3432, #1111, #298, #1128 ) ),
 .UNSPECIFIED., .F., .F., .F. ) 
 B_SPLINE_SURFACE_WITH_KNOTS ( ( 4, 4 ),
 ( 4, 4 ),
 ( 0.0000000000000000000, 1.000000000000000000 ),
 ( 0.0000000000000000000, 1.000000000000000000 ),
 .UNSPECIFIED. ) 
 GEOMETRIC_REPRESENTATION_ITEM ( )  RATIONAL_B_SPLINE_SURFACE ( (
 ( 1.000000000000000000, 0.8047378540035331500, 0.8047378540035331500, 1.000000000000000000),
 ( 0.8083544723009078400, 0.6505134433135910700, 0.6505134433135910700, 0.8083544723009078400),
 ( 0.8083544723009078400, 0.6505134433135910700, 0.6505134433135910700, 0.8083544723009078400),
 ( 1.000000000000000000, 0.8047378540035331500, 0.8047378540035331500, 1.000000000000000000) ) ) 
 REPRESENTATION_ITEM ( '' )  SURFACE ( )  );
#3302 = DIRECTION ( 'NONE',  ( 2.470955234246180800E-016, -1.000000000000000000, -2.470955234246605300E-016 ) ) ;
#3303 = EDGE_CURVE ( 'NONE', #2516, #655, #3619, .T. ) ;
#3304 = LINE ( 'NONE', #4790, #2191 ) ;
#3305 = VERTEX_POINT ( 'NONE', #149 ) ;
#3306 = CARTESIAN_POINT ( 'NONE',  ( -0.6000000000039287200, 0.7000000000000035100, -22.85999999999989300 ) ) ;
#3307 = AXIS2_PLACEMENT_3D ( 'NONE', #2613, #3019, #696 ) ;
#3308 = LINE ( 'NONE', #3193, #774 ) ;
#3309 = LINE ( 'NONE', #4766, #4013 ) ;
#3310 = EDGE_CURVE ( 'NONE', #4917, #1953, #1886, .T. ) ;
#3311 = DIRECTION ( 'NONE',  ( 2.470955234246180800E-016, -1.000000000000000000, -2.470955234246605300E-016 ) ) ;
#3312 = DIRECTION ( 'NONE',  ( 0.9998476951563912700, 0.01745240643728005600, -1.718255327079238300E-013 ) ) ;
#3313 = VECTOR ( 'NONE', #2742, 1000.000000000000000 ) ;
#3314 = CLOSED_SHELL ( 'NONE', ( #3322, #2259, #1636, #1047 ) ) ;
#3315 = DIRECTION ( 'NONE',  ( -2.470955234246180800E-016, 1.000000000000000000, 2.470955234246605300E-016 ) ) ;
#3316 = CYLINDRICAL_SURFACE ( 'NONE', #1020, 0.5000000000000004400 ) ;
#3317 = MECHANICAL_DESIGN_GEOMETRIC_PRESENTATION_REPRESENTATION (  '', ( #4128 ), #625 ) ;
#3318 = CARTESIAN_POINT ( 'NONE',  ( 11.86745506493159800, 0.6999999999999986200, 9.299999999997961500 ) ) ;
#3319 = CARTESIAN_POINT ( 'NONE',  ( 12.88834994887566200, 1.133333333333009600, -25.24540472097221400 ) ) ;
#3320 = ORIENTED_EDGE ( 'NONE', *, *, #1627, .T. ) ;
#3321 = LINE ( 'NONE', #889, #730 ) ;
#3322 = ADVANCED_FACE ( 'NONE', ( #2123 ), #2528, .T. ) ;
#3323 = CARTESIAN_POINT ( 'NONE',  ( 12.06760736977659400, 0.7000000000000057300, 25.66745506492983300 ) ) ;
#3324 = VECTOR ( 'NONE', #895, 1000.000000000000000 ) ;
#3325 = DIRECTION ( 'NONE',  ( -1.000000000000000000, 0.0000000000000000000, 1.734723475976805600E-013 ) ) ;
#3326 = LINE ( 'NONE', #261, #1487 ) ;
#3327 = DIRECTION ( 'NONE',  ( -1.000000000000000000, -4.336808689942013800E-016, 1.734723475976805600E-013 ) ) ;
#3328 = CARTESIAN_POINT ( 'NONE',  ( 9.560000000003929800, 0.6999999999999946300, 22.85999999999835800 ) ) ;
#3329 = EDGE_LOOP ( 'NONE', ( #805, #3537, #3404, #3923 ) ) ;
#3330 = EDGE_CURVE ( 'NONE', #655, #2516, #197, .T. ) ;
#3331 = ORIENTED_EDGE ( 'NONE', *, *, #4413, .T. ) ;
#3332 = EDGE_CURVE ( 'NONE', #3105, #107, #3353, .T. ) ;
#3333 = VERTEX_POINT ( 'NONE', #1359 ) ;
#3334 = ADVANCED_FACE ( 'NONE', ( #3423 ), #3291, .T. ) ;
#3335 = ORIENTED_EDGE ( 'NONE', *, *, #4648, .F. ) ;
#3336 = CARTESIAN_POINT ( 'NONE',  ( -12.93536159833976700, 23.50798738046682600, -24.30394395723816100 ) ) ;
#3337 = CARTESIAN_POINT ( 'NONE',  ( 13.04999999999840200, 1.700000000000005500, -9.300000000002254900 ) ) ;
#3338 = CARTESIAN_POINT ( 'NONE',  ( -11.99993905486441300, 1.700000000000003100, -25.67025022559794000 ) ) ;
#3340 = ORIENTED_EDGE ( 'NONE', *, *, #3352, .T. ) ;
#3339 = ORIENTED_EDGE ( 'NONE', *, *, #1527, .T. ) ;
#3341 =( NAMED_UNIT ( * ) SI_UNIT ( $, .STERADIAN. ) SOLID_ANGLE_UNIT ( ) );
#3342 = VERTEX_POINT ( 'NONE', #3244 ) ;
#3343 = LINE ( 'NONE', #525, #443 ) ;
#3344 = ADVANCED_FACE ( 'NONE', ( #3001 ), #4875, .T. ) ;
#3345 = CARTESIAN_POINT ( 'NONE',  ( -11.15484855007409600, 54.13460000000000600, -23.75484855006806800 ) ) ;
#3346 = ORIENTED_EDGE ( 'NONE', *, *, #2921, .T. ) ;
#3347 = AXIS2_PLACEMENT_3D ( 'NONE', #2379, #3129, #3159 ) ;
#3348 = DIRECTION ( 'NONE',  ( -1.718560196236194400E-013, 2.470955234246180800E-016, -1.000000000000000000 ) ) ;
#3349 = DIRECTION ( 'NONE',  ( -2.470955234246180800E-016, 1.000000000000000000, 2.470955234246605300E-016 ) ) ;
#3350 = LINE ( 'NONE', #3838, #1452 ) ;
#3351 = CARTESIAN_POINT ( 'NONE',  ( -11.06003982141994000, 1.699999999971170100, -22.85999999999809900 ) ) ;
#3352 = EDGE_CURVE ( 'NONE', #3107, #3227, #3530, .T. ) ;
#3353 = LINE ( 'NONE', #538, #1521 ) ;
#3354 = CIRCLE ( 'NONE', #4329, 0.9000398214160099100 ) ;
#3355 = CARTESIAN_POINT ( 'NONE',  ( 12.67132901532971800, 0.7000000000000185000, -25.47316610894867100 ) ) ;
#3356 = CARTESIAN_POINT ( 'NONE',  ( 12.05015230484837700, 1.700000000000015500, 25.65000000000117500 ) ) ;
#3357 = VECTOR ( 'NONE', #4363, 1000.000000000000000 ) ;
#3358 = VECTOR ( 'NONE', #787, 1000.000000000000100 ) ;
#3359 = FACE_OUTER_BOUND ( 'NONE', #1967, .T. ) ;
#3360 = DIRECTION ( 'NONE',  ( -1.000000000000000000, 0.0000000000000000000, 1.734723475976805600E-013 ) ) ;
#3361 = CARTESIAN_POINT ( 'NONE',  ( 13.06344524719571600, 9.391835980370121600E-015, -24.94548283941224700 ) ) ;
#3362 = VECTOR ( 'NONE', #4484, 1000.000000000000100 ) ;
#3363 = EDGE_LOOP ( 'NONE', ( #2741, #2146 ) ) ;
#3364 = EDGE_CURVE ( 'NONE', #3471, #4414, #5123, .T. ) ;
#3365 = FACE_OUTER_BOUND ( 'NONE', #565, .T. ) ;
#3366 = VECTOR ( 'NONE', #2151, 1000.000000000000000 ) ;
#3367 = CARTESIAN_POINT ( 'NONE',  ( -9.500000000003700200, 23.50000000000000400, -21.49999999999836200 ) ) ;
#3368 = ADVANCED_FACE ( 'NONE', ( #946 ), #636, .T. ) ;
#3369 = AXIS2_PLACEMENT_3D ( 'NONE', #243, #2453, #4428 ) ;
#3370 = VECTOR ( 'NONE', #2349, 1000.000000000000100 ) ;
#3371 = DIRECTION ( 'NONE',  ( 1.000000000000000000, 0.0000000000000000000, -1.850371707708594600E-013 ) ) ;
#3372 = EDGE_CURVE ( 'NONE', #365, #191, #4870, .T. ) ;
#3373 = CARTESIAN_POINT ( 'NONE',  ( -13.38147744539657700, 22.89246606762006000, -23.87931603927035300 ) ) ;
#3374 = EDGE_CURVE ( 'NONE', #1904, #3121, #2886, .T. ) ;
#3375 = DIRECTION ( 'NONE',  ( -0.01744974916067654500, -0.9996954598818875700, 0.01744974916068254400 ) ) ;
#3376 = ORIENTED_EDGE ( 'NONE', *, *, #3713, .F. ) ;
#3377 = CARTESIAN_POINT ( 'NONE',  ( -13.04999999999901000, 1.700000000000009500, 24.65015230485018100 ) ) ;
#3378 = AXIS2_PLACEMENT_3D ( 'NONE', #2253, #2692, #2312 ) ;
#3379 = DIRECTION ( 'NONE',  ( -1.000000000000000000, -2.470955234246605300E-016, 1.718560196236194400E-013 ) ) ;
#3380 = LINE ( 'NONE', #457, #286 ) ;
#3381 = DIRECTION ( 'NONE',  ( 2.470955234246180800E-016, -1.000000000000000000, -2.470955234246605300E-016 ) ) ;
#3382 = CARTESIAN_POINT ( 'NONE',  ( -12.46745506493266700, 1.400000000000000800, -15.49999999999785800 ) ) ;
#3383 = DIRECTION ( 'NONE',  ( -1.000000000000000000, 0.0000000000000000000, 1.734723475976805600E-013 ) ) ;
#3384 =( BOUNDED_CURVE ( )  B_SPLINE_CURVE ( 3, ( #4100, #707, #582, #3037 ),
 .UNSPECIFIED., .F., .F. ) 
 B_SPLINE_CURVE_WITH_KNOTS ( ( 4, 4 ),
 ( 0.4250113684648396100, 0.7852458701529420000 ),
 .UNSPECIFIED. ) 
 CURVE ( )  GEOMETRIC_REPRESENTATION_ITEM ( )  RATIONAL_B_SPLINE_CURVE ( ( 1.000000000000000000, 0.9892151297711677700, 0.9892151297711677700, 1.000000000000000000 ) ) 
 REPRESENTATION_ITEM ( '' )  );
#3385 = LINE ( 'NONE', #1833, #360 ) ;
#3386 = CARTESIAN_POINT ( 'NONE',  ( 13.38147744538883500, 22.89246606739018100, 23.87931603950470500 ) ) ;
#3387 = CARTESIAN_POINT ( 'NONE',  ( 8.589999999995500300, 0.7000000000000086200, -26.18778145455147300 ) ) ;
#3388 = CARTESIAN_POINT ( 'NONE',  ( -12.65722511097438400, 3.174533311604947900E-015, -25.50461997815782300 ) ) ;
#3389 = ORIENTED_EDGE ( 'NONE', *, *, #406, .T. ) ;
#3390 = VECTOR ( 'NONE', #170, 1000.000000000000000 ) ;
#3391 = CARTESIAN_POINT ( 'NONE',  ( -12.84308418775877500, 1.699999999999990600, 25.25925303153932000 ) ) ;
#3392 = VERTEX_POINT ( 'NONE', #4934 ) ;
#3393 = CARTESIAN_POINT ( 'NONE',  ( -2.965146281095416900E-016, 1.200000000000000000, 2.965146281095926200E-016 ) ) ;
#3394 = ADVANCED_FACE ( 'NONE', ( #4994 ), #1412, .T. ) ;
#3395 = DIRECTION ( 'NONE',  ( -1.000000000000000000, -2.470955234246605300E-016, 1.718560196236194400E-013 ) ) ;
#3396 = ORIENTED_EDGE ( 'NONE', *, *, #203, .T. ) ;
#3397 = EDGE_CURVE ( 'NONE', #2271, #2222, #1767, .T. ) ;
#3398 = CARTESIAN_POINT ( 'NONE',  ( -12.16745506492733700, 1.699999999999993100, 15.50000000000209100 ) ) ;
#3399 = ORIENTED_EDGE ( 'NONE', *, *, #2608, .T. ) ;
#3400 = DIRECTION ( 'NONE',  ( 1.000000000000000000, 2.470955234246605300E-016, -1.718560196236194400E-013 ) ) ;
#3401 = B_SPLINE_CURVE_WITH_KNOTS ( 'NONE', 3,
 ( #2327, #2394, #3519, #4727 ),
 .UNSPECIFIED., .F., .F.,
 ( 4, 4 ),
 ( 0.0000000000000000000, 1.000000000000000000 ),
 .UNSPECIFIED. ) ;
#3402 = CARTESIAN_POINT ( 'NONE',  ( -12.11512599218558400, -9.343927997030120800E-015, 25.69992383598208400 ) ) ;
#3404 = ORIENTED_EDGE ( 'NONE', *, *, #282, .F. ) ;
#3403 = ORIENTED_EDGE ( 'NONE', *, *, #1921, .T. ) ;
#3405 =( NAMED_UNIT ( * ) SI_UNIT ( $, .STERADIAN. ) SOLID_ANGLE_UNIT ( ) );
#3406 = VERTEX_POINT ( 'NONE', #2545 ) ;
#3407 = EDGE_CURVE ( 'NONE', #2115, #3677, #2004, .T. ) ;
#3408 = CARTESIAN_POINT ( 'NONE',  ( -12.16233884857625800, 22.03701650778055000, 25.98985562696446300 ) ) ;
#3409 = DIRECTION ( 'NONE',  ( -1.000000000000000000, -2.168404344971006900E-016, 1.734723475976805600E-013 ) ) ;
#3410 = ORIENTED_EDGE ( 'NONE', *, *, #2117, .T. ) ;
#3411 = VERTEX_POINT ( 'NONE', #2969 ) ;
#3413 = VECTOR ( 'NONE', #5074, 1000.000000000000100 ) ;
#3412 = CARTESIAN_POINT ( 'NONE',  ( -11.70592079709933300, 23.49993545762982800, -24.30592079770647400 ) ) ;
#3414 = DIRECTION ( 'NONE',  ( -0.7071067811245190800, 3.097966327914068700E-012, -0.7071067812485759600 ) ) ;
#3415 = ORIENTED_EDGE ( 'NONE', *, *, #2732, .T. ) ;
#3416 = PLANE ( 'NONE',  #4894 ) ;
#3417 = ORIENTED_EDGE ( 'NONE', *, *, #1948, .F. ) ;
#3418 = ORIENTED_EDGE ( 'NONE', *, *, #4757, .T. ) ;
#3419 = CARTESIAN_POINT ( 'NONE',  ( -12.16745506492733700, 1.399999999999993000, 15.50000000000209100 ) ) ;
#3421 = ORIENTED_EDGE ( 'NONE', *, *, #3407, .F. ) ;
#3420 = VERTEX_POINT ( 'NONE', #1032 ) ;
#3422 = DIRECTION ( 'NONE',  ( 1.718560196236194400E-013, -2.470955234246180800E-016, 1.000000000000000000 ) ) ;
#3423 = FACE_OUTER_BOUND ( 'NONE', #171, .T. ) ;
#3424 = ORIENTED_EDGE ( 'NONE', *, *, #3934, .F. ) ;
#3425 = CARTESIAN_POINT ( 'NONE',  ( -13.09992383597575300, -9.343929530620236000E-015, 24.71512599219225200 ) ) ;
#3426 = CARTESIAN_POINT ( 'NONE',  ( -12.92593462647840700, 1.699999999999990400, 25.14975595146780300 ) ) ;
#3427 = CARTESIAN_POINT ( 'NONE',  ( -12.08770529052838500, 1.199999999999994400, 9.400000000002078700 ) ) ;
#3428 = CARTESIAN_POINT ( 'NONE',  ( -13.09992383598422800, 2.841602279899671300E-015, -24.59993905485774900 ) ) ;
#3429 = FACE_OUTER_BOUND ( 'NONE', #2996, .T. ) ;
#3430 = ADVANCED_FACE ( 'NONE', ( #2765 ), #1390, .T. ) ;
#3431 = CARTESIAN_POINT ( 'NONE',  ( -12.27247621355364300, 1.699999999999991100, 25.65000000000732100 ) ) ;
#3432 = CARTESIAN_POINT ( 'NONE',  ( -10.67155797184169500, 22.00057016016692300, 25.39262666050855800 ) ) ;
#3433 = EDGE_CURVE ( 'NONE', #107, #4951, #1647, .T. ) ;
#3434 = DIRECTION ( 'NONE',  ( -1.000000000000000000, 0.0000000000000000000, 1.734723475976805600E-013 ) ) ;
#3435 = FACE_OUTER_BOUND ( 'NONE', #5111, .T. ) ;
#3436 = CARTESIAN_POINT ( 'NONE',  ( -12.08770529053161400, 0.6999999999999992900, -9.399999999997922000 ) ) ;
#3437 = LINE ( 'NONE', #1216, #2076 ) ;
#3438 = ORIENTED_EDGE ( 'NONE', *, *, #2670, .F. ) ;
#3439 = CARTESIAN_POINT ( 'NONE',  ( -12.84308418775877500, 1.699999999999990600, 25.25925303153932000 ) ) ;
#3440 = LINE ( 'NONE', #1010, #1219 ) ;
#3441 = DIRECTION ( 'NONE',  ( -0.9998476951563913800, -0.01745240643728080200, 1.711593829630450000E-013 ) ) ;
#3442 = CYLINDRICAL_SURFACE ( 'NONE', #3275, 0.2999999999999999300 ) ;
#3443 = LINE ( 'NONE', #568, #2199 ) ;
#3444 = CARTESIAN_POINT ( 'NONE',  ( -12.11201918137559000, 1.699999999999990600, 25.67025022560208200 ) ) ;
#3445 = CARTESIAN_POINT ( 'NONE',  ( -10.15999999999607300, 1.699999999971159000, 22.86000000000174400 ) ) ;
#3446 = CARTESIAN_POINT ( 'NONE',  ( -3.774371409771855600E-012, 1.700000000028017500, -21.95996017856883500 ) ) ;
#3447 = EDGE_CURVE ( 'NONE', #740, #1989, #2408, .T. ) ;
#3448 =( NAMED_UNIT ( * ) PLANE_ANGLE_UNIT ( ) SI_UNIT ( $, .RADIAN. ) );
#3449 = B_SPLINE_CURVE_WITH_KNOTS ( 'NONE', 3,
 ( #314, #3402, #3033, #1546, #1121, #703, #2633, #3801 ),
 .UNSPECIFIED., .F., .F.,
 ( 4, 1, 1, 1, 1, 4 ),
 ( 0.0000000000000000000, 0.0003436264300335414200, 0.0006872528600670828300, 0.001030879290100624200, 0.001374505720134165700, 0.001718132150167707100 ),
 .UNSPECIFIED. ) ;
#3450 = CARTESIAN_POINT ( 'NONE',  ( -10.66000000000392800, 0.7000000000000120600, -22.85999999999787500 ) ) ;
#3451 = DIRECTION ( 'NONE',  ( -1.000000000000000000, 0.0000000000000000000, 1.734723475976805600E-013 ) ) ;
#3452 = AXIS2_PLACEMENT_3D ( 'NONE', #2815, #4402, #4803 ) ;
#3453 = DIRECTION ( 'NONE',  ( 1.718560196236197700E-013, -4.818463124271551100E-016, 1.000000000000000000 ) ) ;
#3454 = VECTOR ( 'NONE', #3835, 1000.000000000000100 ) ;
#3455 = DIRECTION ( 'NONE',  ( 1.718560196236194400E-013, -2.470955234246180800E-016, 1.000000000000000000 ) ) ;
#3456 = CARTESIAN_POINT ( 'NONE',  ( 13.08014142906424700, 1.133333333332997400, 24.71305478498775400 ) ) ;
#3457 = AXIS2_PLACEMENT_3D ( 'NONE', #4171, #1864, #307 ) ;
#3459 = ADVANCED_FACE ( 'NONE', ( #2760 ), #2172, .T. ) ;
#3458 = LINE ( 'NONE', #2297, #5023 ) ;
#3460 = CARTESIAN_POINT ( 'NONE',  ( -12.89648496351566100, 0.5666666666666905200, 25.25131491597221600 ) ) ;
#3461 = CARTESIAN_POINT ( 'NONE',  ( -2.000003976631285100E-006, -5.999999999999993800, -22.85999999999970100 ) ) ;
#3462 = CONICAL_SURFACE ( 'NONE', #2384, 0.9000398213894738000, 0.7854202859248493600 ) ;
#3463 = DIRECTION ( 'NONE',  ( -1.000000000000000000, 0.0000000000000000000, 1.734723475976805600E-013 ) ) ;
#3464 =( GEOMETRIC_REPRESENTATION_CONTEXT ( 3 ) GLOBAL_UNCERTAINTY_ASSIGNED_CONTEXT ( ( #2725 ) ) GLOBAL_UNIT_ASSIGNED_CONTEXT ( ( #1302, #1734, #3254 ) ) REPRESENTATION_CONTEXT ( 'NONE', 'WORKASPACE' ) );
#3465 = PLANE ( 'NONE',  #512 ) ;
#3466 = EDGE_LOOP ( 'NONE', ( #2010, #2133, #1345, #1681, #4114, #1170, #5081, #1741 ) ) ;
#3467 = DIRECTION ( 'NONE',  ( -0.01744974916067654500, -0.9996954598818875700, 0.01744974916068254400 ) ) ;
#3468 = ORIENTED_EDGE ( 'NONE', *, *, #2987, .F. ) ;
#3469 = DIRECTION ( 'NONE',  ( 2.470955234246180800E-016, -1.000000000000000000, -2.470955234246605300E-016 ) ) ;
#3471 = VERTEX_POINT ( 'NONE', #3351 ) ;
#3470 = VERTEX_POINT ( 'NONE', #3306 ) ;
#3472 = CARTESIAN_POINT ( 'NONE',  ( -9.660000000003931200, 0.7000000000000122800, -22.85999999999804900 ) ) ;
#3473 = ORIENTED_EDGE ( 'NONE', *, *, #4583, .F. ) ;
#3474 = EDGE_CURVE ( 'NONE', #2696, #566, #4052, .T. ) ;
#3475 = CARTESIAN_POINT ( 'NONE',  ( -11.99993905485559000, 1.699999999999990900, 25.67025022560206400 ) ) ;
#3477 = ORIENTED_EDGE ( 'NONE', *, *, #3650, .T. ) ;
#3476 = VERTEX_POINT ( 'NONE', #1857 ) ;
#3478 = VERTEX_POINT ( 'NONE', #1427 ) ;
#3479 = CARTESIAN_POINT ( 'NONE',  ( -11.71576007950556800, 22.02617860965995800, 25.81553162224997100 ) ) ;
#3480 = FACE_OUTER_BOUND ( 'NONE', #2644, .T. ) ;
#3481 = ORIENTED_EDGE ( 'NONE', *, *, #4354, .T. ) ;
#3482 = AXIS2_PLACEMENT_3D ( 'NONE', #61, #508, #3583 ) ;
#3483 = ORIENTED_EDGE ( 'NONE', *, *, #3215, .T. ) ;
#3484 = ADVANCED_FACE ( 'NONE', ( #4737 ), #5062, .T. ) ;
#3485 = EDGE_CURVE ( 'NONE', #496, #934, #2345, .T. ) ;
#3486 = EDGE_CURVE ( 'NONE', #1693, #1401, #4989, .T. ) ;
#3487 = CARTESIAN_POINT ( 'NONE',  ( -13.08508703079422700, 0.8499999999998902900, -24.59993905485775300 ) ) ;
#3488 = PLANE ( 'NONE',  #4822 ) ;
#3489 = CARTESIAN_POINT ( 'NONE',  ( -13.07897775806191400, 1.200000000000098100, 24.59993905486224700 ) ) ;
#3490 = FACE_OUTER_BOUND ( 'NONE', #116, .T. ) ;
#3491 = DIRECTION ( 'NONE',  ( -0.01744974916067654500, -0.9996954598818875700, 0.01744974916068254400 ) ) ;
#3492 = EDGE_LOOP ( 'NONE', ( #3613, #4744, #1240, #1057, #4356, #4123, #4160, #3050, #3665, #114, #875, #2770, #3848, #1699 ) ) ;
#3493 = CARTESIAN_POINT ( 'NONE',  ( 11.99993905486441600, 0.5666666666666965200, 25.69003263251794100 ) ) ;
#3494 = ORIENTED_EDGE ( 'NONE', *, *, #958, .F. ) ;
#3496 = LINE ( 'NONE', #4396, #2468 ) ;
#3495 = CARTESIAN_POINT ( 'NONE',  ( -11.71576007951418300, 22.00000000000000400, -24.31576007950798200 ) ) ;
#3497 = LINE ( 'NONE', #493, #1464 ) ;
#3498 = LINE ( 'NONE', #4373, #4812 ) ;
#3499 = CIRCLE ( 'NONE', #1731, 1.499999999999999600 ) ;
#3500 = FILL_AREA_STYLE_COLOUR ( '', #3901 ) ;
#3501 = ORIENTED_EDGE ( 'NONE', *, *, #1581, .T. ) ;
#3502 = DIRECTION ( 'NONE',  ( 1.000000000000000000, 2.470955234246605300E-016, -1.718560196236194400E-013 ) ) ;
#3503 = CARTESIAN_POINT ( 'NONE',  ( -13.06745506492840300, 0.6999999999999924100, 9.300000000002247800 ) ) ;
#3504 = VECTOR ( 'NONE', #1738, 1000.000000000000000 ) ;
#3505 = CARTESIAN_POINT ( 'NONE',  ( -2.646879216831848800E-012, 1.200000000000003700, -15.40000000000000000 ) ) ;
#3506 = LINE ( 'NONE', #808, #1472 ) ;
#3507 = VECTOR ( 'NONE', #2125, 1000.000000000000000 ) ;
#3508 = DIRECTION ( 'NONE',  ( 1.000000000000000000, 2.470955234246605300E-016, -1.718560196236194400E-013 ) ) ;
#3509 = CARTESIAN_POINT ( 'NONE',  ( 13.00325947668227000, 0.6999999999999941800, 25.02013518795555300 ) ) ;
#3510 = LINE ( 'NONE', #1551, #154 ) ;
#3511 = EDGE_CURVE ( 'NONE', #3597, #2984, #5009, .T. ) ;
#3512 = ADVANCED_FACE ( 'NONE', ( #3675 ), #3301, .T. ) ;
#3513 =( GEOMETRIC_REPRESENTATION_CONTEXT ( 3 ) GLOBAL_UNCERTAINTY_ASSIGNED_CONTEXT ( ( #3924 ) ) GLOBAL_UNIT_ASSIGNED_CONTEXT ( ( #4573, #2617, #3405 ) ) REPRESENTATION_CONTEXT ( 'NONE', 'WORKASPACE' ) );
#3514 = CARTESIAN_POINT ( 'NONE',  ( -13.09992383597577300, -9.369677466425729700E-015, 24.59993907004849900 ) ) ;
#3515 = PLANE ( 'NONE',  #2709 ) ;
#3516 = DIRECTION ( 'NONE',  ( 1.000000000000000000, 2.470955234246605300E-016, -1.718560196236194400E-013 ) ) ;
#3517 = EDGE_CURVE ( 'NONE', #3342, #1405, #4002, .T. ) ;
#3518 = VECTOR ( 'NONE', #2981, 1000.000000000000000 ) ;
#3519 = CARTESIAN_POINT ( 'NONE',  ( 12.96750786877953300, 1.214831480029871000, -25.08219790240177400 ) ) ;
#3520 = CARTESIAN_POINT ( 'NONE',  ( 12.54975595146115100, 1.699999999999733100, -25.52593462648491100 ) ) ;
#3521 = VECTOR ( 'NONE', #4807, 1000.000000000000000 ) ;
#3522 = CARTESIAN_POINT ( 'NONE',  ( -4.502627714138829800E-012, 6.473902713724993400E-015, -26.20000000000000300 ) ) ;
#3523 = B_SPLINE_CURVE_WITH_KNOTS ( 'NONE', 3,
 ( #1831, #2550, #1471, #1037 ),
 .UNSPECIFIED., .F., .F.,
 ( 4, 4 ),
 ( 0.0000000000000000000, 1.000000000000000000 ),
 .UNSPECIFIED. ) ;
#3524 = CARTESIAN_POINT ( 'NONE',  ( 13.03475554019428600, 1.699999999999997100, 24.93616235112775900 ) ) ;
#3525 = AXIS2_PLACEMENT_3D ( 'NONE', #2225, #258, #658 ) ;
#3526 = ORIENTED_EDGE ( 'NONE', *, *, #4413, .F. ) ;
#3527 = DIRECTION ( 'NONE',  ( -0.9998476951563913800, 0.01745240643727956300, 1.718341575309310900E-013 ) ) ;
#3528 = CARTESIAN_POINT ( 'NONE',  ( 13.08508703078577200, 0.8499999999998968400, -24.59993905486224700 ) ) ;
#3529 = ORIENTED_EDGE ( 'NONE', *, *, #4579, .T. ) ;
#3530 =( BOUNDED_CURVE ( )  B_SPLINE_CURVE ( 3, ( #4054, #1000, #4506, #614 ),
 .UNSPECIFIED., .F., .F. ) 
 B_SPLINE_CURVE_WITH_KNOTS ( ( 4, 4 ),
 ( 5.497939437025752200, 6.152828170809006500 ),
 .UNSPECIFIED. ) 
 CURVE ( )  GEOMETRIC_REPRESENTATION_ITEM ( )  RATIONAL_B_SPLINE_CURVE ( ( 1.000000000000000000, 0.9645782588639841800, 0.9645782588639841800, 1.000000000000000000 ) ) 
 REPRESENTATION_ITEM ( '' )  );
#3531 = CARTESIAN_POINT ( 'NONE',  ( -12.97078916954664000, 0.6999999999999885200, 25.09761833558867000 ) ) ;
#3532 = EDGE_CURVE ( 'NONE', #1260, #1904, #1942, .T. ) ;
#3534 = EDGE_LOOP ( 'NONE', ( #4609, #367, #562, #4702, #56, #4043 ) ) ;
#3533 = ORIENTED_EDGE ( 'NONE', *, *, #4687, .F. ) ;
#3535 = CARTESIAN_POINT ( 'NONE',  ( 12.46745506493266500, 1.299999999999999400, 15.49999999999785800 ) ) ;
#3536 = VERTEX_POINT ( 'NONE', #4217 ) ;
#3537 = ORIENTED_EDGE ( 'NONE', *, *, #2323, .T. ) ;
#3538 = ADVANCED_FACE ( 'NONE', ( #3936 ), #4676, .T. ) ;
#3539 = CARTESIAN_POINT ( 'NONE',  ( 12.31965277809185400, 23.50798738021441600, -24.91965277738260900 ) ) ;
#3540 = DIRECTION ( 'NONE',  ( -2.752243213647003100E-015, -0.9998476951563849400, -0.01745240643764097200 ) ) ;
#3542 = ORIENTED_EDGE ( 'NONE', *, *, #981, .T. ) ;
#3541 = ORIENTED_EDGE ( 'NONE', *, *, #2055, .T. ) ;
#3543 = ORIENTED_EDGE ( 'NONE', *, *, #1053, .T. ) ;
#3544 = CARTESIAN_POINT ( 'NONE',  ( 13.21553162224283500, 22.02617860964639400, -24.31576007828237000 ) ) ;
#3546 = VERTEX_POINT ( 'NONE', #4641 ) ;
#3545 = EDGE_LOOP ( 'NONE', ( #4417, #75, #248, #2331 ) ) ;
#3547 = ORIENTED_EDGE ( 'NONE', *, *, #3846, .T. ) ;
#3548 = CIRCLE ( 'NONE', #2089, 0.4999999999999987200 ) ;
#3549 = EDGE_CURVE ( 'NONE', #1846, #566, #1757, .T. ) ;
#3550 = DIRECTION ( 'NONE',  ( -2.470955234246180800E-016, 1.000000000000000000, 2.470955234246605300E-016 ) ) ;
#3551 = ORIENTED_EDGE ( 'NONE', *, *, #349, .F. ) ;
#3552 = CARTESIAN_POINT ( 'NONE',  ( 12.06760736976866400, 0.7000000000000072800, -25.66745506493245400 ) ) ;
#3553 = VECTOR ( 'NONE', #3563, 1000.000000000000000 ) ;
#3554 = ORIENTED_EDGE ( 'NONE', *, *, #854, .F. ) ;
#3555 = DIRECTION ( 'NONE',  ( 1.000000000000000000, 2.470955234246605300E-016, -1.718560196236194400E-013 ) ) ;
#3556 = DIRECTION ( 'NONE',  ( -0.9998476951563913800, 0.01745240643728080200, 1.711593829630450000E-013 ) ) ;
#3557 = EDGE_CURVE ( 'NONE', #5073, #983, #1202, .T. ) ;
#3558 = DIRECTION ( 'NONE',  ( -2.470955234246180800E-016, 1.000000000000000000, 2.470955234246605300E-016 ) ) ;
#3559 = LINE ( 'NONE', #2733, #2531 ) ;
#3560 = ORIENTED_EDGE ( 'NONE', *, *, #1707, .F. ) ;
#3561 = AXIS2_PLACEMENT_3D ( 'NONE', #1862, #224, #1024 ) ;
#3562 = CARTESIAN_POINT ( 'NONE',  ( -14.80976292091559200, 1.699999999999990000, 25.65000000000254600 ) ) ;
#3563 = DIRECTION ( 'NONE',  ( 2.470955234246180800E-016, -1.000000000000000000, -2.470955234246605300E-016 ) ) ;
#3564 = VECTOR ( 'NONE', #4235, 1000.000000000000000 ) ;
#3565 = ADVANCED_FACE ( 'NONE', ( #882, #4923 ), #1148, .F. ) ;
#3566 = VERTEX_POINT ( 'NONE', #3782 ) ;
#3567 = FACE_OUTER_BOUND ( 'NONE', #3720, .T. ) ;
#3568 = VECTOR ( 'NONE', #686, 1000.000000000000000 ) ;
#3569 = CARTESIAN_POINT ( 'NONE',  ( -12.87316610894215100, 0.6999999999999884100, 25.27132901533630300 ) ) ;
#3570 = AXIS2_PLACEMENT_3D ( 'NONE', #105, #87, #949 ) ;
#3571 = LINE ( 'NONE', #4278, #2782 ) ;
#3572 = DIRECTION ( 'NONE',  ( -1.718560196236194400E-013, 2.470955234246180800E-016, -1.000000000000000000 ) ) ;
#3573 = DIRECTION ( 'NONE',  ( 1.000000000000000000, 2.470955234246605300E-016, -1.718560196236194400E-013 ) ) ;
#3574 = DIRECTION ( 'NONE',  ( -1.000000000000000000, 0.0000000000000000000, 1.734723475976811600E-013 ) ) ;
#3575 = PLANE ( 'NONE',  #4623 ) ;
#3576 = EDGE_CURVE ( 'NONE', #4827, #4366, #3350, .T. ) ;
#3577 = CARTESIAN_POINT ( 'NONE',  ( 12.46745506493159900, 1.300000000000000700, 9.299999999997858400 ) ) ;
#3578 = VERTEX_POINT ( 'NONE', #2393 ) ;
#3579 = LINE ( 'NONE', #1398, #2553 ) ;
#3580 = AXIS2_PLACEMENT_3D ( 'NONE', #3582, #3550, #2405 ) ;
#3581 = DIRECTION ( 'NONE',  ( -1.718560196236194400E-013, 2.470955234246180800E-016, -1.000000000000000000 ) ) ;
#3582 = CARTESIAN_POINT ( 'NONE',  ( -10.15999999999607100, 0.7000000000000015100, 22.86000000000174400 ) ) ;
#3583 = DIRECTION ( 'NONE',  ( 1.000000000000000000, 0.0000000000000000000, -1.734723475976811600E-013 ) ) ;
#3584 = CARTESIAN_POINT ( 'NONE',  ( 12.84308418776754700, 1.699999999999997100, 25.25925303153479700 ) ) ;
#3585 = LINE ( 'NONE', #5116, #3324 ) ;
#3586 = EDGE_CURVE ( 'NONE', #4908, #1841, #2073, .T. ) ;
#3587 = DIRECTION ( 'NONE',  ( -1.000000000000000000, 0.0000000000000000000, 1.734723475976805600E-013 ) ) ;
#3588 = AXIS2_PLACEMENT_3D ( 'NONE', #4479, #4868, #4842 ) ;
#3589 = FACE_OUTER_BOUND ( 'NONE', #1868, .T. ) ;
#3590 = CARTESIAN_POINT ( 'NONE',  ( -10.76000000000392900, 1.399973453572572700, -22.85999999999812400 ) ) ;
#3591 = DIRECTION ( 'NONE',  ( 1.000000000000000000, 2.470955234246605300E-016, -1.718560196236194400E-013 ) ) ;
#3592 = CARTESIAN_POINT ( 'NONE',  ( 13.08770529052602200, 0.7000000000000137200, -24.59993905486224700 ) ) ;
#3593 = VERTEX_POINT ( 'NONE', #372 ) ;
#3594 = CARTESIAN_POINT ( 'NONE',  ( -11.86745506493000100, 0.6999999999999949600, 2.039666557387429200E-012 ) ) ;
#3595 = EDGE_LOOP ( 'NONE', ( #1191, #1361, #4157, #4743, #4350, #4042, #4546, #2945 ) ) ;
#3596 = CARTESIAN_POINT ( 'NONE',  ( 12.27247621355364300, 1.700000000000009500, -25.65000000000732100 ) ) ;
#3598 = ORIENTED_EDGE ( 'NONE', *, *, #813, .T. ) ;
#3597 = VERTEX_POINT ( 'NONE', #424 ) ;
#3599 = ORIENTED_EDGE ( 'NONE', *, *, #1790, .T. ) ;
#3600 = CARTESIAN_POINT ( 'NONE',  ( 11.99993905486441800, -3.385204910399639500E-015, 25.69992383597794100 ) ) ;
#3602 = EDGE_LOOP ( 'NONE', ( #4398, #675, #4331, #3389 ) ) ;
#3601 = VERTEX_POINT ( 'NONE', #442 ) ;
#3603 = EDGE_LOOP ( 'NONE', ( #4932, #2005, #45 ) ) ;
#3604 = CYLINDRICAL_SURFACE ( 'NONE', #474, 0.2999999999999999300 ) ;
#3605 = ORIENTED_EDGE ( 'NONE', *, *, #2866, .F. ) ;
#3606 = CARTESIAN_POINT ( 'NONE',  ( -13.06745506493717600, 0.7000000000000007300, -24.78835778680441800 ) ) ;
#3607 = VERTEX_POINT ( 'NONE', #2007 ) ;
#3609 = ORIENTED_EDGE ( 'NONE', *, *, #4911, .F. ) ;
#3608 = ORIENTED_EDGE ( 'NONE', *, *, #3778, .F. ) ;
#3610 = CARTESIAN_POINT ( 'NONE',  ( 12.06760736977659400, 0.7000000000000057300, 25.66745506492983300 ) ) ;
#3611 = VECTOR ( 'NONE', #1538, 1000.000000000000000 ) ;
#3612 = DIRECTION ( 'NONE',  ( -1.000000000000000000, -2.470955234246605300E-016, 1.718560196236194400E-013 ) ) ;
#3613 = ORIENTED_EDGE ( 'NONE', *, *, #1329, .F. ) ;
#3614 = CARTESIAN_POINT ( 'NONE',  ( 8.499999999996472200, 23.47500000000000900, -20.50000000000145300 ) ) ;
#3615 = ORIENTED_EDGE ( 'NONE', *, *, #4437, .T. ) ;
#3616 = ADVANCED_FACE ( 'NONE', ( #2880 ), #2500, .T. ) ;
#3617 = EDGE_CURVE ( 'NONE', #5097, #3536, #3802, .T. ) ;
#3619 = CIRCLE ( 'NONE', #1141, 0.5000000000000004400 ) ;
#3618 = CARTESIAN_POINT ( 'NONE',  ( -12.16745506493441000, 1.700000000000003100, -25.67025022559790800 ) ) ;
#3620 = DIRECTION ( 'NONE',  ( -0.01745240643906548900, 0.9998476951563601800, 3.246358993050980200E-015 ) ) ;
#3621 = AXIS2_PLACEMENT_3D ( 'NONE', #669, #4661, #1883 ) ;
#3622 = CARTESIAN_POINT ( 'NONE',  ( -12.97882969741226600, 3.266891996293350200E-015, -26.20000000035737400 ) ) ;
#3623 = PLANE ( 'NONE',  #4359 ) ;
#3624 = VECTOR ( 'NONE', #1307, 1000.000000000000000 ) ;
#3625 = CIRCLE ( 'NONE', #1435, 0.5000000000000004400 ) ;
#3626 = CARTESIAN_POINT ( 'NONE',  ( -10.66000000000392600, -7.414213562373091400, -22.85999999999787500 ) ) ;
#3627 = VECTOR ( 'NONE', #2831, 1000.000000000000000 ) ;
#3628 = PLANE ( 'NONE',  #497 ) ;
#3629 = VECTOR ( 'NONE', #7, 1000.000000000000000 ) ;
#3630 = CIRCLE ( 'NONE', #2243, 1.499999999999999800 ) ;
#3631 = CARTESIAN_POINT ( 'NONE',  ( -13.06745506493160000, 1.299999999999999400, -9.299999999997755400 ) ) ;
#3632 = EDGE_CURVE ( 'NONE', #411, #948, #3737, .T. ) ;
#3633 = CARTESIAN_POINT ( 'NONE',  ( -10.16000000000392900, 1.700000000000002800, -22.85999999999825100 ) ) ;
#3634 = CARTESIAN_POINT ( 'NONE',  ( 11.99993905486441800, -3.385204910399639500E-015, 25.69992383597794100 ) ) ;
#3635 = DIRECTION ( 'NONE',  ( -2.470955234246180800E-016, 1.000000000000000000, 2.470955234246605300E-016 ) ) ;
#3636 = ORIENTED_EDGE ( 'NONE', *, *, #3644, .F. ) ;
#3637 = ADVANCED_FACE ( 'NONE', ( #690 ), #3125, .T. ) ;
#3638 = CARTESIAN_POINT ( 'NONE',  ( -12.42013518796209600, 0.7000000000000008400, -25.60325947667585900 ) ) ;
#3639 = CARTESIAN_POINT ( 'NONE',  ( -13.00325947667197800, 0.6999999999999885200, 25.02013518796401900 ) ) ;
#3640 = CARTESIAN_POINT ( 'NONE',  ( 12.06760736977659400, 0.7000000000000057300, 25.66745506492983300 ) ) ;
#3641 = VECTOR ( 'NONE', #4616, 1000.000000000000100 ) ;
#3642 = DIRECTION ( 'NONE',  ( 0.7071067811866691400, 3.005067010826291800E-029, 0.7071067811864258900 ) ) ;
#3643 = DIRECTION ( 'NONE',  ( 1.718560196236194400E-013, -2.470955234246180800E-016, 1.000000000000000000 ) ) ;
#3644 = EDGE_CURVE ( 'NONE', #711, #2326, #2825, .T. ) ;
#3645 = DIRECTION ( 'NONE',  ( 2.470955234246180800E-016, -1.000000000000000000, -2.470955234246605300E-016 ) ) ;
#3646 = CARTESIAN_POINT ( 'NONE',  ( -13.05000000000159900, 1.699999999999999100, -9.299999999997750100 ) ) ;
#3647 = VECTOR ( 'NONE', #4736, 1000.000000000000000 ) ;
#3648 = AXIS2_PLACEMENT_3D ( 'NONE', #1560, #4650, #3066 ) ;
#3649 = CARTESIAN_POINT ( 'NONE',  ( 12.65925303153263000, 1.700000000000009500, -25.44308418776538300 ) ) ;
#3650 = EDGE_CURVE ( 'NONE', #2998, #251, #633, .T. ) ;
#3651 = EDGE_CURVE ( 'NONE', #1630, #2170, #2938, .T. ) ;
#3652 = EDGE_LOOP ( 'NONE', ( #3658, #4606, #4010, #188 ) ) ;
#3653 = VERTEX_POINT ( 'NONE', #1201 ) ;
#3654 = DIRECTION ( 'NONE',  ( 1.718560196236194400E-013, -2.470955234246180800E-016, 1.000000000000000000 ) ) ;
#3655 = EDGE_LOOP ( 'NONE', ( #4592, #681, #4218, #1762 ) ) ;
#3656 = CARTESIAN_POINT ( 'NONE',  ( 12.16233884838472100, 22.03701650786948800, 25.98985562694205600 ) ) ;
#3657 = CARTESIAN_POINT ( 'NONE',  ( 9.660000000003826400, 1.699999999999996800, 22.85999999999834000 ) ) ;
#3658 = ORIENTED_EDGE ( 'NONE', *, *, #1193, .T. ) ;
#3659 = EDGE_LOOP ( 'NONE', ( #2694, #3340, #1809, #745 ) ) ;
#3660 = DIRECTION ( 'NONE',  ( 2.470955234246180800E-016, -1.000000000000000000, -2.470955234246605300E-016 ) ) ;
#3661 = ORIENTED_EDGE ( 'NONE', *, *, #3485, .T. ) ;
#3662 = DIRECTION ( 'NONE',  ( 1.000000000000000000, 2.470955234246605300E-016, -1.718560196236194400E-013 ) ) ;
#3663 = DIRECTION ( 'NONE',  ( 1.718560196236194400E-013, -2.470955234246180800E-016, 1.000000000000000000 ) ) ;
#3665 = ORIENTED_EDGE ( 'NONE', *, *, #357, .F. ) ;
#3664 = VERTEX_POINT ( 'NONE', #41 ) ;
#3666 = ADVANCED_FACE ( 'NONE', ( #1821 ), #2344, .T. ) ;
#3667 = EDGE_LOOP ( 'NONE', ( #2639, #4098, #4871, #670 ) ) ;
#3668 = CARTESIAN_POINT ( 'NONE',  ( 11.86745506492733400, 0.7000000000000046200, -15.50000000000203900 ) ) ;
#3669 = AXIS2_PLACEMENT_3D ( 'NONE', #1774, #598, #297 ) ;
#3670 = DIRECTION ( 'NONE',  ( -1.718560196236194400E-013, 2.470955234246180800E-016, -1.000000000000000000 ) ) ;
#3671 = EDGE_LOOP ( 'NONE', ( #198, #3542, #2067, #3346 ) ) ;
#3672 = ORIENTED_EDGE ( 'NONE', *, *, #1855, .T. ) ;
#3673 = CARTESIAN_POINT ( 'NONE',  ( 12.46745506492733700, 1.300000000000007100, -15.50000000000214200 ) ) ;
#3674 = ORIENTED_EDGE ( 'NONE', *, *, #156, .F. ) ;
#3675 = FACE_OUTER_BOUND ( 'NONE', #4837, .T. ) ;
#3676 = CARTESIAN_POINT ( 'NONE',  ( 12.08770529053264500, 1.199999999999999100, 15.39999999999792200 ) ) ;
#3677 = VERTEX_POINT ( 'NONE', #4364 ) ;
#3679 = VERTEX_POINT ( 'NONE', #3174 ) ;
#3678 = ORIENTED_EDGE ( 'NONE', *, *, #4144, .F. ) ;
#3680 = DIRECTION ( 'NONE',  ( -1.000000000000000000, -2.470955234246605300E-016, 1.718560196236194400E-013 ) ) ;
#3681 = LINE ( 'NONE', #235, #5114 ) ;
#3682 = EDGE_LOOP ( 'NONE', ( #2739, #374, #3477, #932, #1749, #1863, #185, #2877 ) ) ;
#3683 = EDGE_CURVE ( 'NONE', #1846, #1260, #2581, .T. ) ;
#3684 = DIRECTION ( 'NONE',  ( 1.000000000000000000, 2.470955234246605300E-016, -1.718560196236194400E-013 ) ) ;
#3685 = AXIS2_PLACEMENT_3D ( 'NONE', #4952, #3035, #3383 ) ;
#3686 = VECTOR ( 'NONE', #190, 1000.000000000000000 ) ;
#3687 = EDGE_CURVE ( 'NONE', #3865, #3792, #4802, .T. ) ;
#3688 = DIRECTION ( 'NONE',  ( -0.9998476951563912700, 0.01745240643728037500, 1.734723475976808100E-013 ) ) ;
#3689 = DIRECTION ( 'NONE',  ( 1.718560196236197700E-013, -4.818463124271551100E-016, 1.000000000000000000 ) ) ;
#3690 = VECTOR ( 'NONE', #2754, 1000.000000000000000 ) ;
#3691 = DIRECTION ( 'NONE',  ( 1.000000000000000000, 2.470955234246605300E-016, -1.718560196236194400E-013 ) ) ;
#3692 = VECTOR ( 'NONE', #2849, 1000.000000000000000 ) ;
#3693 = CIRCLE ( 'NONE', #421, 0.5000000000000000000 ) ;
#3694 = VECTOR ( 'NONE', #4658, 1000.000000000000100 ) ;
#3695 = ADVANCED_FACE ( 'NONE', ( #382 ), #1274, .F. ) ;
#3696 = CARTESIAN_POINT ( 'NONE',  ( -13.07897775806349600, 1.200000000000064600, 15.40000000000224600 ) ) ;
#3697 = CARTESIAN_POINT ( 'NONE',  ( -12.88834994888434000, 1.133333333333003100, -25.24540472096778700 ) ) ;
#3698 = AXIS2_PLACEMENT_3D ( 'NONE', #1628, #1227, #4355 ) ;
#3699 = CARTESIAN_POINT ( 'NONE',  ( 12.77609723762551400, 22.03701650797376700, 25.37609723780520500 ) ) ;
#3700 = CARTESIAN_POINT ( 'NONE',  ( -12.42013518796209600, 0.7000000000000008400, -25.60325947667585900 ) ) ;
#3701 = CARTESIAN_POINT ( 'NONE',  ( 9.500000000003689500, 23.44999999999999600, 21.49999999999837300 ) ) ;
#3702 = EDGE_CURVE ( 'NONE', #3804, #4293, #4302, .T. ) ;
#3703 = CARTESIAN_POINT ( 'NONE',  ( -12.77609723762552600, 22.03701650797377100, -25.37609723780519400 ) ) ;
#3704 = CARTESIAN_POINT ( 'NONE',  ( 13.09992383597635700, 8.475357633676568400E-015, -21.20000000000224800 ) ) ;
#3705 = CARTESIAN_POINT ( 'NONE',  ( 12.46745506492840100, 1.300000000000005600, -9.300000000002143000 ) ) ;
#3706 = FACE_OUTER_BOUND ( 'NONE', #3777, .T. ) ;
#3707 = LINE ( 'NONE', #5076, #2672 ) ;
#3708 = CARTESIAN_POINT ( 'NONE',  ( -10.15999999999606900, -6.000000000000008900, 22.86000000000174400 ) ) ;
#3709 = CARTESIAN_POINT ( 'NONE',  ( -12.88021493424433900, 1.700000000000002800, -25.23949452596778500 ) ) ;
#3710 = CARTESIAN_POINT ( 'NONE',  ( 12.77729574015725000, 22.87887801650047600, 23.25622705121739700 ) ) ;
#3711 = ORIENTED_EDGE ( 'NONE', *, *, #2239, .F. ) ;
#3712 = VECTOR ( 'NONE', #801, 1000.000000000000000 ) ;
#3713 = EDGE_CURVE ( 'NONE', #2051, #4305, #941, .T. ) ;
#3714 = CARTESIAN_POINT ( 'NONE',  ( -10.16000000000392900, 1.399973453572573000, -22.85999999999825100 ) ) ;
#3715 = CARTESIAN_POINT ( 'NONE',  ( -13.05000000000471200, 1.700000000000003300, -27.40976292091776000 ) ) ;
#3716 = AXIS2_PLACEMENT_3D ( 'NONE', #3791, #1526, #733 ) ;
#3717 = CARTESIAN_POINT ( 'NONE',  ( -9.659999999996074400, 10.21199999999999400, 22.86000000000165900 ) ) ;
#3718 = DIRECTION ( 'NONE',  ( -0.9998476951563912700, 0.01745240643728037500, 1.734723475976808100E-013 ) ) ;
#3719 = ORIENTED_EDGE ( 'NONE', *, *, #3433, .T. ) ;
#3720 = EDGE_LOOP ( 'NONE', ( #3763, #744, #1320, #4544, #492, #2347, #4109 ) ) ;
#3721 = DIRECTION ( 'NONE',  ( 1.000000000000000000, 2.409231562247373200E-016, -1.734646724818108900E-013 ) ) ;
#3722 = ADVANCED_FACE ( 'NONE', ( #758 ), #2959, .F. ) ;
#3723 = ORIENTED_EDGE ( 'NONE', *, *, #2977, .F. ) ;
#3724 = ORIENTED_EDGE ( 'NONE', *, *, #2389, .F. ) ;
#3725 = AXIS2_PLACEMENT_3D ( 'NONE', #3614, #2153, #4893 ) ;
#3726 = CARTESIAN_POINT ( 'NONE',  ( -12.46745506493266700, 1.400000000000000800, -15.49999999999785800 ) ) ;
#3727 = CARTESIAN_POINT ( 'NONE',  ( -11.99993905486441600, 0.8499999999998909500, -25.68508703078794400 ) ) ;
#3728 = ORIENTED_EDGE ( 'NONE', *, *, #2796, .F. ) ;
#3729 = ORIENTED_EDGE ( 'NONE', *, *, #3303, .T. ) ;
#3730 = LINE ( 'NONE', #2319, #3413 ) ;
#3731 = EDGE_LOOP ( 'NONE', ( #528, #4151, #2287, #4300 ) ) ;
#3732 = DIRECTION ( 'NONE',  ( 1.718560196236194400E-013, -2.470955234246180800E-016, 1.000000000000000000 ) ) ;
#3734 = ORIENTED_EDGE ( 'NONE', *, *, #4784, .T. ) ;
#3733 = ORIENTED_EDGE ( 'NONE', *, *, #3920, .F. ) ;
#3735 =( GEOMETRIC_REPRESENTATION_CONTEXT ( 3 ) GLOBAL_UNCERTAINTY_ASSIGNED_CONTEXT ( ( #3790 ) ) GLOBAL_UNIT_ASSIGNED_CONTEXT ( ( #428, #2793, #3141 ) ) REPRESENTATION_CONTEXT ( 'NONE', 'WORKASPACE' ) );
#3737 = CIRCLE ( 'NONE', #3029, 0.9000398214311644600 ) ;
#3736 = CARTESIAN_POINT ( 'NONE',  ( -12.76095110924161500, 22.90473760973025800, -25.36095110977457900 ) ) ;
#3738 = DIRECTION ( 'NONE',  ( -0.01745240643727956000, -0.9998476951563912700, 2.752243213584931600E-015 ) ) ;
#3739 = CARTESIAN_POINT ( 'NONE',  ( 12.97882969773466200, 9.680913431326666000E-015, -26.19999999999933100 ) ) ;
#3740 = VECTOR ( 'NONE', #1748, 1000.000000000000000 ) ;
#3741 = PLANE ( 'NONE',  #4334 ) ;
#3742 = DIRECTION ( 'NONE',  ( 1.000000000000000000, 3.614007241618348300E-016, -1.734723475976807100E-013 ) ) ;
#3743 = CARTESIAN_POINT ( 'NONE',  ( -12.16745506492840300, 1.399999999999994600, 9.300000000002093300 ) ) ;
#3744 = CARTESIAN_POINT ( 'NONE',  ( 11.86745506493266200, 0.6999999999999970700, 15.49999999999796100 ) ) ;
#3745 = EDGE_CURVE ( 'NONE', #1061, #2616, #3523, .T. ) ;
#3746 = LINE ( 'NONE', #3479, #3564 ) ;
#3747 = VERTEX_POINT ( 'NONE', #2245 ) ;
#3748 = DIRECTION ( 'NONE',  ( 0.01744974916067704200, -0.9996954598818875700, -0.01744974916068303700 ) ) ;
#3749 = VECTOR ( 'NONE', #2042, 1000.000000000000000 ) ;
#3750 = VECTOR ( 'NONE', #2235, 1000.000000000000200 ) ;
#3751 = ORIENTED_EDGE ( 'NONE', *, *, #917, .F. ) ;
#3752 = EDGE_CURVE ( 'NONE', #4490, #4209, #1067, .T. ) ;
#3753 = DIRECTION ( 'NONE',  ( 1.718560196236197700E-013, -4.818463124271551100E-016, 1.000000000000000000 ) ) ;
#3754 = EDGE_CURVE ( 'NONE', #447, #1079, #255, .T. ) ;
#3755 = CARTESIAN_POINT ( 'NONE',  ( 12.97078916954664000, 0.7000000000000185000, -25.09761833558867400 ) ) ;
#3756 = FACE_OUTER_BOUND ( 'NONE', #3039, .T. ) ;
#3757 = DIRECTION ( 'NONE',  ( -1.718560196236194400E-013, 2.470955234246180800E-016, -1.000000000000000000 ) ) ;
#3758 =( BOUNDED_CURVE ( )  B_SPLINE_CURVE ( 3, ( #3509, #2743, #3091, #2397 ),
 .UNSPECIFIED., .F., .F. ) 
 B_SPLINE_CURVE_WITH_KNOTS ( ( 4, 4 ),
 ( 0.4250113684648758600, 0.7852458701529438900 ),
 .UNSPECIFIED. ) 
 CURVE ( )  GEOMETRIC_REPRESENTATION_ITEM ( )  RATIONAL_B_SPLINE_CURVE ( ( 1.000000000000000000, 0.9892151297711697700, 0.9892151297711697700, 1.000000000000000000 ) ) 
 REPRESENTATION_ITEM ( '' )  );
#3759 = VECTOR ( 'NONE', #4677, 1000.000000000000000 ) ;
#3760 = AXIS2_PLACEMENT_3D ( 'NONE', #3816, #3761, #3327 ) ;
#3761 = DIRECTION ( 'NONE',  ( 2.470955234246180800E-016, -1.000000000000000000, -2.470955234246605300E-016 ) ) ;
#3762 = CARTESIAN_POINT ( 'NONE',  ( 11.99993905485558800, 1.133333333333009600, -25.68014142906206500 ) ) ;
#3763 = ORIENTED_EDGE ( 'NONE', *, *, #754, .F. ) ;
#3764 = SURFACE_SIDE_STYLE ('',( #3766 ) ) ;
#3765 = CARTESIAN_POINT ( 'NONE',  ( -13.60000000000000000, -3.360499118575382900E-015, 2.337241866881224400E-012 ) ) ;
#3766 = SURFACE_STYLE_FILL_AREA ( #2605 ) ;
#3767 = CARTESIAN_POINT ( 'NONE',  ( 11.86745506493159800, 1.300000000000000700, 9.299999999997961500 ) ) ;
#3768 = CARTESIAN_POINT ( 'NONE',  ( -11.99993905486441300, 1.700000000000003100, -25.67025022559794000 ) ) ;
#3769 = DIRECTION ( 'NONE',  ( 1.718560196236194400E-013, -2.470955234246180800E-016, 1.000000000000000000 ) ) ;
#3770 = DIRECTION ( 'NONE',  ( -0.9998476951563913800, 0.01745240643727956300, 1.718341575309310900E-013 ) ) ;
#3771 = LINE ( 'NONE', #4565, #2967 ) ;
#3772 = CARTESIAN_POINT ( 'NONE',  ( -10.76000000000392900, 1.700000000000002600, -22.85999999999814800 ) ) ;
#3773 = EDGE_CURVE ( 'NONE', #4614, #1878, #64, .T. ) ;
#3774 = DIRECTION ( 'NONE',  ( 1.718560196236194400E-013, -2.470955234246180800E-016, 1.000000000000000000 ) ) ;
#3775 = CARTESIAN_POINT ( 'NONE',  ( 13.03475554018571400, 1.700000000000009300, -24.93616235113224300 ) ) ;
#3776 = ORIENTED_EDGE ( 'NONE', *, *, #1428, .T. ) ;
#3777 = EDGE_LOOP ( 'NONE', ( #2300, #1317, #2919, #2515 ) ) ;
#3778 = EDGE_CURVE ( 'NONE', #1316, #3158, #2030, .T. ) ;
#3779 = ORIENTED_EDGE ( 'NONE', *, *, #3486, .T. ) ;
#3780 = CARTESIAN_POINT ( 'NONE',  ( -12.02709324932423300, 3.003600000000003200, -24.62709324931793400 ) ) ;
#3781 = EDGE_CURVE ( 'NONE', #5115, #3478, #4118, .T. ) ;
#3782 = CARTESIAN_POINT ( 'NONE',  ( 9.660000000003828200, 0.7000000000000063900, 22.85999999999834000 ) ) ;
#3784 = VERTEX_POINT ( 'NONE', #2200 ) ;
#3783 = ORIENTED_EDGE ( 'NONE', *, *, #246, .T. ) ;
#3785 = CARTESIAN_POINT ( 'NONE',  ( -11.71576007950796200, 22.00000000000405400, 24.31576007951415600 ) ) ;
#3786 = ORIENTED_EDGE ( 'NONE', *, *, #3332, .T. ) ;
#3787 = ORIENTED_EDGE ( 'NONE', *, *, #4518, .T. ) ;
#3788 = AXIS2_PLACEMENT_3D ( 'NONE', #5075, #723, #2653 ) ;
#3789 = CARTESIAN_POINT ( 'NONE',  ( -11.86745506493266500, 1.700000000000000800, -15.49999999999796100 ) ) ;
#3790 = UNCERTAINTY_MEASURE_WITH_UNIT (LENGTH_MEASURE( 1.000000000000000100E-005 ), #428, 'distance_accuracy_value', 'NONE');
#3791 = CARTESIAN_POINT ( 'NONE',  ( 12.02709324931576700, 3.003600000000008900, -24.62709324932206900 ) ) ;
#3792 = VERTEX_POINT ( 'NONE', #3704 ) ;
#3793 = CARTESIAN_POINT ( 'NONE',  ( -11.99993905486441300, 1.700000000000003300, -25.67025022559794300 ) ) ;
#3794 = ORIENTED_EDGE ( 'NONE', *, *, #1335, .T. ) ;
#3795 = CARTESIAN_POINT ( 'NONE',  ( 10.16000000000392800, 1.699999999971165900, 22.85999999999825100 ) ) ;
#3796 = ADVANCED_FACE ( 'NONE', ( #513 ), #4108, .F. ) ;
#3798 = EDGE_LOOP ( 'NONE', ( #3339, #2992, #1994, #3541 ) ) ;
#3797 = ORIENTED_EDGE ( 'NONE', *, *, #4215, .T. ) ;
#3799 = AXIS2_PLACEMENT_3D ( 'NONE', #2764, #2368, #3574 ) ;
#3800 = ORIENTED_EDGE ( 'NONE', *, *, #2363, .F. ) ;
#3801 = CARTESIAN_POINT ( 'NONE',  ( -13.09992383597577300, -9.369677466425729700E-015, 24.59993907004849900 ) ) ;
#3802 = CIRCLE ( 'NONE', #3939, 0.5000000000000004400 ) ;
#3803 = ORIENTED_EDGE ( 'NONE', *, *, #2323, .F. ) ;
#3804 = VERTEX_POINT ( 'NONE', #4904 ) ;
#3805 = ADVANCED_FACE ( 'NONE', ( #4169, #4865 ), #206, .F. ) ;
#3806 = CARTESIAN_POINT ( 'NONE',  ( 12.65925303154155700, 1.699999999999996200, 25.44308418776091300 ) ) ;
#3807 = VECTOR ( 'NONE', #665, 1000.000000000000000 ) ;
#3808 = ORIENTED_EDGE ( 'NONE', *, *, #619, .F. ) ;
#3809 = FACE_OUTER_BOUND ( 'NONE', #1381, .T. ) ;
#3810 = DIRECTION ( 'NONE',  ( 1.000000000000000000, 3.614007241618348800E-016, -1.734723475976807600E-013 ) ) ;
#3811 = DIRECTION ( 'NONE',  ( 1.000000000000000000, 0.0000000000000000000, -1.711593829630450300E-013 ) ) ;
#3812 = DIRECTION ( 'NONE',  ( 1.718560196236194400E-013, -2.470955234246180800E-016, 1.000000000000000000 ) ) ;
#3813 = CARTESIAN_POINT ( 'NONE',  ( 11.71576007950555500, 22.02617860965997900, -25.81553162224995600 ) ) ;
#3815 = VECTOR ( 'NONE', #2787, 1000.000000000000000 ) ;
#3814 = CARTESIAN_POINT ( 'NONE',  ( -12.33616235112559400, 1.699999999999713500, 25.63475554019212100 ) ) ;
#3816 = CARTESIAN_POINT ( 'NONE',  ( 10.16000000000382800, 1.699999999999997100, 22.85999999999825100 ) ) ;
#3817 = B_SPLINE_CURVE_WITH_KNOTS ( 'NONE', 3,
 ( #2248, #5004, #4948, #4530, #2601, #662 ),
 .UNSPECIFIED., .F., .F.,
 ( 4, 1, 1, 4 ),
 ( 0.0000000000000000000, 0.0002505465327129784200, 0.0005902602484124669200, 0.0008408067811253491200 ),
 .UNSPECIFIED. ) ;
#3818 = DIRECTION ( 'NONE',  ( 2.470955234246180800E-016, -1.000000000000000000, -2.470955234246605300E-016 ) ) ;
#3819 = CIRCLE ( 'NONE', #1847, 0.2999999999999999300 ) ;
#3820 = EDGE_CURVE ( 'NONE', #1983, #3679, #3059, .T. ) ;
#3821 = CIRCLE ( 'NONE', #4553, 0.5000000000000000000 ) ;
#3822 = LINE ( 'NONE', #1358, #2135 ) ;
#3823 = AXIS2_PLACEMENT_3D ( 'NONE', #5080, #2728, #5122 ) ;
#3824 = LINE ( 'NONE', #1620, #4511 ) ;
#3825 = CARTESIAN_POINT ( 'NONE',  ( -11.06003982141994200, 1.699999999971171900, -22.85999999999809900 ) ) ;
#3826 = CARTESIAN_POINT ( 'NONE',  ( -12.05015230483559000, 1.699999999999990600, 25.65000000000207000 ) ) ;
#3827 = CARTESIAN_POINT ( 'NONE',  ( 12.08770529053161400, 1.200000000000000600, 9.399999999997922000 ) ) ;
#3828 = EDGE_CURVE ( 'NONE', #2043, #4859, #2001, .T. ) ;
#3829 = DIRECTION ( 'NONE',  ( 1.718560196236194400E-013, -2.470955234246180800E-016, 1.000000000000000000 ) ) ;
#3830 = AXIS2_PLACEMENT_3D ( 'NONE', #4314, #5051, #2681 ) ;
#3831 = ADVANCED_FACE ( 'NONE', ( #1005 ), #4127, .F. ) ;
#3832 = CARTESIAN_POINT ( 'NONE',  ( -12.88021493423566400, 1.699999999999990400, 25.23949452597221200 ) ) ;
#3833 = FACE_OUTER_BOUND ( 'NONE', #1190, .T. ) ;
#3834 = CARTESIAN_POINT ( 'NONE',  ( 9.499999999999994700, 23.50000000000000400, -1.626825441623905100E-012 ) ) ;
#3835 = DIRECTION ( 'NONE',  ( 1.213485261208424400E-013, 0.7070911380243780600, 0.7071224240026545700 ) ) ;
#3836 = FACE_OUTER_BOUND ( 'NONE', #2036, .T. ) ;
#3837 = DIRECTION ( 'NONE',  ( 2.470955234246180800E-016, -1.000000000000000000, -2.470955234246605300E-016 ) ) ;
#3838 = CARTESIAN_POINT ( 'NONE',  ( 13.07897775806191400, 1.200000000000116800, -24.59993905486224700 ) ) ;
#3839 = DIRECTION ( 'NONE',  ( -2.470955234246180800E-016, 1.000000000000000000, 2.470955234246605300E-016 ) ) ;
#3840 = CARTESIAN_POINT ( 'NONE',  ( -10.67155797165851700, 22.00057016032563700, -25.39262666031870800 ) ) ;
#3841 = CARTESIAN_POINT ( 'NONE',  ( -8.589999999995589200, -8.472886678442132400E-015, 25.69992383598148000 ) ) ;
#3842 = CLOSED_SHELL ( 'NONE', ( #5119, #2038, #1295, #2111, #1349, #158, #5087, #4019, #1368, #1940, #682, #1917, #265, #4476, #1866, #4250, #791, #132, #3695, #1608, #1481, #3796, #3368, #100, #4564, #4691, #2423, #2524, #718, #602, #4381, #3246, #2305, #3123, #4746, #290, #4534, #710, #3459, #2649, #3171, #2576, #4429, #2217, #423, #1396, #39, #1215, #4981, #4585, #2324, #5060, #2917, #896, #3831, #1816, #1669, #3722, #20, #2375, #2999, #1164, #2798, #3264, #480, #4665, #1192, #4452, #4953, #3334, #3666, #848, #2726, #2774, #2673, #3484, #3906, #348, #3945, #3198, #3885, #2749, #2069, #3971, #3856, #2948, #5012, #1844, #4301, #2968, #4404, #579, #3094, #1787, #4275, #2702, #1109, #1985, #1584, #942, #534, #454, #1239, #4089, #3805, #3146, #4353, #1027, #867, #2352, #1554, #2618, #3565, #3538, #2900, #214, #3637, #399, #1426, #2155, #3344, #3994, #370, #3616, #4326, #3430, #3512, #2940, #4840, #1082, #2401, #184, #1508, #1966, #4714, #3394, #2871, #4772, #4877, #3072, #1733, #1273, #1536, #815 ) ) ;
#3843 = CARTESIAN_POINT ( 'NONE',  ( -9.499999999996310500, 23.49999999999998900, 21.50000000000164100 ) ) ;
#3844 = CARTESIAN_POINT ( 'NONE',  ( 11.99993905486441800, -3.385204910399639500E-015, 25.69992383597794100 ) ) ;
#3845 = ORIENTED_EDGE ( 'NONE', *, *, #2603, .F. ) ;
#3846 = EDGE_CURVE ( 'NONE', #1637, #3593, #193, .T. ) ;
#3847 = CARTESIAN_POINT ( 'NONE',  ( -12.34237600997559300, 0.5666666666666906300, 25.65388201153212200 ) ) ;
#3848 = ORIENTED_EDGE ( 'NONE', *, *, #3169, .F. ) ;
#3849 = CARTESIAN_POINT ( 'NONE',  ( -9.660000000003929400, 1.700000000000003300, -22.85999999999804200 ) ) ;
#3850 = CARTESIAN_POINT ( 'NONE',  ( -13.09003263252422800, 0.5666666666667028500, -24.59993905485775300 ) ) ;
#3851 = AXIS2_PLACEMENT_3D ( 'NONE', #713, #3414, #1914 ) ;
#3853 = VERTEX_POINT ( 'NONE', #1937 ) ;
#3852 = EDGE_LOOP ( 'NONE', ( #3605, #2816, #2879, #4605 ) ) ;
#3854 = CARTESIAN_POINT ( 'NONE',  ( 9.499999999996299800, 23.45000000000001000, -21.50000000000162700 ) ) ;
#3855 = VERTEX_POINT ( 'NONE', #331 ) ;
#3856 = ADVANCED_FACE ( 'NONE', ( #4164 ), #3741, .F. ) ;
#3857 = EDGE_CURVE ( 'NONE', #561, #1808, #2428, .T. ) ;
#3858 = DIRECTION ( 'NONE',  ( -1.000000000000000000, 0.0000000000000000000, 1.734723475976805600E-013 ) ) ;
#3859 = CARTESIAN_POINT ( 'NONE',  ( -12.77609723780303100, 22.03701650797376000, 25.37609723762335900 ) ) ;
#3860 = CARTESIAN_POINT ( 'NONE',  ( -11.86745506492840200, 1.299999999999994700, 9.300000000002041700 ) ) ;
#3861 = ORIENTED_EDGE ( 'NONE', *, *, #3407, .T. ) ;
#3862 = ORIENTED_EDGE ( 'NONE', *, *, #156, .T. ) ;
#3864 = VECTOR ( 'NONE', #1558, 1000.000000000000000 ) ;
#3863 = DIRECTION ( 'NONE',  ( -0.01745240643727956000, -0.9998476951563912700, 2.752243213584931600E-015 ) ) ;
#3865 = VERTEX_POINT ( 'NONE', #2273 ) ;
#3866 = CARTESIAN_POINT ( 'NONE',  ( 12.65925303154155700, 1.699999999999996200, 25.44308418776091300 ) ) ;
#3867 = EDGE_LOOP ( 'NONE', ( #2112, #1658, #4984, #4212 ) ) ;
#3868 = DIRECTION ( 'NONE',  ( 0.01745240643728005600, -0.9998476951563912700, -3.246358992744149600E-015 ) ) ;
#3869 = ORIENTED_EDGE ( 'NONE', *, *, #2291, .T. ) ;
#3870 = CARTESIAN_POINT ( 'NONE',  ( -11.99993905485558400, -9.315467354048955200E-015, 25.69992383598206600 ) ) ;
#3871 = ORIENTED_EDGE ( 'NONE', *, *, #326, .T. ) ;
#3872 = CARTESIAN_POINT ( 'NONE',  ( 12.06760736977659400, 0.7000000000000057300, 25.66745506492983300 ) ) ;
#3873 = LINE ( 'NONE', #4498, #3686 ) ;
#3874 = DIRECTION ( 'NONE',  ( -1.000000000000000000, -2.470955234246605300E-016, 1.718560196236194400E-013 ) ) ;
#3875 = LINE ( 'NONE', #79, #1463 ) ;
#3876 = VERTEX_POINT ( 'NONE', #2260 ) ;
#3877 = DIRECTION ( 'NONE',  ( -0.9998476951563912700, -0.01745240643728080900, 1.734723475976808100E-013 ) ) ;
#3878 = PRESENTATION_STYLE_ASSIGNMENT (( #4044 ) ) ;
#3879 = ORIENTED_EDGE ( 'NONE', *, *, #3027, .F. ) ;
#3880 = DIRECTION ( 'NONE',  ( -2.470955234246180800E-016, 1.000000000000000000, 2.470955234246605300E-016 ) ) ;
#3881 = FACE_OUTER_BOUND ( 'NONE', #2930, .T. ) ;
#3882 = CARTESIAN_POINT ( 'NONE',  ( 13.06344524720428900, -2.935998298197564000E-015, 24.94548283940775600 ) ) ;
#3883 = LINE ( 'NONE', #638, #2590 ) ;
#3884 = ORIENTED_EDGE ( 'NONE', *, *, #4509, .T. ) ;
#3885 = ADVANCED_FACE ( 'NONE', ( #2704 ), #3604, .T. ) ;
#3886 = CARTESIAN_POINT ( 'NONE',  ( 13.08770529052760300, 0.7000000000000100600, -15.40000000000224700 ) ) ;
#3887 = LINE ( 'NONE', #4121, #3362 ) ;
#3888 = DIRECTION ( 'NONE',  ( -1.000000000000000000, -2.470955234246605300E-016, 1.718560196236194400E-013 ) ) ;
#3889 = LINE ( 'NONE', #3487, #1347 ) ;
#3890 = LINE ( 'NONE', #4219, #1780 ) ;
#3891 = DIRECTION ( 'NONE',  ( 2.470955234246180800E-016, -1.000000000000000000, -2.470955234246605300E-016 ) ) ;
#3892 = EDGE_CURVE ( 'NONE', #4741, #1930, #2820, .T. ) ;
#3893 = ORIENTED_EDGE ( 'NONE', *, *, #2291, .F. ) ;
#3894 = CARTESIAN_POINT ( 'NONE',  ( 4.502627714138829800E-012, -6.473902713724993400E-015, 26.20000000000000300 ) ) ;
#3895 = VERTEX_POINT ( 'NONE', #3398 ) ;
#3896 = CARTESIAN_POINT ( 'NONE',  ( -13.08770529052855200, 0.6999999999999975100, 9.400000000002243900 ) ) ;
#3897 = DIRECTION ( 'NONE',  ( -0.01744974916246209300, -0.9996954598818564900, 0.01744974916068186800 ) ) ;
#3898 = PLANE ( 'NONE',  #1672 ) ;
#3899 = DIRECTION ( 'NONE',  ( 1.000000000000000000, 3.614007241618348800E-016, -1.676899360110913900E-013 ) ) ;
#3900 = AXIS2_PLACEMENT_3D ( 'NONE', #1254, #3180, #4710 ) ;
#3901 = COLOUR_RGB ( '',0.7921568627450980000, 0.8196078431372548800, 0.9333333333333333500 ) ;
#3902 = CARTESIAN_POINT ( 'NONE',  ( -10.15999999999607300, 1.699999999999991700, 22.86000000000174400 ) ) ;
#3903 = DIRECTION ( 'NONE',  ( 2.470955234246180800E-016, -1.000000000000000000, -2.470955234246605300E-016 ) ) ;
#3904 = CIRCLE ( 'NONE', #4682, 1.500000000000001300 ) ;
#3905 = EDGE_CURVE ( 'NONE', #447, #3106, #503, .T. ) ;
#3906 = ADVANCED_FACE ( 'NONE', ( #3115 ), #4143, .T. ) ;
#3907 = CARTESIAN_POINT ( 'NONE',  ( -2.000003980637197800E-006, 10.21200000000000500, -22.85999999999969700 ) ) ;
#3908 = DIRECTION ( 'NONE',  ( 0.01745240643906500000, 0.9998476951563601800, -2.752243213891778000E-015 ) ) ;
#3909 = CIRCLE ( 'NONE', #3965, 1.499999999999999600 ) ;
#3910 = DIRECTION ( 'NONE',  ( -1.000000000000000000, -2.470955234246605300E-016, 1.718560196236194400E-013 ) ) ;
#3911 = ORIENTED_EDGE ( 'NONE', *, *, #2264, .F. ) ;
#3912 = CARTESIAN_POINT ( 'NONE',  ( 4.502627714138829800E-012, -6.473902713724993400E-015, 26.20000000000000300 ) ) ;
#3913 = CARTESIAN_POINT ( 'NONE',  ( -12.92593462648707700, 1.699999999999726400, -25.14975595146331600 ) ) ;
#3914 = DIRECTION ( 'NONE',  ( 0.01744974916067704200, -0.9996954598818875700, -0.01744974916068303700 ) ) ;
#3916 = ORIENTED_EDGE ( 'NONE', *, *, #1602, .F. ) ;
#3915 = EDGE_LOOP ( 'NONE', ( #3674, #2016, #3096, #3421 ) ) ;
#3917 = CARTESIAN_POINT ( 'NONE',  ( 12.11512599219441800, -3.356742733828399700E-015, 25.69992383597792300 ) ) ;
#3918 = ORIENTED_EDGE ( 'NONE', *, *, #1602, .T. ) ;
#3919 = ORIENTED_EDGE ( 'NONE', *, *, #2108, .F. ) ;
#3920 = EDGE_CURVE ( 'NONE', #4470, #3876, #3730, .T. ) ;
#3921 = CARTESIAN_POINT ( 'NONE',  ( -12.84308418775877500, 1.699999999999990600, 25.25925303153932000 ) ) ;
#3923 = ORIENTED_EDGE ( 'NONE', *, *, #2977, .T. ) ;
#3922 = ORIENTED_EDGE ( 'NONE', *, *, #80, .F. ) ;
#3924 = UNCERTAINTY_MEASURE_WITH_UNIT (LENGTH_MEASURE( 1.000000000000000100E-005 ), #4573, 'distance_accuracy_value', 'NONE');
#3925 = VERTEX_POINT ( 'NONE', #1210 ) ;
#3926 = CARTESIAN_POINT ( 'NONE',  ( 1.598088015633263600E-012, 0.6999999999999956300, 9.300000000000000700 ) ) ;
#3927 = ORIENTED_EDGE ( 'NONE', *, *, #3617, .F. ) ;
#3928 = AXIS2_PLACEMENT_3D ( 'NONE', #3984, #2056, #4380 ) ;
#3929 = VERTEX_POINT ( 'NONE', #3514 ) ;
#3930 = SURFACE_SIDE_STYLE ('',( #97 ) ) ;
#3932 = ORIENTED_EDGE ( 'NONE', *, *, #2640, .T. ) ;
#3931 = ORIENTED_EDGE ( 'NONE', *, *, #823, .T. ) ;
#3933 = VERTEX_POINT ( 'NONE', #350 ) ;
#3934 = EDGE_CURVE ( 'NONE', #3855, #131, #1197, .T. ) ;
#3935 = CARTESIAN_POINT ( 'NONE',  ( 11.70394395723598500, 23.50798738046683700, -25.53536159833759800 ) ) ;
#3936 = FACE_OUTER_BOUND ( 'NONE', #4049, .T. ) ;
#3937 = EDGE_CURVE ( 'NONE', #4728, #685, #1572, .T. ) ;
#3938 = VERTEX_POINT ( 'NONE', #4595 ) ;
#3939 = AXIS2_PLACEMENT_3D ( 'NONE', #1617, #5079, #1566 ) ;
#3940 = PLANE ( 'NONE',  #3900 ) ;
#3941 = LINE ( 'NONE', #3594, #1456 ) ;
#3942 = CARTESIAN_POINT ( 'NONE',  ( -12.08770529053264700, 0.7000000000000007300, -15.39999999999792200 ) ) ;
#3943 = ORIENTED_EDGE ( 'NONE', *, *, #4289, .T. ) ;
#3944 = CARTESIAN_POINT ( 'NONE',  ( 11.99993907005066700, -3.439415015271460300E-015, 25.69992383597794100 ) ) ;
#3945 = ADVANCED_FACE ( 'NONE', ( #249 ), #3966, .T. ) ;
#3946 = FACE_OUTER_BOUND ( 'NONE', #3655, .T. ) ;
#3947 = CARTESIAN_POINT ( 'NONE',  ( 13.07025022559575300, 1.700000000000009300, -24.71201918138224600 ) ) ;
#3948 = ORIENTED_EDGE ( 'NONE', *, *, #2629, .F. ) ;
#3949 = CARTESIAN_POINT ( 'NONE',  ( 3.643347616020732400E-012, -5.238425096601903100E-015, 21.19999999999999900 ) ) ;
#3950 = CIRCLE ( 'NONE', #2596, 1.499999999999999800 ) ;
#3951 = DIRECTION ( 'NONE',  ( -1.718560196236194400E-013, 2.470955234246180800E-016, -1.000000000000000000 ) ) ;
#3952 = ORIENTED_EDGE ( 'NONE', *, *, #221, .T. ) ;
#3953 = DIRECTION ( 'NONE',  ( 1.000000000000000000, 2.470955234246605300E-016, -1.718560196236194400E-013 ) ) ;
#3954 = CARTESIAN_POINT ( 'NONE',  ( -5.794390024307293200E-015, 23.44999999999999900, 5.794390024308288800E-015 ) ) ;
#3955 = CARTESIAN_POINT ( 'NONE',  ( -13.39667170549241800, 22.02198747918044600, 23.89451029943465300 ) ) ;
#3956 = FACE_OUTER_BOUND ( 'NONE', #432, .T. ) ;
#3957 = VECTOR ( 'NONE', #3259, 1000.000000000000000 ) ;
#3958 =( BOUNDED_CURVE ( )  B_SPLINE_CURVE ( 3, ( #5061, #3431, #371, #1548 ),
 .UNSPECIFIED., .F., .F. ) 
 B_SPLINE_CURVE_WITH_KNOTS ( ( 4, 4 ),
 ( 5.497939437025752200, 6.152828170809003800 ),
 .UNSPECIFIED. ) 
 CURVE ( )  GEOMETRIC_REPRESENTATION_ITEM ( )  RATIONAL_B_SPLINE_CURVE ( ( 1.000000000000000000, 0.9645782588639845200, 0.9645782588639845200, 1.000000000000000000 ) ) 
 REPRESENTATION_ITEM ( '' )  );
#3959 = CARTESIAN_POINT ( 'NONE',  ( 12.64932416385337200, 1.699999999999733100, -25.45085130652531500 ) ) ;
#3960 = CARTESIAN_POINT ( 'NONE',  ( 12.16745506492733500, 1.400000000000007000, -15.50000000000209100 ) ) ;
#3961 = ORIENTED_EDGE ( 'NONE', *, *, #3241, .T. ) ;
#3962 = EDGE_CURVE ( 'NONE', #4247, #3938, #3109, .T. ) ;
#3963 = CARTESIAN_POINT ( 'NONE',  ( -9.660000000003931200, 10.21200000000000300, -22.85999999999803800 ) ) ;
#3964 = DIRECTION ( 'NONE',  ( -1.000000000000000000, -2.470955234246605300E-016, 1.718560196236194400E-013 ) ) ;
#3965 = AXIS2_PLACEMENT_3D ( 'NONE', #2185, #1732, #1386 ) ;
#3966 = PLANE ( 'NONE',  #19 ) ;
#3967 = DIRECTION ( 'NONE',  ( -1.000000000000000000, -2.470955234246605300E-016, 1.718560196236194400E-013 ) ) ;
#3968 = DIRECTION ( 'NONE',  ( -1.000000000000000000, -2.470955234246605300E-016, 1.718560196236194400E-013 ) ) ;
#3969 = EDGE_CURVE ( 'NONE', #4963, #2994, #3243, .T. ) ;
#3971 = ADVANCED_FACE ( 'NONE', ( #1384 ), #820, .F. ) ;
#3970 = CIRCLE ( 'NONE', #354, 0.2999999999999999300 ) ;
#3972 = DIRECTION ( 'NONE',  ( 2.470955234246180800E-016, -1.000000000000000000, -2.470955234246605300E-016 ) ) ;
#3973 = DIRECTION ( 'NONE',  ( -1.718560196236194400E-013, 2.470955234246180800E-016, -1.000000000000000000 ) ) ;
#3974 = AXIS2_PLACEMENT_3D ( 'NONE', #2708, #3903, #2293 ) ;
#3975 = CARTESIAN_POINT ( 'NONE',  ( 9.499999999996644500, 23.45000000000000600, -19.50000000000162700 ) ) ;
#3976 = DIRECTION ( 'NONE',  ( 1.718560196236194400E-013, -2.470955234246180800E-016, 1.000000000000000000 ) ) ;
#3977 = AXIS2_PLACEMENT_3D ( 'NONE', #3165, #2784, #3117 ) ;
#3978 = CARTESIAN_POINT ( 'NONE',  ( -11.86745506493000100, 0.6999999999999949600, 2.039666557387429200E-012 ) ) ;
#3979 = LINE ( 'NONE', #2839, #3521 ) ;
#3980 = DIRECTION ( 'NONE',  ( -1.718560196236194400E-013, 2.470955234246180800E-016, -1.000000000000000000 ) ) ;
#3981 = CARTESIAN_POINT ( 'NONE',  ( -12.67132901532971600, 0.6999999999999886300, 25.47316610894866800 ) ) ;
#3982 = EDGE_CURVE ( 'NONE', #3653, #755, #122, .T. ) ;
#3983 = ORIENTED_EDGE ( 'NONE', *, *, #4183, .F. ) ;
#3984 = CARTESIAN_POINT ( 'NONE',  ( -2.000003978286825000E-006, 0.7000000000000152800, -22.85999999999970100 ) ) ;
#3985 = EDGE_LOOP ( 'NONE', ( #3223, #903, #2339, #3636, #634, #1772, #1373 ) ) ;
#3987 = ORIENTED_EDGE ( 'NONE', *, *, #1676, .F. ) ;
#3986 = ORIENTED_EDGE ( 'NONE', *, *, #406, .F. ) ;
#3988 = ORIENTED_EDGE ( 'NONE', *, *, #725, .T. ) ;
#3989 = DIRECTION ( 'NONE',  ( 1.718560196236194400E-013, -2.470955234246180800E-016, 1.000000000000000000 ) ) ;
#3990 = DIRECTION ( 'NONE',  ( -1.718560196236194400E-013, 2.470955234246180800E-016, -1.000000000000000000 ) ) ;
#3991 = CARTESIAN_POINT ( 'NONE',  ( 12.42013518798409200, 0.6999999999999946300, 25.60325947666664300 ) ) ;
#3993 = ORIENTED_EDGE ( 'NONE', *, *, #2340, .F. ) ;
#3992 = VERTEX_POINT ( 'NONE', #4758 ) ;
#3994 = ADVANCED_FACE ( 'NONE', ( #4672 ), #1266, .F. ) ;
#3995 = EDGE_LOOP ( 'NONE', ( #3734, #1804, #3230, #720 ) ) ;
#3996 = VECTOR ( 'NONE', #2750, 1000.000000000000000 ) ;
#3997 = EDGE_LOOP ( 'NONE', ( #4362, #4590, #989, #866 ) ) ;
#3998 = EDGE_CURVE ( 'NONE', #4992, #1096, #4607, .T. ) ;
#3999 = DIRECTION ( 'NONE',  ( 3.246358992806132400E-015, -0.9998476951563849400, 0.01745240643764048300 ) ) ;
#4000 = VERTEX_POINT ( 'NONE', #4738 ) ;
#4001 = ORIENTED_EDGE ( 'NONE', *, *, #487, .T. ) ;
#4002 = LINE ( 'NONE', #684, #2634 ) ;
#4003 = DIRECTION ( 'NONE',  ( 0.01744974916068304000, -0.9996954598818875700, 0.01744974916067654900 ) ) ;
#4004 = DIRECTION ( 'NONE',  ( 1.718560196236194400E-013, -2.470955234246180800E-016, 1.000000000000000000 ) ) ;
#4005 = VECTOR ( 'NONE', #4882, 1000.000000000000100 ) ;
#4006 = AXIS2_PLACEMENT_3D ( 'NONE', #1793, #4965, #1807 ) ;
#4007 = B_SPLINE_CURVE_WITH_KNOTS ( 'NONE', 3,
 ( #53, #4753, #473, #1224, #1278, #4351, #1238, #3944 ),
 .UNSPECIFIED., .F., .F.,
 ( 4, 1, 1, 1, 1, 4 ),
 ( 3.469446951953615700E-018, 0.0003436264288593721500, 0.0006872528577187408300, 0.001030879286578109500, 0.001374505715437478200, 0.001718132144296846900 ),
 .UNSPECIFIED. ) ;
#4008 = LINE ( 'NONE', #2035, #4931 ) ;
#4009 = ORIENTED_EDGE ( 'NONE', *, *, #459, .F. ) ;
#4010 = ORIENTED_EDGE ( 'NONE', *, *, #4457, .T. ) ;
#4011 = CARTESIAN_POINT ( 'NONE',  ( 10.66000000000382600, 10.21199999999999800, 22.85999999999817000 ) ) ;
#4012 = FACE_OUTER_BOUND ( 'NONE', #4845, .T. ) ;
#4013 = VECTOR ( 'NONE', #3237, 1000.000000000000000 ) ;
#4014 = AXIS2_PLACEMENT_3D ( 'NONE', #1306, #4432, #2504 ) ;
#4015 = LINE ( 'NONE', #283, #2598 ) ;
#4016 = ORIENTED_EDGE ( 'NONE', *, *, #299, .T. ) ;
#4017 = PLANE ( 'NONE',  #979 ) ;
#4018 = CYLINDRICAL_SURFACE ( 'NONE', #3716, 0.9999999999999994400 ) ;
#4019 = ADVANCED_FACE ( 'NONE', ( #3480 ), #2457, .F. ) ;
#4020 = CARTESIAN_POINT ( 'NONE',  ( -12.10022845726259700, -1.033117673591963600E-014, 26.20000000000147700 ) ) ;
#4021 = EDGE_CURVE ( 'NONE', #3470, #5036, #570, .T. ) ;
#4022 = CARTESIAN_POINT ( 'NONE',  ( -13.60000000000000000, -3.360499118575382900E-015, 2.337241866881224400E-012 ) ) ;
#4023 = ORIENTED_EDGE ( 'NONE', *, *, #4518, .F. ) ;
#4024 = LINE ( 'NONE', #1283, #2961 ) ;
#4025 = DIRECTION ( 'NONE',  ( -1.718560196236194400E-013, 2.470955234246180800E-016, -1.000000000000000000 ) ) ;
#4026 = CARTESIAN_POINT ( 'NONE',  ( -1.615619551328420000E-012, 0.7000000000000022900, -9.400000000000000400 ) ) ;
#4027 = VECTOR ( 'NONE', #1040, 1000.000000000000000 ) ;
#4028 = EDGE_CURVE ( 'NONE', #4793, #3677, #4420, .T. ) ;
#4029 = EDGE_CURVE ( 'NONE', #3747, #4361, #4797, .T. ) ;
#4030 = PLANE ( 'NONE',  #4653 ) ;
#4031 = CARTESIAN_POINT ( 'NONE',  ( 12.77609723762551400, 22.03701650797376700, 25.37609723780520500 ) ) ;
#4032 = LINE ( 'NONE', #3646, #486 ) ;
#4033 = DIRECTION ( 'NONE',  ( 2.470955234246180800E-016, -1.000000000000000000, -2.470955234246605300E-016 ) ) ;
#4034 = CARTESIAN_POINT ( 'NONE',  ( -9.660000000003929400, 0.7000000000000129500, -22.85999999999804200 ) ) ;
#4035 = ORIENTED_EDGE ( 'NONE', *, *, #1581, .F. ) ;
#4036 = CARTESIAN_POINT ( 'NONE',  ( 9.500000000003689500, 23.49999999999999600, 21.49999999999837300 ) ) ;
#4037 = ORIENTED_EDGE ( 'NONE', *, *, #1977, .T. ) ;
#4039 = ORIENTED_EDGE ( 'NONE', *, *, #2548, .T. ) ;
#4038 = ORIENTED_EDGE ( 'NONE', *, *, #1363, .T. ) ;
#4040 = EDGE_LOOP ( 'NONE', ( #466, #324, #4294, #3783 ) ) ;
#4041 = ORIENTED_EDGE ( 'NONE', *, *, #4551, .T. ) ;
#4042 = ORIENTED_EDGE ( 'NONE', *, *, #4654, .T. ) ;
#4043 = ORIENTED_EDGE ( 'NONE', *, *, #3511, .F. ) ;
#4044 = SURFACE_STYLE_USAGE ( .BOTH. , #543 ) ;
#4045 = CONICAL_SURFACE ( 'NONE', #1652, 0.9000398214311644600, 0.7854202859248451400 ) ;
#4046 = CARTESIAN_POINT ( 'NONE',  ( 12.32716743303152500, 23.49993545750348600, -23.68467416166543800 ) ) ;
#4047 = EDGE_CURVE ( 'NONE', #1120, #52, #4878, .T. ) ;
#4049 = EDGE_LOOP ( 'NONE', ( #1564, #1281, #2399, #4568 ) ) ;
#4048 = ORIENTED_EDGE ( 'NONE', *, *, #813, .F. ) ;
#4050 = DIRECTION ( 'NONE',  ( 1.718560196236194400E-013, -2.470955234246180800E-016, 1.000000000000000000 ) ) ;
#4051 = ORIENTED_EDGE ( 'NONE', *, *, #3152, .F. ) ;
#4052 = LINE ( 'NONE', #1448, #5053 ) ;
#4053 = DIRECTION ( 'NONE',  ( -1.718560196236194400E-013, 2.470955234246180800E-016, -1.000000000000000000 ) ) ;
#4054 = CARTESIAN_POINT ( 'NONE',  ( -13.05000000000640100, 1.700000000000002600, -24.65015230484172500 ) ) ;
#4055 = AXIS2_PLACEMENT_3D ( 'NONE', #2789, #277, #1867 ) ;
#4056 = DIRECTION ( 'NONE',  ( -0.01745240643727956000, -0.9998476951563912700, 2.752243213584931600E-015 ) ) ;
#4057 = EDGE_CURVE ( 'NONE', #3083, #4861, #3548, .T. ) ;
#4059 = LINE ( 'NONE', #2443, #2240 ) ;
#4058 = DIRECTION ( 'NONE',  ( -1.000000000000000000, -2.470955234246605300E-016, 1.718560196236194400E-013 ) ) ;
#4060 = ORIENTED_EDGE ( 'NONE', *, *, #3214, .F. ) ;
#4061 = CARTESIAN_POINT ( 'NONE',  ( -12.96746156555555500, 1.215498257363040400, -25.08227828211926900 ) ) ;
#4062 = AXIS2_PLACEMENT_3D ( 'NONE', #3634, #1704, #540 ) ;
#4063 = LINE ( 'NONE', #1718, #3740 ) ;
#4064 = VERTEX_POINT ( 'NONE', #433 ) ;
#4065 = CARTESIAN_POINT ( 'NONE',  ( 11.27931603928231200, 22.89246606737267000, 25.98147744524334300 ) ) ;
#4066 = FACE_OUTER_BOUND ( 'NONE', #4541, .T. ) ;
#4067 = CARTESIAN_POINT ( 'NONE',  ( -13.21553162225288600, 22.02617860965291600, -27.97931440638771900 ) ) ;
#4068 = FACE_OUTER_BOUND ( 'NONE', #4785, .T. ) ;
#4069 = DIRECTION ( 'NONE',  ( -1.718560196236194400E-013, 2.470955234246180800E-016, -1.000000000000000000 ) ) ;
#4070 = CARTESIAN_POINT ( 'NONE',  ( 14.40000000000364400, -1.680249559286791600E-015, 21.19999999999752700 ) ) ;
#4071 = VECTOR ( 'NONE', #2920, 1000.000000000000000 ) ;
#4072 = VERTEX_POINT ( 'NONE', #1998 ) ;
#4073 = CARTESIAN_POINT ( 'NONE',  ( 13.08770529052602200, 0.7000000000000137200, -24.59993905486224700 ) ) ;
#4074 = VECTOR ( 'NONE', #1553, 1000.000000000000000 ) ;
#4075 = LINE ( 'NONE', #2740, #4567 ) ;
#4076 = EDGE_CURVE ( 'NONE', #3895, #5052, #4365, .T. ) ;
#4077 = DIRECTION ( 'NONE',  ( -1.723158652803626800E-013, 0.0000000000000000000, -1.000000000000000000 ) ) ;
#4078 = CARTESIAN_POINT ( 'NONE',  ( -3.928974535769231400E-012, 1.399973453572675600, -22.85999999999999900 ) ) ;
#4079 =( BOUNDED_CURVE ( )  B_SPLINE_CURVE ( 3, ( #3, #1632, #1285, #3552 ),
 .UNSPECIFIED., .F., .F. ) 
 B_SPLINE_CURVE_WITH_KNOTS ( ( 4, 4 ),
 ( 0.4250113684648396100, 0.7852458701529420000 ),
 .UNSPECIFIED. ) 
 CURVE ( )  GEOMETRIC_REPRESENTATION_ITEM ( )  RATIONAL_B_SPLINE_CURVE ( ( 1.000000000000000000, 0.9892151297711677700, 0.9892151297711677700, 1.000000000000000000 ) ) 
 REPRESENTATION_ITEM ( '' )  );
#4080 = CARTESIAN_POINT ( 'NONE',  ( 12.77609723762551400, 22.03701650797376400, 25.37609723780520500 ) ) ;
#4081 = CARTESIAN_POINT ( 'NONE',  ( -12.33616235113440500, 1.700000000000003100, -25.63475554018787900 ) ) ;
#4082 = PLANE ( 'NONE',  #1954 ) ;
#4083 = CARTESIAN_POINT ( 'NONE',  ( 8.589999999999999900, 0.7000000000000021800, -1.476070241700494000E-012 ) ) ;
#4084 = DIRECTION ( 'NONE',  ( 0.01744974916068304000, -0.9996954598818875700, 0.01744974916067654900 ) ) ;
#4085 = LINE ( 'NONE', #1409, #970 ) ;
#4086 = DIRECTION ( 'NONE',  ( 1.000000000000000000, 2.470955234246605300E-016, -1.718560196236194400E-013 ) ) ;
#4087 = EDGE_CURVE ( 'NONE', #2503, #2913, #1515, .T. ) ;
#4088 = DIRECTION ( 'NONE',  ( -1.000000000000000000, -4.336808689942013800E-016, 1.734723475976805600E-013 ) ) ;
#4089 = ADVANCED_FACE ( 'NONE', ( #2061 ), #626, .F. ) ;
#4090 = ORIENTED_EDGE ( 'NONE', *, *, #1258, .F. ) ;
#4091 = LINE ( 'NONE', #3854, #3030 ) ;
#4092 = SURFACE_SIDE_STYLE ('',( #4806 ) ) ;
#4093 = EDGE_CURVE ( 'NONE', #2984, #2635, #876, .T. ) ;
#4094 = ORIENTED_EDGE ( 'NONE', *, *, #1429, .F. ) ;
#4095 = EDGE_LOOP ( 'NONE', ( #2224, #4485, #3225, #3424, #3609, #4836, #1703 ) ) ;
#4096 = CARTESIAN_POINT ( 'NONE',  ( -2.965146281095416900E-016, 1.200000000000000000, 2.965146281095926200E-016 ) ) ;
#4098 = ORIENTED_EDGE ( 'NONE', *, *, #379, .T. ) ;
#4097 = ORIENTED_EDGE ( 'NONE', *, *, #1457, .T. ) ;
#4099 = VERTEX_POINT ( 'NONE', #1314 ) ;
#4100 = CARTESIAN_POINT ( 'NONE',  ( -12.42013518795323200, 0.6999999999999884100, 25.60325947668015400 ) ) ;
#4101 = DIRECTION ( 'NONE',  ( 2.752243213584974200E-015, 0.9998476951563912700, 0.01745240643728005600 ) ) ;
#4103 = ORIENTED_EDGE ( 'NONE', *, *, #1887, .F. ) ;
#4102 = ORIENTED_EDGE ( 'NONE', *, *, #4282, .T. ) ;
#4104 = ORIENTED_EDGE ( 'NONE', *, *, #1033, .T. ) ;
#4105 = AXIS2_PLACEMENT_3D ( 'NONE', #3610, #931, #4815 ) ;
#4106 = DIRECTION ( 'NONE',  ( -2.470955234246180800E-016, 1.000000000000000000, 2.470955234246605300E-016 ) ) ;
#4107 = EDGE_LOOP ( 'NONE', ( #2808, #189, #3533, #2049 ) ) ;
#4108 = PLANE ( 'NONE',  #2400 ) ;
#4110 = ORIENTED_EDGE ( 'NONE', *, *, #3517, .T. ) ;
#4109 = ORIENTED_EDGE ( 'NONE', *, *, #253, .F. ) ;
#4111 = ORIENTED_EDGE ( 'NONE', *, *, #3745, .T. ) ;
#4112 = VECTOR ( 'NONE', #887, 1000.000000000000000 ) ;
#4113 = ORIENTED_EDGE ( 'NONE', *, *, #3828, .T. ) ;
#4114 = ORIENTED_EDGE ( 'NONE', *, *, #2577, .T. ) ;
#4115 = ORIENTED_EDGE ( 'NONE', *, *, #2119, .T. ) ;
#4116 = CARTESIAN_POINT ( 'NONE',  ( -9.559999999996073000, 1.699999999999992000, 22.86000000000164100 ) ) ;
#4117 = DIRECTION ( 'NONE',  ( 2.752243213790664900E-015, 0.9998476951563704000, 0.01745240643847690100 ) ) ;
#4118 = LINE ( 'NONE', #3338, #1881 ) ;
#4119 = EDGE_LOOP ( 'NONE', ( #4103, #2923, #1643, #3195, #2887 ) ) ;
#4120 = EDGE_CURVE ( 'NONE', #2099, #4472, #3343, .T. ) ;
#4121 = CARTESIAN_POINT ( 'NONE',  ( 13.04999999999733600, 1.700000000000007100, -15.50000000000225200 ) ) ;
#4122 = LINE ( 'NONE', #2946, #1147 ) ;
#4123 = ORIENTED_EDGE ( 'NONE', *, *, #789, .T. ) ;
#4124 = EDGE_CURVE ( 'NONE', #4064, #3664, #2518, .T. ) ;
#4125 = DIRECTION ( 'NONE',  ( -1.000000000000000000, -2.168404344971006900E-016, 1.734723475976805600E-013 ) ) ;
#4126 = LINE ( 'NONE', #1684, #522 ) ;
#4127 = PLANE ( 'NONE',  #3093 ) ;
#4128 = STYLED_ITEM ( 'NONE', ( #2127 ), #2786 ) ;
#4129 = LINE ( 'NONE', #1575, #2308 ) ;
#4130 = LINE ( 'NONE', #4116, #1897 ) ;
#4131 = APPLICATION_CONTEXT ( 'automotive_design' ) ;
#4132 = DIRECTION ( 'NONE',  ( 1.718560196236194400E-013, -2.470955234246180800E-016, 1.000000000000000000 ) ) ;
#4133 = LINE ( 'NONE', #2697, #4574 ) ;
#4134 = VERTEX_POINT ( 'NONE', #4394 ) ;
#4135 = LINE ( 'NONE', #1622, #1467 ) ;
#4136 = CARTESIAN_POINT ( 'NONE',  ( 12.08770529052838500, 0.7000000000000052800, -9.400000000002078700 ) ) ;
#4137 = ORIENTED_EDGE ( 'NONE', *, *, #2171, .F. ) ;
#4138 = DIRECTION ( 'NONE',  ( 2.470955234246180800E-016, -1.000000000000000000, -2.470955234246605300E-016 ) ) ;
#4139 = CARTESIAN_POINT ( 'NONE',  ( 13.58778145454660600, 0.7000000000000130600, -21.20000000000244000 ) ) ;
#4140 = EDGE_LOOP ( 'NONE', ( #182, #312 ) ) ;
#4141 = CARTESIAN_POINT ( 'NONE',  ( -13.58778145455364400, 0.7000000000000018400, -21.19999999999766200 ) ) ;
#4142 = FACE_OUTER_BOUND ( 'NONE', #1391, .T. ) ;
#4143 = B_SPLINE_SURFACE_WITH_KNOTS ( 'NONE', 3, 3, ( 
 ( #3870, #292, #5002, #3082 ),
 ( #749, #3031, #5017, #3444 ),
 ( #4252, #3847, #4268, #4635 ),
 ( #1949, #4667, #701, #4206 ),
 ( #2650, #3460, #1905, #3832 ),
 ( #310, #2292, #1934, #722 ),
 ( #3425, #2307, #1119, #1528 ),
 ( #4230, #5033, #364, #2683 ) ),
 .UNSPECIFIED., .F., .F., .F.,
 ( 4, 1, 1, 1, 1, 4 ),
 ( 4, 4 ),
 ( 0.0000000000000000000, 0.2000000000000000100, 0.4000000000000000200, 0.5999999999999999800, 0.8000000000000000400, 1.000000000000000000 ),
 ( 0.0000000000000000000, 1.000000000000000000 ),
 .UNSPECIFIED. ) ;
#4144 = EDGE_CURVE ( 'NONE', #4414, #3471, #1323, .T. ) ;
#4145 = DIRECTION ( 'NONE',  ( 1.718560196236194400E-013, -2.470955234246180800E-016, 1.000000000000000000 ) ) ;
#4146 = FACE_OUTER_BOUND ( 'NONE', #2274, .T. ) ;
#4147 = EDGE_CURVE ( 'NONE', #4489, #2762, #4332, .T. ) ;
#4148 = CARTESIAN_POINT ( 'NONE',  ( -10.16000000000392900, 1.699999999971170400, -22.85999999999825100 ) ) ;
#4149 = AXIS2_PLACEMENT_3D ( 'NONE', #3111, #3880, #2369 ) ;
#4150 = CARTESIAN_POINT ( 'NONE',  ( -12.11512599219441800, 3.356742286082819400E-015, -25.69992383597792300 ) ) ;
#4151 = ORIENTED_EDGE ( 'NONE', *, *, #1356, .T. ) ;
#4152 = ORIENTED_EDGE ( 'NONE', *, *, #4761, .T. ) ;
#4153 = DIRECTION ( 'NONE',  ( 0.01745240643727956000, 0.9998476951563912700, -2.752243213584931600E-015 ) ) ;
#4154 = PLANE ( 'NONE',  #1163 ) ;
#4155 = DIRECTION ( 'NONE',  ( -0.9998476951563913800, 0.01745240643727848800, 1.711593829630450000E-013 ) ) ;
#4156 = B_SPLINE_CURVE_WITH_KNOTS ( 'NONE', 3,
 ( #1277, #3959, #3520, #1678, #4388, #1606 ),
 .UNSPECIFIED., .F., .F.,
 ( 4, 1, 1, 4 ),
 ( 0.0000000000000000000, 3.762886887467443200E-005, 0.0003721902370325767800, 0.0007067516051904791500 ),
 .UNSPECIFIED. ) ;
#4158 = ORIENTED_EDGE ( 'NONE', *, *, #2958, .T. ) ;
#4157 = ORIENTED_EDGE ( 'NONE', *, *, #3752, .T. ) ;
#4159 = ORIENTED_EDGE ( 'NONE', *, *, #4120, .F. ) ;
#4160 = ORIENTED_EDGE ( 'NONE', *, *, #1483, .F. ) ;
#4162 = ORIENTED_EDGE ( 'NONE', *, *, #644, .F. ) ;
#4161 = ORIENTED_EDGE ( 'NONE', *, *, #4482, .F. ) ;
#4163 = ORIENTED_EDGE ( 'NONE', *, *, #2736, .T. ) ;
#4164 = FACE_OUTER_BOUND ( 'NONE', #2620, .T. ) ;
#4165 = DIRECTION ( 'NONE',  ( -1.000000000000000000, -2.470955234246605300E-016, 1.718560196236194400E-013 ) ) ;
#4166 = EDGE_CURVE ( 'NONE', #1631, #1319, #2698, .T. ) ;
#4167 = EDGE_LOOP ( 'NONE', ( #3893, #2238 ) ) ;
#4169 = FACE_BOUND ( 'NONE', #427, .T. ) ;
#4168 = DIRECTION ( 'NONE',  ( 0.01745240643728005600, -0.9998476951563912700, -3.246358992744149600E-015 ) ) ;
#4170 = DIRECTION ( 'NONE',  ( -1.718560196236194400E-013, 2.470955234246180800E-016, -1.000000000000000000 ) ) ;
#4171 = CARTESIAN_POINT ( 'NONE',  ( -3.212241804520035500E-016, 1.300000000000000300, 3.212241804520587200E-016 ) ) ;
#4172 = LINE ( 'NONE', #834, #575 ) ;
#4173 = ORIENTED_EDGE ( 'NONE', *, *, #1707, .T. ) ;
#4174 = DIRECTION ( 'NONE',  ( 1.718560196236194400E-013, -2.470955234246180800E-016, 1.000000000000000000 ) ) ;
#4175 = CARTESIAN_POINT ( 'NONE',  ( 13.09992383597577300, 9.315467354049000900E-015, -24.59993905486225100 ) ) ;
#4176 = EDGE_CURVE ( 'NONE', #2416, #1503, #4297, .T. ) ;
#4177 = LINE ( 'NONE', #2183, #2 ) ;
#4178 = AXIS2_PLACEMENT_3D ( 'NONE', #3276, #4902, #3689 ) ;
#4179 = CARTESIAN_POINT ( 'NONE',  ( -8.590000000004502900, 4.387492239923343400E-015, -26.19999999999852500 ) ) ;
#4180 = FACE_OUTER_BOUND ( 'NONE', #1247, .T. ) ;
#4181 = EDGE_CURVE ( 'NONE', #983, #3938, #3229, .T. ) ;
#4182 = CARTESIAN_POINT ( 'NONE',  ( -11.99993907005066700, 3.330994798022909900E-015, -25.69992383597794100 ) ) ;
#4183 = EDGE_CURVE ( 'NONE', #1822, #2976, #58, .T. ) ;
#4184 = FACE_OUTER_BOUND ( 'NONE', #2934, .T. ) ;
#4185 = ORIENTED_EDGE ( 'NONE', *, *, #4057, .F. ) ;
#4186 = CARTESIAN_POINT ( 'NONE',  ( -11.71576007950582500, 23.49999999999998900, 24.31576007889707100 ) ) ;
#4187 = VECTOR ( 'NONE', #3642, 1000.000000000000000 ) ;
#4188 = DIRECTION ( 'NONE',  ( 1.000000000000000000, 2.470955234246605300E-016, -1.718560196236194400E-013 ) ) ;
#4189 = FACE_OUTER_BOUND ( 'NONE', #2430, .T. ) ;
#4190 = AXIS2_PLACEMENT_3D ( 'NONE', #1543, #5085, #3899 ) ;
#4191 = CARTESIAN_POINT ( 'NONE',  ( 12.92593462648707500, 1.699999999999720400, 25.14975595146331600 ) ) ;
#4192 = FACE_OUTER_BOUND ( 'NONE', #3114, .T. ) ;
#4193 = DIRECTION ( 'NONE',  ( 1.000000000000000000, 0.0000000000000000000, -1.850371707708594600E-013 ) ) ;
#4194 = CARTESIAN_POINT ( 'NONE',  ( 8.589999999995496800, 8.596453259942828600E-015, -26.20000000000147700 ) ) ;
#4195 = CARTESIAN_POINT ( 'NONE',  ( -13.06745506493461800, 0.7000000000000007300, -24.66760736977083100 ) ) ;
#4196 = CARTESIAN_POINT ( 'NONE',  ( -10.15999999999606900, -6.000000000000008900, 22.86000000000174400 ) ) ;
#4197 = AXIS2_PLACEMENT_3D ( 'NONE', #4261, #4655, #3858 ) ;
#4198 = CARTESIAN_POINT ( 'NONE',  ( -12.31965277809186800, 23.50798738021437700, 24.91965277738262300 ) ) ;
#4199 = CARTESIAN_POINT ( 'NONE',  ( 0.4999979999960193500, 10.21200000000000500, -22.85999999999978300 ) ) ;
#4200 = CIRCLE ( 'NONE', #1494, 0.4999999999999987200 ) ;
#4201 = DIRECTION ( 'NONE',  ( -1.718560196236194400E-013, 2.470955234246180800E-016, -1.000000000000000000 ) ) ;
#4202 = CARTESIAN_POINT ( 'NONE',  ( -13.07897775806775600, 1.200000000000070800, -9.399999999997763900 ) ) ;
#4203 = PLANE ( 'NONE',  #1710 ) ;
#4204 = DIRECTION ( 'NONE',  ( -0.9998476951563913800, -0.01745240643728311300, 1.711593829630450000E-013 ) ) ;
#4205 = EDGE_CURVE ( 'NONE', #2226, #131, #4486, .T. ) ;
#4206 = CARTESIAN_POINT ( 'NONE',  ( -12.63949452596562000, 1.699999999999990600, 25.48021493424217000 ) ) ;
#4207 = CARTESIAN_POINT ( 'NONE',  ( -2.000003976631285100E-006, -5.999999999999993800, -22.85999999999970100 ) ) ;
#4208 = B_SPLINE_CURVE_WITH_KNOTS ( 'NONE', 3,
 ( #2021, #3531, #3569, #3981, #4378, #2052 ),
 .UNSPECIFIED., .F., .F.,
 ( 4, 1, 1, 4 ),
 ( 0.0000000000000000000, 0.0002505465327128586700, 0.0005902602484123478800, 0.0008408067811251964700 ),
 .UNSPECIFIED. ) ;
#4209 = VERTEX_POINT ( 'NONE', #2484 ) ;
#4210 = ORIENTED_EDGE ( 'NONE', *, *, #5095, .F. ) ;
#4211 = AXIS2_PLACEMENT_3D ( 'NONE', #1350, #4856, #918 ) ;
#4212 = ORIENTED_EDGE ( 'NONE', *, *, #3273, .F. ) ;
#4213 = DIRECTION ( 'NONE',  ( 1.000000000000000000, 2.470955234246605300E-016, -1.718560196236194400E-013 ) ) ;
#4214 = PLANE ( 'NONE',  #886 ) ;
#4215 = EDGE_CURVE ( 'NONE', #729, #2226, #2931, .T. ) ;
#4216 = FILL_AREA_STYLE_COLOUR ( '', #2721 ) ;
#4217 = CARTESIAN_POINT ( 'NONE',  ( -9.659999999996070800, 0.7000000000000016200, 22.86000000000165500 ) ) ;
#4218 = ORIENTED_EDGE ( 'NONE', *, *, #3651, .T. ) ;
#4219 = CARTESIAN_POINT ( 'NONE',  ( -4.083615709111039300E-012, 1.700000000028018400, -23.76003982143116400 ) ) ;
#4220 = PLANE ( 'NONE',  #1600 ) ;
#4221 = ORIENTED_EDGE ( 'NONE', *, *, #3781, .T. ) ;
#4222 = PRESENTATION_LAYER_ASSIGNMENT (  '', '', ( #4128 ) ) ;
#4223 = DIRECTION ( 'NONE',  ( 1.718560196236194400E-013, -2.470955234246180800E-016, 1.000000000000000000 ) ) ;
#4224 = CARTESIAN_POINT ( 'NONE',  ( 11.99993905486441300, 1.699999999999996800, 25.67025022559794300 ) ) ;
#4225 = ORIENTED_EDGE ( 'NONE', *, *, #2714, .F. ) ;
#4226 = DIRECTION ( 'NONE',  ( -1.718560196236194400E-013, 2.470955234246180800E-016, -1.000000000000000000 ) ) ;
#4227 = EDGE_LOOP ( 'NONE', ( #4854, #5106, #1315 ) ) ;
#4228 = CARTESIAN_POINT ( 'NONE',  ( 11.15484855007406900, 54.13459999999999200, 23.75484855006809700 ) ) ;
#4229 = EDGE_LOOP ( 'NONE', ( #877, #2537 ) ) ;
#4230 = CARTESIAN_POINT ( 'NONE',  ( -13.09992383597577300, -9.315467354049000900E-015, 24.59993905486225100 ) ) ;
#4232 = ORIENTED_EDGE ( 'NONE', *, *, #2156, .T. ) ;
#4231 = EDGE_LOOP ( 'NONE', ( #5043, #1688, #3396, #2075 ) ) ;
#4233 = AXIS2_PLACEMENT_3D ( 'NONE', #2495, #1351, #2942 ) ;
#4234 = VERTEX_POINT ( 'NONE', #135 ) ;
#4235 = DIRECTION ( 'NONE',  ( -0.01744974916103639700, -0.9996954598818813500, 0.01744974916068163900 ) ) ;
#4236 = VECTOR ( 'NONE', #4773, 1000.000000000000000 ) ;
#4237 = ORIENTED_EDGE ( 'NONE', *, *, #3280, .T. ) ;
#4238 = UNCERTAINTY_MEASURE_WITH_UNIT (LENGTH_MEASURE( 1.000000000000000100E-005 ), #4525, 'distance_accuracy_value', 'NONE');
#4240 = ORIENTED_EDGE ( 'NONE', *, *, #2207, .F. ) ;
#4239 = VERTEX_POINT ( 'NONE', #4510 ) ;
#4241 = DIRECTION ( 'NONE',  ( -1.718560196236194400E-013, 2.470955234246180800E-016, -1.000000000000000000 ) ) ;
#4242 = CARTESIAN_POINT ( 'NONE',  ( 13.05000000000948500, 1.699999999999996800, 24.87247621355580300 ) ) ;
#4243 = DIRECTION ( 'NONE',  ( 0.7071067811245190800, 3.097966327914007300E-012, 0.7071067812485759600 ) ) ;
#4244 = CARTESIAN_POINT ( 'NONE',  ( -12.77609723780303200, 22.03701650797376400, 25.37609723762335900 ) ) ;
#4245 = EDGE_CURVE ( 'NONE', #3156, #3566, #3053, .T. ) ;
#4246 = LINE ( 'NONE', #2912, #2586 ) ;
#4247 = VERTEX_POINT ( 'NONE', #1364 ) ;
#4248 = CARTESIAN_POINT ( 'NONE',  ( 11.71576007950581500, 23.50000000000001100, -24.31576007889705700 ) ) ;
#4249 = CIRCLE ( 'NONE', #4562, 0.5000000000000004400 ) ;
#4250 = ADVANCED_FACE ( 'NONE', ( #4916 ), #1700, .T. ) ;
#4251 = EDGE_CURVE ( 'NONE', #1401, #2976, #752, .T. ) ;
#4253 = FACE_OUTER_BOUND ( 'NONE', #4107, .T. ) ;
#4252 = CARTESIAN_POINT ( 'NONE',  ( -12.34548283940558900, -9.391835980370088500E-015, 25.66344524720212300 ) ) ;
#4254 = CARTESIAN_POINT ( 'NONE',  ( -13.00325947667197800, 0.6999999999999885200, 25.02013518796401900 ) ) ;
#4255 = DIRECTION ( 'NONE',  ( -1.718560196236194400E-013, 2.470955234246180800E-016, -1.000000000000000000 ) ) ;
#4256 = B_SPLINE_CURVE_WITH_KNOTS ( 'NONE', 3,
 ( #4306, #4945, #1951, #3426, #2680, #3391 ),
 .UNSPECIFIED., .F., .F.,
 ( 4, 1, 1, 4 ),
 ( 0.0000000000000000000, 0.0003345423044331129500, 0.0006690846088662260100, 0.0007067113336010811700 ),
 .UNSPECIFIED. ) ;
#4257 = ORIENTED_EDGE ( 'NONE', *, *, #71, .F. ) ;
#4258 = EDGE_CURVE ( 'NONE', #3536, #3578, #2229, .T. ) ;
#4259 = FACE_OUTER_BOUND ( 'NONE', #1140, .T. ) ;
#4260 = LINE ( 'NONE', #4067, #835 ) ;
#4261 = CARTESIAN_POINT ( 'NONE',  ( 10.16000000000383200, -6.000000000000003600, 22.85999999999825100 ) ) ;
#4262 = CARTESIAN_POINT ( 'NONE',  ( -11.99993905486441300, 1.700000000000003100, -25.67025022559794000 ) ) ;
#4263 = VECTOR ( 'NONE', #571, 1000.000000000000100 ) ;
#4264 = DIRECTION ( 'NONE',  ( 1.000000000000000000, 2.470955234246605300E-016, -1.718560196236194400E-013 ) ) ;
#4265 = CARTESIAN_POINT ( 'NONE',  ( 11.06003982139340300, 1.699999999971167900, 22.85999999999809900 ) ) ;
#4266 = PLANE ( 'NONE',  #3830 ) ;
#4267 = DIRECTION ( 'NONE',  ( -2.470955234246180800E-016, 1.000000000000000000, 2.470955234246605300E-016 ) ) ;
#4268 = CARTESIAN_POINT ( 'NONE',  ( -12.33926918055559500, 1.133333333332990900, 25.64431877586212100 ) ) ;
#4269 = DIRECTION ( 'NONE',  ( 1.000000000000000000, 2.470955234246605300E-016, -1.718560196236194400E-013 ) ) ;
#4270 = LINE ( 'NONE', #4957, #23 ) ;
#4271 = CARTESIAN_POINT ( 'NONE',  ( 12.77609723762920700, 22.03701650788862300, 25.37609723780889900 ) ) ;
#4272 = CARTESIAN_POINT ( 'NONE',  ( 9.660000000003824600, 10.21199999999999800, 22.85999999999834400 ) ) ;
#4273 = AXIS2_PLACEMENT_3D ( 'NONE', #4349, #2028, #26 ) ;
#4275 = ADVANCED_FACE ( 'NONE', ( #1060 ), #4978, .T. ) ;
#4274 = LINE ( 'NONE', #1046, #661 ) ;
#4276 = DIRECTION ( 'NONE',  ( 1.000000000000000000, 2.470955234246605300E-016, -1.718560196236194400E-013 ) ) ;
#4277 = DIRECTION ( 'NONE',  ( -1.000000000000000000, -2.470955234246605300E-016, 1.718560196236194400E-013 ) ) ;
#4278 = CARTESIAN_POINT ( 'NONE',  ( -13.08770529052602200, 0.6999999999999950700, 24.59993905486224700 ) ) ;
#4279 = FACE_OUTER_BOUND ( 'NONE', #500, .T. ) ;
#4280 = CARTESIAN_POINT ( 'NONE',  ( 12.34237600998441000, 0.5666666666666967400, 25.65388201152788400 ) ) ;
#4281 = EDGE_LOOP ( 'NONE', ( #990, #900, #2228 ) ) ;
#4282 = EDGE_CURVE ( 'NONE', #3107, #741, #2986, .T. ) ;
#4283 = CARTESIAN_POINT ( 'NONE',  ( -13.05000000000005000, 1.699999999999990400, 24.87247621356291200 ) ) ;
#4284 = EDGE_LOOP ( 'NONE', ( #578, #4722, #4659, #4991 ) ) ;
#4285 = AXIS2_PLACEMENT_3D ( 'NONE', #4706, #5118, #2359 ) ;
#4287 = ORIENTED_EDGE ( 'NONE', *, *, #574, .T. ) ;
#4286 = VERTEX_POINT ( 'NONE', #2926 ) ;
#4288 = ORIENTED_EDGE ( 'NONE', *, *, #1537, .F. ) ;
#4289 = EDGE_CURVE ( 'NONE', #5036, #3470, #1017, .T. ) ;
#4290 = CARTESIAN_POINT ( 'NONE',  ( 12.77609723780671500, 22.03701650788863700, -25.37609723762704300 ) ) ;
#4291 = EDGE_CURVE ( 'NONE', #2448, #1740, #2594, .T. ) ;
#4292 = CARTESIAN_POINT ( 'NONE',  ( 12.24208138431581700, 23.50000000000001100, -24.31576007951209600 ) ) ;
#4293 = VERTEX_POINT ( 'NONE', #2549 ) ;
#4294 = ORIENTED_EDGE ( 'NONE', *, *, #2044, .T. ) ;
#4295 = AXIS2_PLACEMENT_3D ( 'NONE', #2915, #1025, #986 ) ;
#4297 = LINE ( 'NONE', #2432, #4236 ) ;
#4296 = CARTESIAN_POINT ( 'NONE',  ( 12.65722511096561600, 9.429622620738380800E-015, -25.50461997816217500 ) ) ;
#4298 = DIRECTION ( 'NONE',  ( 1.718560196236194400E-013, -2.470955234246180800E-016, 1.000000000000000000 ) ) ;
#4299 = CARTESIAN_POINT ( 'NONE',  ( 13.05388201153428600, 0.5666666666666970700, 24.94237600997775300 ) ) ;
#4300 = ORIENTED_EDGE ( 'NONE', *, *, #1561, .T. ) ;
#4301 = ADVANCED_FACE ( 'NONE', ( #2252 ), #1004, .T. ) ;
#4302 = CIRCLE ( 'NONE', #3561, 0.5000000000000000000 ) ;
#4303 = CARTESIAN_POINT ( 'NONE',  ( -12.48296569297866300, 1.700000000000002400, -25.57849523947177400 ) ) ;
#4304 = FACE_OUTER_BOUND ( 'NONE', #4933, .T. ) ;
#4305 = VERTEX_POINT ( 'NONE', #2903 ) ;
#4306 = CARTESIAN_POINT ( 'NONE',  ( -13.07025022559577100, 1.699999999999990600, 24.59993905486224400 ) ) ;
#4307 = CARTESIAN_POINT ( 'NONE',  ( -12.16745506493159800, 1.399999999999999200, -9.299999999997911700 ) ) ;
#4308 = CARTESIAN_POINT ( 'NONE',  ( 12.76095110977241900, 22.90473760973027200, -25.36095110923944100 ) ) ;
#4309 = CARTESIAN_POINT ( 'NONE',  ( -12.77609723780303600, 22.03701650797375700, 25.37609723762336600 ) ) ;
#4310 = FACE_OUTER_BOUND ( 'NONE', #3034, .T. ) ;
#4311 = PLANE ( 'NONE',  #4014 ) ;
#4312 = VECTOR ( 'NONE', #4460, 1000.000000000000000 ) ;
#4313 = EDGE_CURVE ( 'NONE', #1693, #1822, #2769, .T. ) ;
#4314 = CARTESIAN_POINT ( 'NONE',  ( 8.590000000004360800, -4.148838110341520900E-015, 25.38042199081852600 ) ) ;
#4315 = FACE_OUTER_BOUND ( 'NONE', #3731, .T. ) ;
#4316 = FACE_OUTER_BOUND ( 'NONE', #3997, .T. ) ;
#4317 = EDGE_CURVE ( 'NONE', #1052, #1631, #456, .T. ) ;
#4318 = DIRECTION ( 'NONE',  ( -1.718560196236194400E-013, 2.470955234246180800E-016, -1.000000000000000000 ) ) ;
#4319 = LINE ( 'NONE', #3150, #2366 ) ;
#4320 = ORIENTED_EDGE ( 'NONE', *, *, #4390, .F. ) ;
#4321 = LINE ( 'NONE', #3140, #3253 ) ;
#4322 = DIRECTION ( 'NONE',  ( -1.718560196236194400E-013, 2.470955234246180800E-016, -1.000000000000000000 ) ) ;
#4323 = EDGE_CURVE ( 'NONE', #2045, #711, #2643, .T. ) ;
#4324 = VERTEX_POINT ( 'NONE', #2128 ) ;
#4325 = CARTESIAN_POINT ( 'NONE',  ( 14.80976292091559200, 1.700000000000009900, -25.65000000000254600 ) ) ;
#4326 = ADVANCED_FACE ( 'NONE', ( #3186 ), #5108, .T. ) ;
#4327 = PLANE ( 'NONE',  #603 ) ;
#4328 = DIRECTION ( 'NONE',  ( 1.718560196236197700E-013, -4.818463124271551100E-016, 1.000000000000000000 ) ) ;
#4329 = AXIS2_PLACEMENT_3D ( 'NONE', #3445, #1196, #3051 ) ;
#4330 = CARTESIAN_POINT ( 'NONE',  ( -12.31965277793827500, 23.50798738021438100, 24.91965277753620700 ) ) ;
#4331 = ORIENTED_EDGE ( 'NONE', *, *, #282, .T. ) ;
#4332 =( BOUNDED_CURVE ( )  B_SPLINE_CURVE ( 3, ( #2047, #3596, #4787, #3649 ),
 .UNSPECIFIED., .F., .F. ) 
 B_SPLINE_CURVE_WITH_KNOTS ( ( 4, 4 ),
 ( 5.497939437025752200, 6.152828170809003800 ),
 .UNSPECIFIED. ) 
 CURVE ( )  GEOMETRIC_REPRESENTATION_ITEM ( )  RATIONAL_B_SPLINE_CURVE ( ( 1.000000000000000000, 0.9645782588639845200, 0.9645782588639845200, 1.000000000000000000 ) ) 
 REPRESENTATION_ITEM ( '' )  );
#4333 = CARTESIAN_POINT ( 'NONE',  ( 12.08770529053264700, 0.6999999999999992900, 15.39999999999792200 ) ) ;
#4334 = AXIS2_PLACEMENT_3D ( 'NONE', #735, #333, #3888 ) ;
#4335 = VECTOR ( 'NONE', #1104, 1000.000000000000000 ) ;
#4336 = CARTESIAN_POINT ( 'NONE',  ( -12.46745506492840300, 1.399999999999994600, 9.300000000002143000 ) ) ;
#4337 = CARTESIAN_POINT ( 'NONE',  ( 13.05000000000159800, 1.700000000000000800, 9.299999999997750100 ) ) ;
#4338 = CARTESIAN_POINT ( 'NONE',  ( -12.08770529053000000, 1.199999999999996800, 2.077641432241961900E-012 ) ) ;
#4339 = DIRECTION ( 'NONE',  ( -2.470955234246180800E-016, 1.000000000000000000, 2.470955234246605300E-016 ) ) ;
#4340 = EDGE_LOOP ( 'NONE', ( #869, #2699, #4412, #2499, #2165, #1271, #1014, #4104, #4537, #2487, #3266, #3232 ) ) ;
#4341 = CARTESIAN_POINT ( 'NONE',  ( -13.59999999999515000, -1.033117673591898700E-014, 24.70022845726656200 ) ) ;
#4342 = LINE ( 'NONE', #3064, #4778 ) ;
#4343 = EDGE_CURVE ( 'NONE', #1064, #4716, #3252, .T. ) ;
#4344 = CARTESIAN_POINT ( 'NONE',  ( -13.06745506493160000, 1.699999999999999100, -9.299999999997755400 ) ) ;
#4345 = CARTESIAN_POINT ( 'NONE',  ( -13.09992383597577300, -9.315467354049000900E-015, 24.59993905486225100 ) ) ;
#4346 = LINE ( 'NONE', #2521, #3390 ) ;
#4347 = DIRECTION ( 'NONE',  ( 2.470955234246180800E-016, -1.000000000000000000, -2.470955234246605300E-016 ) ) ;
#4348 = ORIENTED_EDGE ( 'NONE', *, *, #4021, .F. ) ;
#4349 = CARTESIAN_POINT ( 'NONE',  ( -10.15999999999607300, 1.699999999999992000, 22.86000000000174400 ) ) ;
#4350 = ORIENTED_EDGE ( 'NONE', *, *, #4120, .T. ) ;
#4351 = CARTESIAN_POINT ( 'NONE',  ( 12.34548283941440900, -3.321381371139125100E-015, 25.66344524719787800 ) ) ;
#4352 = ORIENTED_EDGE ( 'NONE', *, *, #3754, .F. ) ;
#4353 = ADVANCED_FACE ( 'NONE', ( #1716 ), #4045, .F. ) ;
#4354 = EDGE_CURVE ( 'NONE', #1378, #2626, #3883, .T. ) ;
#4355 = DIRECTION ( 'NONE',  ( -1.718560196236194400E-013, 2.470955234246180800E-016, -1.000000000000000000 ) ) ;
#4356 = ORIENTED_EDGE ( 'NONE', *, *, #4775, .F. ) ;
#4357 = ORIENTED_EDGE ( 'NONE', *, *, #4857, .F. ) ;
#4358 = CARTESIAN_POINT ( 'NONE',  ( 13.08770529053167800, 0.7000000000000019500, 9.399999999997755000 ) ) ;
#4359 = AXIS2_PLACEMENT_3D ( 'NONE', #536, #494, #912 ) ;
#4361 = VERTEX_POINT ( 'NONE', #4139 ) ;
#4360 = ORIENTED_EDGE ( 'NONE', *, *, #884, .F. ) ;
#4362 = ORIENTED_EDGE ( 'NONE', *, *, #858, .T. ) ;
#4363 = DIRECTION ( 'NONE',  ( 1.718560196236194400E-013, -2.470955234246180800E-016, 1.000000000000000000 ) ) ;
#4364 = CARTESIAN_POINT ( 'NONE',  ( -9.560000000003929800, 1.399973453572573200, -22.85999999999838300 ) ) ;
#4365 = LINE ( 'NONE', #3618, #3288 ) ;
#4366 = VERTEX_POINT ( 'NONE', #1880 ) ;
#4367 = EDGE_CURVE ( 'NONE', #1332, #3597, #4805, .T. ) ;
#4368 = DIRECTION ( 'NONE',  ( -2.470955234246180800E-016, 1.000000000000000000, 2.470955234246605300E-016 ) ) ;
#4370 = ORIENTED_EDGE ( 'NONE', *, *, #3447, .F. ) ;
#4369 = ORIENTED_EDGE ( 'NONE', *, *, #1269, .T. ) ;
#4371 = AXIS2_PLACEMENT_3D ( 'NONE', #4764, #2791, #3573 ) ;
#4372 = LINE ( 'NONE', #4022, #386 ) ;
#4373 = CARTESIAN_POINT ( 'NONE',  ( -1.598433949366058100E-012, 0.7000000000000001800, -9.300000000000000700 ) ) ;
#4375 = VECTOR ( 'NONE', #3691, 1000.000000000000000 ) ;
#4374 = DIRECTION ( 'NONE',  ( 2.470955234246180800E-016, -1.000000000000000000, -2.470955234246605300E-016 ) ) ;
#4376 = CARTESIAN_POINT ( 'NONE',  ( 12.84308418775877300, 1.700000000000009700, -25.25925303153932000 ) ) ;
#4377 = CARTESIAN_POINT ( 'NONE',  ( 12.18835778681045300, 0.6999999999999946300, 25.66745506493092700 ) ) ;
#4378 = CARTESIAN_POINT ( 'NONE',  ( -12.49761833558205200, 0.6999999999999886300, 25.57078916955309800 ) ) ;
#4379 = LINE ( 'NONE', #5113, #3690 ) ;
#4380 = DIRECTION ( 'NONE',  ( -1.000000000000000000, -2.168404344971008900E-016, 1.734723475976807100E-013 ) ) ;
#4381 = ADVANCED_FACE ( 'NONE', ( #998 ), #657, .F. ) ;
#4382 = DIRECTION ( 'NONE',  ( -1.000000000000000000, -2.470955234246605300E-016, 1.718560196236194400E-013 ) ) ;
#4383 = LINE ( 'NONE', #849, #74 ) ;
#4384 = ORIENTED_EDGE ( 'NONE', *, *, #2593, .F. ) ;
#4385 = DIRECTION ( 'NONE',  ( 1.000000000000000000, 2.470955234246605300E-016, -1.718560196236194400E-013 ) ) ;
#4386 = FACE_OUTER_BOUND ( 'NONE', #3233, .T. ) ;
#4387 = LINE ( 'NONE', #2459, #3132 ) ;
#4388 = CARTESIAN_POINT ( 'NONE',  ( 12.11201918137559000, 1.699999999999732800, -25.67025022560209300 ) ) ;
#4389 = CARTESIAN_POINT ( 'NONE',  ( -4.057815188923247700E-012, 1.399973453572675800, -23.45999999999999700 ) ) ;
#4390 = EDGE_CURVE ( 'NONE', #1637, #3231, #90, .T. ) ;
#4391 = CARTESIAN_POINT ( 'NONE',  ( 13.00325947668227000, 0.6999999999999941800, 25.02013518795555300 ) ) ;
#4392 = LINE ( 'NONE', #450, #3749 ) ;
#4393 = AXIS2_PLACEMENT_3D ( 'NONE', #234, #2068, #2445 ) ;
#4394 = CARTESIAN_POINT ( 'NONE',  ( -10.65999999999607300, 0.7000000000000014000, 22.86000000000182900 ) ) ;
#4395 = CARTESIAN_POINT ( 'NONE',  ( -12.10022845665262800, -1.720179998259091100E-015, -26.19999999999702200 ) ) ;
#4396 = CARTESIAN_POINT ( 'NONE',  ( -11.86745506492733800, 1.699999999999993100, 15.50000000000203900 ) ) ;
#4397 = EDGE_CURVE ( 'NONE', #1433, #2722, #3681, .T. ) ;
#4398 = ORIENTED_EDGE ( 'NONE', *, *, #1258, .T. ) ;
#4399 = FACE_OUTER_BOUND ( 'NONE', #4483, .T. ) ;
#4400 = DIRECTION ( 'NONE',  ( 1.718560196236194400E-013, -2.470955234246180800E-016, 1.000000000000000000 ) ) ;
#4401 = CARTESIAN_POINT ( 'NONE',  ( -11.71576007951632000, 22.00000000000406800, -24.31576007951012000 ) ) ;
#4402 = DIRECTION ( 'NONE',  ( 1.000000000000000000, 2.470955234246605300E-016, -1.718560196236194400E-013 ) ) ;
#4403 = CARTESIAN_POINT ( 'NONE',  ( -2.965146281095416900E-016, 1.200000000000000000, 2.965146281095926200E-016 ) ) ;
#4404 = ADVANCED_FACE ( 'NONE', ( #482 ), #4956, .F. ) ;
#4405 = EDGE_LOOP ( 'NONE', ( #3167, #3927, #3871, #1556 ) ) ;
#4406 = LINE ( 'NONE', #1609, #798 ) ;
#4407 = CARTESIAN_POINT ( 'NONE',  ( -13.07897775806648600, 1.200000000000054400, -15.39999999999776000 ) ) ;
#4408 = VERTEX_POINT ( 'NONE', #3767 ) ;
#4409 = DIRECTION ( 'NONE',  ( -2.470955234246180800E-016, 1.000000000000000000, 2.470955234246605300E-016 ) ) ;
#4410 = ORIENTED_EDGE ( 'NONE', *, *, #505, .F. ) ;
#4412 = ORIENTED_EDGE ( 'NONE', *, *, #1403, .T. ) ;
#4411 = ORIENTED_EDGE ( 'NONE', *, *, #3773, .T. ) ;
#4413 = EDGE_CURVE ( 'NONE', #4000, #1629, #343, .T. ) ;
#4414 = VERTEX_POINT ( 'NONE', #689 ) ;
#4415 = PLANE ( 'NONE',  #1828 ) ;
#4416 = STYLED_ITEM ( 'NONE', ( #4524 ), #446 ) ;
#4418 = ORIENTED_EDGE ( 'NONE', *, *, #1213, .F. ) ;
#4417 = ORIENTED_EDGE ( 'NONE', *, *, #33, .T. ) ;
#4419 = ORIENTED_EDGE ( 'NONE', *, *, #3085, .F. ) ;
#4420 = LINE ( 'NONE', #4683, #1446 ) ;
#4421 = ORIENTED_EDGE ( 'NONE', *, *, #1137, .T. ) ;
#4422 = EDGE_CURVE ( 'NONE', #3664, #1272, #3571, .T. ) ;
#4423 = DIRECTION ( 'NONE',  ( -1.000000000000000000, -2.470955234246605300E-016, 1.718560196236194400E-013 ) ) ;
#4424 = ORIENTED_EDGE ( 'NONE', *, *, #3517, .F. ) ;
#4425 = CARTESIAN_POINT ( 'NONE',  ( 12.16745506492558700, 1.700000000000009300, -25.67025022560209300 ) ) ;
#4426 = AXIS2_PLACEMENT_3D ( 'NONE', #2995, #4591, #5049 ) ;
#4427 = VECTOR ( 'NONE', #850, 1000.000000000000100 ) ;
#4428 = DIRECTION ( 'NONE',  ( 1.000000000000000000, 3.614007241618348800E-016, -1.329954664915552400E-013 ) ) ;
#4429 = ADVANCED_FACE ( 'NONE', ( #1095 ), #5066, .T. ) ;
#4430 = DIRECTION ( 'NONE',  ( 1.000000000000000000, 0.0000000000000000000, 0.0000000000000000000 ) ) ;
#4431 = VERTEX_POINT ( 'NONE', #2244 ) ;
#4432 = DIRECTION ( 'NONE',  ( -2.470955234246180800E-016, 1.000000000000000000, 2.470955234246605300E-016 ) ) ;
#4433 = CARTESIAN_POINT ( 'NONE',  ( 13.00325947667362700, 0.7000000000000077300, -25.02013518796004000 ) ) ;
#4434 = DIRECTION ( 'NONE',  ( -1.718560196236194400E-013, 2.470955234246180800E-016, -1.000000000000000000 ) ) ;
#4435 = LINE ( 'NONE', #3834, #1399 ) ;
#4436 = DIRECTION ( 'NONE',  ( -1.000000000000000000, -2.470955234246605300E-016, 1.718560196236194400E-013 ) ) ;
#4437 = EDGE_CURVE ( 'NONE', #4728, #194, #1022, .T. ) ;
#4438 = FACE_OUTER_BOUND ( 'NONE', #1268, .T. ) ;
#4439 = DIRECTION ( 'NONE',  ( -1.718560196236194400E-013, 2.470955234246180800E-016, -1.000000000000000000 ) ) ;
#4440 = CIRCLE ( 'NONE', #4197, 0.5000000000000004400 ) ;
#4441 = DIRECTION ( 'NONE',  ( 0.01745240643728005600, -0.9998476951563912700, -3.246358992744149600E-015 ) ) ;
#4442 = VECTOR ( 'NONE', #1621, 1000.000000000000000 ) ;
#4443 = VECTOR ( 'NONE', #2177, 1000.000000000000000 ) ;
#4444 = CARTESIAN_POINT ( 'NONE',  ( -13.60000000000364100, 1.875455022792424400E-015, -24.70022845726476400 ) ) ;
#4445 = CARTESIAN_POINT ( 'NONE',  ( 12.77609723780301600, 22.03701650797377500, -25.37609723762334800 ) ) ;
#4446 = CARTESIAN_POINT ( 'NONE',  ( -12.65131491597438200, 0.5666666666667031800, -25.49648496351782600 ) ) ;
#4447 = LINE ( 'NONE', #1152, #3137 ) ;
#4448 = DIRECTION ( 'NONE',  ( -0.9998476951563913800, 0.01745240643727956300, 1.718341575309310900E-013 ) ) ;
#4449 = EDGE_CURVE ( 'NONE', #431, #4532, #1223, .T. ) ;
#4450 = CARTESIAN_POINT ( 'NONE',  ( -12.08770529053264700, 0.7000000000000007300, -15.39999999999792200 ) ) ;
#4451 = ORIENTED_EDGE ( 'NONE', *, *, #1296, .F. ) ;
#4452 = ADVANCED_FACE ( 'NONE', ( #3256 ), #2485, .T. ) ;
#4453 = DIRECTION ( 'NONE',  ( -3.246358992949787500E-015, 0.9998476951563704000, -0.01745240643847641200 ) ) ;
#4454 = DIRECTION ( 'NONE',  ( -0.01744974916068187100, -0.9996954598818564900, -0.01744974916246258600 ) ) ;
#4455 = DIRECTION ( 'NONE',  ( 1.718560196236194400E-013, -2.470955234246180800E-016, 1.000000000000000000 ) ) ;
#4456 = LINE ( 'NONE', #3446, #3454 ) ;
#4457 = EDGE_CURVE ( 'NONE', #1385, #3664, #4133, .T. ) ;
#4458 = EDGE_CURVE ( 'NONE', #646, #2277, #591, .T. ) ;
#4459 =( BOUNDED_SURFACE ( )  B_SPLINE_SURFACE ( 3, 3, ( 
 ( #1711, #878, #2088, #4445 ),
 ( #2811, #4779, #467, #1690 ),
 ( #927, #481, #3220, #2847 ),
 ( #517, #4046, #3177, #1325 ) ),
 .UNSPECIFIED., .F., .F., .F. ) 
 B_SPLINE_SURFACE_WITH_KNOTS ( ( 4, 4 ),
 ( 4, 4 ),
 ( 0.0000000000000000000, 1.000000000000000000 ),
 ( 0.0000000000000000000, 1.000000000000000000 ),
 .UNSPECIFIED. ) 
 GEOMETRIC_REPRESENTATION_ITEM ( )  RATIONAL_B_SPLINE_SURFACE ( (
 ( 1.000000000000000000, 0.8047378541304212000, 0.8047378541304212000, 1.000000000000000000),
 ( 0.8083544723009078400, 0.6505134434161615700, 0.6505134434161615700, 0.8083544723009078400),
 ( 0.8083544723009078400, 0.6505134434161615700, 0.6505134434161615700, 0.8083544723009078400),
 ( 1.000000000000000000, 0.8047378541304212000, 0.8047378541304212000, 1.000000000000000000) ) ) 
 REPRESENTATION_ITEM ( '' )  SURFACE ( )  );
#4460 = DIRECTION ( 'NONE',  ( -1.000000000000000000, -2.470955234246605300E-016, 1.718560196236194400E-013 ) ) ;
#4461 = AXIS2_PLACEMENT_3D ( 'NONE', #746, #3092, #788 ) ;
#4462 = CYLINDRICAL_SURFACE ( 'NONE', #219, 0.5000000000000000000 ) ;
#4463 = CARTESIAN_POINT ( 'NONE',  ( -9.259960178580064000, 1.699999999971159200, 22.86000000000158700 ) ) ;
#4464 = CARTESIAN_POINT ( 'NONE',  ( 13.60000000000364100, -3.610178498769231100E-015, 24.70022845726476400 ) ) ;
#4465 = ORIENTED_EDGE ( 'NONE', *, *, #4627, .T. ) ;
#4466 = DIRECTION ( 'NONE',  ( -2.470955234246180800E-016, 1.000000000000000000, 2.470955234246605300E-016 ) ) ;
#4467 = EDGE_LOOP ( 'NONE', ( #3983, #3161, #3779, #4782 ) ) ;
#4468 = AXIS2_PLACEMENT_3D ( 'NONE', #4873, #3258, #2106 ) ;
#4469 = DIRECTION ( 'NONE',  ( 2.470955234246180800E-016, -1.000000000000000000, -2.470955234246605300E-016 ) ) ;
#4471 = ORIENTED_EDGE ( 'NONE', *, *, #1483, .T. ) ;
#4470 = VERTEX_POINT ( 'NONE', #1913 ) ;
#4472 = VERTEX_POINT ( 'NONE', #1571 ) ;
#4473 = DIRECTION ( 'NONE',  ( 0.9998476951563912700, 0.01745240643728005600, -1.718255327079238300E-013 ) ) ;
#4474 = CARTESIAN_POINT ( 'NONE',  ( -11.99993905486441800, 3.385204910399639500E-015, -25.69992383597794100 ) ) ;
#4475 = ORIENTED_EDGE ( 'NONE', *, *, #1165, .T. ) ;
#4476 = ADVANCED_FACE ( 'NONE', ( #1539 ), #471, .F. ) ;
#4477 = EDGE_LOOP ( 'NONE', ( #2864, #1568, #978, #4909 ) ) ;
#4478 = CARTESIAN_POINT ( 'NONE',  ( -12.56587981374348200, 1.548164813364526900, -25.51949272514165700 ) ) ;
#4479 = CARTESIAN_POINT ( 'NONE',  ( -3.928974535769231400E-012, 1.399973453572675600, -22.85999999999999900 ) ) ;
#4480 = CARTESIAN_POINT ( 'NONE',  ( -12.11201918138441300, 1.700000000000003100, -25.67025022559791800 ) ) ;
#4481 = ORIENTED_EDGE ( 'NONE', *, *, #3702, .F. ) ;
#4482 = EDGE_CURVE ( 'NONE', #2326, #4408, #3194, .T. ) ;
#4483 = EDGE_LOOP ( 'NONE', ( #2823, #4451, #3120, #2328 ) ) ;
#4484 = DIRECTION ( 'NONE',  ( 0.01745240643728005600, -0.9998476951563912700, -3.246358992744149600E-015 ) ) ;
#4485 = ORIENTED_EDGE ( 'NONE', *, *, #4757, .F. ) ;
#4486 = LINE ( 'NONE', #1702, #1135 ) ;
#4487 = ORIENTED_EDGE ( 'NONE', *, *, #134, .T. ) ;
#4488 =( GEOMETRIC_REPRESENTATION_CONTEXT ( 3 ) GLOBAL_UNCERTAINTY_ASSIGNED_CONTEXT ( ( #832 ) ) GLOBAL_UNIT_ASSIGNED_CONTEXT ( ( #2689, #3448, #355 ) ) REPRESENTATION_CONTEXT ( 'NONE', 'WORKASPACE' ) );
#4489 = VERTEX_POINT ( 'NONE', #1114 ) ;
#4490 = VERTEX_POINT ( 'NONE', #5083 ) ;
#4491 = ORIENTED_EDGE ( 'NONE', *, *, #233, .F. ) ;
#4492 = CARTESIAN_POINT ( 'NONE',  ( 12.84308418775877300, 1.700000000000009700, -25.25925303153932000 ) ) ;
#4493 = EDGE_CURVE ( 'NONE', #4286, #4324, #3510, .T. ) ;
#4495 = VECTOR ( 'NONE', #550, 1000.000000000000000 ) ;
#4494 = DIRECTION ( 'NONE',  ( -1.000000000000000000, -2.168404344971006900E-016, 1.734723475976805600E-013 ) ) ;
#4496 = CARTESIAN_POINT ( 'NONE',  ( 10.66000000000383200, -6.000000000000003600, 22.85999999999816600 ) ) ;
#4497 = VERTEX_POINT ( 'NONE', #1173 ) ;
#4498 = CARTESIAN_POINT ( 'NONE',  ( -1.615743099090132300E-012, 1.200000000000002200, -9.400000000000000400 ) ) ;
#4499 = AXIS2_PLACEMENT_3D ( 'NONE', #4207, #4581, #2588 ) ;
#4500 = DIRECTION ( 'NONE',  ( -1.718560196236194400E-013, 2.470955234246180800E-016, -1.000000000000000000 ) ) ;
#4501 = LINE ( 'NONE', #3949, #4559 ) ;
#4502 = AXIS2_PLACEMENT_3D ( 'NONE', #4858, #4058, #1744 ) ;
#4503 = CARTESIAN_POINT ( 'NONE',  ( 12.76095110936260600, 22.90473760959576700, 25.36095110965828100 ) ) ;
#4504 = LINE ( 'NONE', #2080, #3627 ) ;
#4505 = ORIENTED_EDGE ( 'NONE', *, *, #1860, .F. ) ;
#4506 = CARTESIAN_POINT ( 'NONE',  ( -12.97849523947828300, 1.700000000000002600, -25.08296569297189300 ) ) ;
#4507 = LINE ( 'NONE', #583, #4759 ) ;
#4508 = VECTOR ( 'NONE', #3643, 1000.000000000000000 ) ;
#4509 = EDGE_CURVE ( 'NONE', #2635, #4239, #2904, .T. ) ;
#4510 = CARTESIAN_POINT ( 'NONE',  ( -12.06760736976866400, 0.6999999999999886300, 25.66745506493245400 ) ) ;
#4511 = VECTOR ( 'NONE', #3989, 1000.000000000000000 ) ;
#4512 = ORIENTED_EDGE ( 'NONE', *, *, #1286, .T. ) ;
#4513 = CARTESIAN_POINT ( 'NONE',  ( 13.59999999999269200, 9.680913431326694400E-015, -25.57882969774152200 ) ) ;
#4514 = CARTESIAN_POINT ( 'NONE',  ( -8.589999999999999900, 0.6999999999999978500, 1.476416175433288200E-012 ) ) ;
#4515 = CARTESIAN_POINT ( 'NONE',  ( -13.07025022560422700, 1.700000000000002800, -24.59993905485775700 ) ) ;
#4516 = PLANE ( 'NONE',  #4499 ) ;
#4517 = CARTESIAN_POINT ( 'NONE',  ( 12.65131491596561700, 0.5666666666667094000, -25.49648496352217500 ) ) ;
#4518 = EDGE_CURVE ( 'NONE', #2278, #2391, #498, .T. ) ;
#4519 = EDGE_LOOP ( 'NONE', ( #3919, #4920, #1416, #3012 ) ) ;
#4520 = CARTESIAN_POINT ( 'NONE',  ( 12.32716743326606600, 23.49993545771739900, 23.68467416205811600 ) ) ;
#4521 = VECTOR ( 'NONE', #5035, 1000.000000000000000 ) ;
#4522 = EDGE_CURVE ( 'NONE', #251, #5096, #2081, .T. ) ;
#4523 = DIRECTION ( 'NONE',  ( -1.718560196236194400E-013, 2.470955234246180800E-016, -1.000000000000000000 ) ) ;
#4524 = PRESENTATION_STYLE_ASSIGNMENT (( #2637 ) ) ;
#4525 =( LENGTH_UNIT ( ) NAMED_UNIT ( * ) SI_UNIT ( .MILLI., .METRE. ) );
#4526 = FACE_BOUND ( 'NONE', #4718, .T. ) ;
#4527 = DIRECTION ( 'NONE',  ( 1.000000000000000000, 2.409231562247373200E-016, -1.734646724818108900E-013 ) ) ;
#4528 = CARTESIAN_POINT ( 'NONE',  ( 12.02709324932423100, 3.003599999999996900, 24.62709324931793400 ) ) ;
#4529 = DIRECTION ( 'NONE',  ( 1.000000000000000000, 0.0000000000000000000, -1.734723475976807600E-013 ) ) ;
#4530 = CARTESIAN_POINT ( 'NONE',  ( -12.87316610895084100, 0.7000000000000009500, -25.27132901533187200 ) ) ;
#4531 = CARTESIAN_POINT ( 'NONE',  ( 13.05388201152571300, 0.5666666666667094000, -24.94237600998224400 ) ) ;
#4532 = VERTEX_POINT ( 'NONE', #2731 ) ;
#4533 = VERTEX_POINT ( 'NONE', #2678 ) ;
#4534 = ADVANCED_FACE ( 'NONE', ( #4192 ), #4678, .T. ) ;
#4535 = DIRECTION ( 'NONE',  ( 2.470955234246180800E-016, -1.000000000000000000, -2.470955234246605300E-016 ) ) ;
#4536 = ORIENTED_EDGE ( 'NONE', *, *, #4997, .T. ) ;
#4537 = ORIENTED_EDGE ( 'NONE', *, *, #1743, .T. ) ;
#4538 = AXIS2_PLACEMENT_3D ( 'NONE', #3907, #409, #1200 ) ;
#4539 = CARTESIAN_POINT ( 'NONE',  ( 12.11201918138441300, 1.699999999999996600, 25.67025022559791800 ) ) ;
#4540 = CARTESIAN_POINT ( 'NONE',  ( -2.000003978286825000E-006, 0.7000000000000152800, -22.85999999999970100 ) ) ;
#4542 = ORIENTED_EDGE ( 'NONE', *, *, #3778, .T. ) ;
#4541 = EDGE_LOOP ( 'NONE', ( #4968, #1687, #2622, #611 ) ) ;
#4543 = CARTESIAN_POINT ( 'NONE',  ( 4.410933694460583300E-012, 0.6999999999999916300, 25.66745506493000000 ) ) ;
#4544 = ORIENTED_EDGE ( 'NONE', *, *, #4852, .F. ) ;
#4545 = ORIENTED_EDGE ( 'NONE', *, *, #792, .F. ) ;
#4547 = EDGE_LOOP ( 'NONE', ( #82, #2582, #1458, #1935, #2138, #1980, #4111, #1777 ) ) ;
#4546 = ORIENTED_EDGE ( 'NONE', *, *, #593, .F. ) ;
#4548 = B_SPLINE_CURVE_WITH_KNOTS ( 'NONE', 3,
 ( #260, #5014, #4593, #4958 ),
 .UNSPECIFIED., .F., .F.,
 ( 4, 4 ),
 ( 0.0000000000000000000, 1.000000000000000000 ),
 .UNSPECIFIED. ) ;
#4549 = DIRECTION ( 'NONE',  ( -1.000000000000000000, -2.470955234246605300E-016, 1.718560196236194400E-013 ) ) ;
#4550 = VECTOR ( 'NONE', #5041, 1000.000000000000000 ) ;
#4551 = EDGE_CURVE ( 'NONE', #3406, #2971, #4447, .T. ) ;
#4552 = DIRECTION ( 'NONE',  ( 1.000000000000000000, 2.409231562176341200E-016, -1.696099019772144400E-013 ) ) ;
#4553 = AXIS2_PLACEMENT_3D ( 'NONE', #2662, #328, #2315 ) ;
#4554 = VECTOR ( 'NONE', #3732, 1000.000000000000000 ) ;
#4555 = DIRECTION ( 'NONE',  ( -1.000000000000000000, -2.470955234246605300E-016, 1.718560196236194400E-013 ) ) ;
#4556 = EDGE_CURVE ( 'NONE', #4099, #2745, #5072, .T. ) ;
#4557 = DIRECTION ( 'NONE',  ( 0.01745240643727956000, 0.9998476951563912700, -2.752243213584931600E-015 ) ) ;
#4558 = EDGE_CURVE ( 'NONE', #1096, #3105, #81, .T. ) ;
#4559 = VECTOR ( 'NONE', #3968, 1000.000000000000000 ) ;
#4560 = DIRECTION ( 'NONE',  ( -1.000000000000000000, -2.470955234246605300E-016, 1.718560196236194400E-013 ) ) ;
#4561 = CARTESIAN_POINT ( 'NONE',  ( -13.07897775806191400, 1.200000000000098100, 24.59993905486224700 ) ) ;
#4562 = AXIS2_PLACEMENT_3D ( 'NONE', #1884, #734, #671 ) ;
#4563 = FACE_OUTER_BOUND ( 'NONE', #2477, .T. ) ;
#4564 = ADVANCED_FACE ( 'NONE', ( #2370 ), #3940, .T. ) ;
#4565 = CARTESIAN_POINT ( 'NONE',  ( 12.46745506492840100, 1.400000000000005500, -9.300000000002143000 ) ) ;
#4566 = LINE ( 'NONE', #3130, #2202 ) ;
#4567 = VECTOR ( 'NONE', #3540, 1000.000000000000200 ) ;
#4568 = ORIENTED_EDGE ( 'NONE', *, *, #4817, .T. ) ;
#4569 = CARTESIAN_POINT ( 'NONE',  ( -9.259960178587917300, 1.699999999971172300, -22.85999999999840800 ) ) ;
#4570 = CARTESIAN_POINT ( 'NONE',  ( 13.09003263251577200, 0.5666666666667092800, -24.59993905486224700 ) ) ;
#4571 = FACE_OUTER_BOUND ( 'NONE', #4284, .T. ) ;
#4572 = FACE_OUTER_BOUND ( 'NONE', #3595, .T. ) ;
#4573 =( LENGTH_UNIT ( ) NAMED_UNIT ( * ) SI_UNIT ( .MILLI., .METRE. ) );
#4574 = VECTOR ( 'NONE', #3863, 1000.000000000000100 ) ;
#4575 = ORIENTED_EDGE ( 'NONE', *, *, #1676, .T. ) ;
#4576 = DIRECTION ( 'NONE',  ( 1.000000000000000000, 2.470955234246605300E-016, -1.718560196236194400E-013 ) ) ;
#4577 = CARTESIAN_POINT ( 'NONE',  ( 11.71576007950581500, 22.00000000000001100, -24.31576007828210700 ) ) ;
#4578 = CARTESIAN_POINT ( 'NONE',  ( -13.05000000000471200, 1.700000000000003300, -27.40976292091776000 ) ) ;
#4579 = EDGE_CURVE ( 'NONE', #3546, #3476, #3824, .T. ) ;
#4580 = CYLINDRICAL_SURFACE ( 'NONE', #615, 0.5000000000000004400 ) ;
#4581 = DIRECTION ( 'NONE',  ( 2.470955234246180800E-016, -1.000000000000000000, -2.470955234246605300E-016 ) ) ;
#4582 = CARTESIAN_POINT ( 'NONE',  ( 12.65722511096561600, 9.429621087148305100E-015, -25.50461997816217500 ) ) ;
#4583 = EDGE_CURVE ( 'NONE', #2342, #1933, #719, .T. ) ;
#4585 = ADVANCED_FACE ( 'NONE', ( #2137 ), #448, .T. ) ;
#4584 = VECTOR ( 'NONE', #4439, 1000.000000000000000 ) ;
#4586 = EDGE_CURVE ( 'NONE', #3865, #4361, #278, .T. ) ;
#4587 = DIRECTION ( 'NONE',  ( 2.470955234246180800E-016, -1.000000000000000000, -2.470955234246605300E-016 ) ) ;
#4588 = CARTESIAN_POINT ( 'NONE',  ( 13.60000000000000000, 3.360499118575382900E-015, -2.337241866881224400E-012 ) ) ;
#4589 = ORIENTED_EDGE ( 'NONE', *, *, #2142, .T. ) ;
#4590 = ORIENTED_EDGE ( 'NONE', *, *, #4493, .F. ) ;
#4591 = DIRECTION ( 'NONE',  ( 2.470955234246180800E-016, -1.000000000000000000, -2.470955234246605300E-016 ) ) ;
#4592 = ORIENTED_EDGE ( 'NONE', *, *, #317, .T. ) ;
#4593 = CARTESIAN_POINT ( 'NONE',  ( 12.48227828211515200, 1.215498257360508400, -25.56746156555418300 ) ) ;
#4594 = ORIENTED_EDGE ( 'NONE', *, *, #4583, .T. ) ;
#4595 = CARTESIAN_POINT ( 'NONE',  ( -9.499999999996310500, 23.49999999999998900, 21.50000000000164100 ) ) ;
#4596 = ORIENTED_EDGE ( 'NONE', *, *, #5124, .T. ) ;
#4597 = VERTEX_POINT ( 'NONE', #2065 ) ;
#4598 = PLANE ( 'NONE',  #1765 ) ;
#4599 = ORIENTED_EDGE ( 'NONE', *, *, #4911, .T. ) ;
#4600 = ORIENTED_EDGE ( 'NONE', *, *, #4602, .F. ) ;
#4601 = DIRECTION ( 'NONE',  ( 2.470955234246180800E-016, -1.000000000000000000, -2.470955234246605300E-016 ) ) ;
#4602 = EDGE_CURVE ( 'NONE', #2762, #5115, #4156, .T. ) ;
#4603 = ORIENTED_EDGE ( 'NONE', *, *, #1491, .T. ) ;
#4604 = CARTESIAN_POINT ( 'NONE',  ( -11.86745506493266500, 1.300000000000000900, -15.49999999999796100 ) ) ;
#4605 = ORIENTED_EDGE ( 'NONE', *, *, #2957, .T. ) ;
#4606 = ORIENTED_EDGE ( 'NONE', *, *, #2866, .T. ) ;
#4607 = CIRCLE ( 'NONE', #1477, 1.499999999999999800 ) ;
#4608 = DIRECTION ( 'NONE',  ( -2.470955234246180800E-016, 1.000000000000000000, 2.470955234246605300E-016 ) ) ;
#4609 = ORIENTED_EDGE ( 'NONE', *, *, #4367, .F. ) ;
#4610 = DIRECTION ( 'NONE',  ( 1.718560196236194400E-013, -2.470955234246180800E-016, 1.000000000000000000 ) ) ;
#4611 = ORIENTED_EDGE ( 'NONE', *, *, #4093, .T. ) ;
#4612 = CARTESIAN_POINT ( 'NONE',  ( 10.16000000000392800, 1.699999999999996800, 22.85999999999825100 ) ) ;
#4613 = LINE ( 'NONE', #3963, #136 ) ;
#4614 = VERTEX_POINT ( 'NONE', #3544 ) ;
#4615 = CARTESIAN_POINT ( 'NONE',  ( 0.4999979999960193500, 10.21200000000000500, -22.85999999999978300 ) ) ;
#4616 = DIRECTION ( 'NONE',  ( 0.01745240643906500000, 0.9998476951563601800, -2.752243213891778000E-015 ) ) ;
#4617 = DIRECTION ( 'NONE',  ( -2.470955234246180800E-016, 1.000000000000000000, 2.470955234246605300E-016 ) ) ;
#4618 = CARTESIAN_POINT ( 'NONE',  ( 13.06745506492733700, 1.300000000000007400, -15.50000000000224700 ) ) ;
#4619 = EDGE_CURVE ( 'NONE', #2701, #252, #3075, .T. ) ;
#4620 = CIRCLE ( 'NONE', #4461, 0.5000000000000004400 ) ;
#4621 = MANIFOLD_SOLID_BREP ( 'Body-Move/Copy1[2]', #1990 ) ;
#4622 =( NAMED_UNIT ( * ) PLANE_ANGLE_UNIT ( ) SI_UNIT ( $, .RADIAN. ) );
#4623 = AXIS2_PLACEMENT_3D ( 'NONE', #70, #2427, #51 ) ;
#4624 = DIRECTION ( 'NONE',  ( -1.216113667092445400E-013, 0.7070911380243785100, -0.7071224240026541300 ) ) ;
#4625 = CIRCLE ( 'NONE', #1172, 0.5999999999999998700 ) ;
#4626 = DIRECTION ( 'NONE',  ( -0.01745240643727956000, -0.9998476951563912700, 2.752243213584931600E-015 ) ) ;
#4627 = EDGE_CURVE ( 'NONE', #2048, #1745, #2023, .T. ) ;
#4628 = FACE_OUTER_BOUND ( 'NONE', #3667, .T. ) ;
#4629 = ORIENTED_EDGE ( 'NONE', *, *, #1168, .T. ) ;
#4630 = CARTESIAN_POINT ( 'NONE',  ( -12.91949272513969900, 1.548164813363253300, 25.16587981374108900 ) ) ;
#4631 = LINE ( 'NONE', #4829, #468 ) ;
#4632 = CARTESIAN_POINT ( 'NONE',  ( 13.09003263252422800, 0.5666666666666971800, 24.59993905485775300 ) ) ;
#4633 = LINE ( 'NONE', #3825, #3568 ) ;
#4634 = AXIS2_PLACEMENT_3D ( 'NONE', #4262, #1941, #4656 ) ;
#4635 = CARTESIAN_POINT ( 'NONE',  ( -12.33616235112559400, 1.699999999999990600, 25.63475554019212100 ) ) ;
#4636 = CARTESIAN_POINT ( 'NONE',  ( 12.08770529053161400, 1.200000000000000600, 9.399999999997922000 ) ) ;
#4637 = CARTESIAN_POINT ( 'NONE',  ( -13.08014142906422700, 1.133333333333002900, -24.59993905485775300 ) ) ;
#4638 = FILL_AREA_STYLE_COLOUR ( '', #973 ) ;
#4639 = MECHANICAL_DESIGN_GEOMETRIC_PRESENTATION_REPRESENTATION (  '', ( #1518 ), #3735 ) ;
#4640 = DIRECTION ( 'NONE',  ( 1.000000000000000000, 2.470955234246605300E-016, -1.718560196236194400E-013 ) ) ;
#4641 = CARTESIAN_POINT ( 'NONE',  ( 13.04999999999901000, 1.700000000000028200, -24.65015230484621300 ) ) ;
#4642 = ORIENTED_EDGE ( 'NONE', *, *, #913, .T. ) ;
#4643 = LINE ( 'NONE', #1241, #2313 ) ;
#4644 = CARTESIAN_POINT ( 'NONE',  ( 13.06344524719571600, 9.391837513960195800E-015, -24.94548283941224700 ) ) ;
#4645 = DIRECTION ( 'NONE',  ( -2.470955234246180800E-016, 1.000000000000000000, 2.470955234246605300E-016 ) ) ;
#4646 = CARTESIAN_POINT ( 'NONE',  ( 13.07025022560424800, 1.699999999999997100, 24.71201918137775500 ) ) ;
#4647 = VECTOR ( 'NONE', #3951, 1000.000000000000000 ) ;
#4648 = EDGE_CURVE ( 'NONE', #3895, #3406, #844, .T. ) ;
#4649 = DIRECTION ( 'NONE',  ( 1.000000000000000000, 1.807003620809174400E-016, -1.676899360110913900E-013 ) ) ;
#4650 = DIRECTION ( 'NONE',  ( 2.470955234246180800E-016, -1.000000000000000000, -2.470955234246605300E-016 ) ) ;
#4651 = CARTESIAN_POINT ( 'NONE',  ( 13.60000000000480800, -3.553064219733511200E-015, 27.97931440638766200 ) ) ;
#4652 = CYLINDRICAL_SURFACE ( 'NONE', #3081, 0.5999999999999998700 ) ;
#4653 = AXIS2_PLACEMENT_3D ( 'NONE', #909, #2951, #140 ) ;
#4654 = EDGE_CURVE ( 'NONE', #4472, #2497, #2306, .T. ) ;
#4655 = DIRECTION ( 'NONE',  ( -2.470955234246180800E-016, 1.000000000000000000, 2.470955234246605300E-016 ) ) ;
#4656 = DIRECTION ( 'NONE',  ( 1.000000000000000000, 2.470955234246605300E-016, -1.718560196236194400E-013 ) ) ;
#4657 = ORIENTED_EDGE ( 'NONE', *, *, #3208, .F. ) ;
#4658 = DIRECTION ( 'NONE',  ( 0.01745240643728005600, -0.9998476951563912700, -3.246358992744149600E-015 ) ) ;
#4659 = ORIENTED_EDGE ( 'NONE', *, *, #2452, .F. ) ;
#4660 = DIRECTION ( 'NONE',  ( -2.470955234246180800E-016, 1.000000000000000000, 2.470955234246605300E-016 ) ) ;
#4661 = DIRECTION ( 'NONE',  ( 2.470955234246180800E-016, -1.000000000000000000, -2.470955234246605300E-016 ) ) ;
#4662 = ORIENTED_EDGE ( 'NONE', *, *, #3820, .F. ) ;
#4663 = DIRECTION ( 'NONE',  ( 0.01744974916067704200, -0.9996954598818875700, -0.01744974916068303700 ) ) ;
#4664 = ORIENTED_EDGE ( 'NONE', *, *, #317, .F. ) ;
#4665 = ADVANCED_FACE ( 'NONE', ( #1476 ), #4311, .F. ) ;
#4666 = DIRECTION ( 'NONE',  ( -2.470955234246180800E-016, 1.000000000000000000, 2.470955234246605300E-016 ) ) ;
#4667 = CARTESIAN_POINT ( 'NONE',  ( -12.65131491596561700, 0.5666666666666905200, 25.49648496352217500 ) ) ;
#4668 = EDGE_LOOP ( 'NONE', ( #308, #3797, #3418, #4161 ) ) ;
#4669 = DIRECTION ( 'NONE',  ( -2.470955234246180800E-016, 1.000000000000000000, 2.470955234246605300E-016 ) ) ;
#4670 = ORIENTED_EDGE ( 'NONE', *, *, #620, .F. ) ;
#4671 = PLANE ( 'NONE',  #3974 ) ;
#4672 = FACE_OUTER_BOUND ( 'NONE', #316, .T. ) ;
#4673 = EDGE_LOOP ( 'NONE', ( #776, #4974, #556, #2104 ) ) ;
#4675 = ORIENTED_EDGE ( 'NONE', *, *, #3058, .T. ) ;
#4674 = ORIENTED_EDGE ( 'NONE', *, *, #2755, .F. ) ;
#4676 = CYLINDRICAL_SURFACE ( 'NONE', #4730, 0.5000000000000004400 ) ;
#4677 = DIRECTION ( 'NONE',  ( 2.470955234246180800E-016, -1.000000000000000000, -2.470955234246605300E-016 ) ) ;
#4678 = PLANE ( 'NONE',  #2373 ) ;
#4679 = CYLINDRICAL_SURFACE ( 'NONE', #49, 1.499999999999999800 ) ;
#4680 = EDGE_CURVE ( 'NONE', #2497, #2057, #542, .T. ) ;
#4681 = CARTESIAN_POINT ( 'NONE',  ( 12.89648496352434200, 0.5666666666666968500, 25.25131491596778200 ) ) ;
#4682 = AXIS2_PLACEMENT_3D ( 'NONE', #2353, #1262, #3184 ) ;
#4684 = VECTOR ( 'NONE', #3097, 1000.000000000000000 ) ;
#4683 = CARTESIAN_POINT ( 'NONE',  ( -9.560000000003929800, 1.700000000000003100, -22.85999999999835800 ) ) ;
#4685 =( BOUNDED_CURVE ( )  B_SPLINE_CURVE ( 3, ( #4492, #1764, #164, #2901 ),
 .UNSPECIFIED., .F., .T. ) 
 B_SPLINE_CURVE_WITH_KNOTS ( ( 4, 4 ),
 ( 0.1303571363704387200, 0.7852458701538311800 ),
 .UNSPECIFIED. ) 
 CURVE ( )  GEOMETRIC_REPRESENTATION_ITEM ( )  RATIONAL_B_SPLINE_CURVE ( ( 1.000000000000000000, 0.9645782588639694200, 0.9645782588639694200, 1.000000000000000000 ) ) 
 REPRESENTATION_ITEM ( '' )  );
#4686 = FACE_OUTER_BOUND ( 'NONE', #2336, .T. ) ;
#4687 = EDGE_CURVE ( 'NONE', #646, #2416, #3443, .T. ) ;
#4688 = CARTESIAN_POINT ( 'NONE',  ( -8.589999999999999900, -2.122550546217834000E-015, 1.476243208566891100E-012 ) ) ;
#4689 = LINE ( 'NONE', #2833, #3624 ) ;
#4690 = LINE ( 'NONE', #3505, #4880 ) ;
#4691 = ADVANCED_FACE ( 'NONE', ( #4628 ), #160, .T. ) ;
#4692 = DIRECTION ( 'NONE',  ( 1.000000000000000000, 2.470955234246605300E-016, -1.718560196236194400E-013 ) ) ;
#4693 = AXIS2_PLACEMENT_3D ( 'NONE', #1186, #4731, #429 ) ;
#4694 = FACE_OUTER_BOUND ( 'NONE', #4735, .T. ) ;
#4695 = CARTESIAN_POINT ( 'NONE',  ( 13.59999999999515000, 9.463814997931300000E-015, -24.70022845726945700 ) ) ;
#4696 = VECTOR ( 'NONE', #1131, 1000.000000000000000 ) ;
#4697 = CIRCLE ( 'NONE', #2579, 0.5000000000000004400 ) ;
#4698 = CARTESIAN_POINT ( 'NONE',  ( -12.16233884828955600, 22.03701650787239400, -25.98985562703710900 ) ) ;
#4699 = DIRECTION ( 'NONE',  ( -1.000000000000000000, -2.470955234246605300E-016, 1.718560196236194400E-013 ) ) ;
#4700 = CARTESIAN_POINT ( 'NONE',  ( 12.34548283941440900, -3.290808892101732700E-015, 25.66344524719787800 ) ) ;
#4701 = AXIS2_PLACEMENT_3D ( 'NONE', #956, #3311, #3325 ) ;
#4702 = ORIENTED_EDGE ( 'NONE', *, *, #4892, .F. ) ;
#4703 = CARTESIAN_POINT ( 'NONE',  ( -13.60000000000364100, 1.875455022792424400E-015, -24.70022845726476400 ) ) ;
#4704 = EDGE_CURVE ( 'NONE', #426, #4992, #649, .T. ) ;
#4705 = CARTESIAN_POINT ( 'NONE',  ( -12.42013518795323200, 0.6999999999999884100, 25.60325947668015400 ) ) ;
#4706 = CARTESIAN_POINT ( 'NONE',  ( 11.71576007951417400, 21.99999999999999600, 24.31576007950799600 ) ) ;
#4707 = AXIS2_PLACEMENT_3D ( 'NONE', #4401, #3224, #2878 ) ;
#4708 = DIRECTION ( 'NONE',  ( -1.718560196236194400E-013, 2.470955234246180800E-016, -1.000000000000000000 ) ) ;
#4709 = CARTESIAN_POINT ( 'NONE',  ( -13.38985562703505200, 22.03701650786654300, 24.76233884828749900 ) ) ;
#4710 = DIRECTION ( 'NONE',  ( 2.752243213584974200E-015, 0.9998476951563912700, 0.01745240643728005600 ) ) ;
#4711 = FACE_OUTER_BOUND ( 'NONE', #2812, .T. ) ;
#4712 = DIRECTION ( 'NONE',  ( 3.246358992744107000E-015, -0.9998476951563912700, 0.01745240643727956000 ) ) ;
#4713 = CARTESIAN_POINT ( 'NONE',  ( 11.15484855006590500, 54.13460000000000600, -23.75484855007190500 ) ) ;
#4714 = ADVANCED_FACE ( 'NONE', ( #1344 ), #1724, .T. ) ;
#4715 =( BOUNDED_SURFACE ( )  B_SPLINE_SURFACE ( 3, 3, ( 
 ( #3699, #1519, #178, #996 ),
 ( #2910, #1805, #4913, #4503 ),
 ( #3286, #3386, #2166, #976 ),
 ( #200, #3710, #4520, #2558 ) ),
 .UNSPECIFIED., .F., .F., .F. ) 
 B_SPLINE_SURFACE_WITH_KNOTS ( ( 4, 4 ),
 ( 4, 4 ),
 ( 0.0000000000000000000, 1.000000000000000000 ),
 ( 0.0000000000000000000, 1.000000000000000000 ),
 .UNSPECIFIED. ) 
 GEOMETRIC_REPRESENTATION_ITEM ( )  RATIONAL_B_SPLINE_SURFACE ( (
 ( 1.000000000000000000, 0.8047378540491014800, 0.8047378540491014800, 1.000000000000000000),
 ( 0.8083544723463824700, 0.6505134433870215500, 0.6505134433870215500, 0.8083544723463824700),
 ( 0.8083544723463824700, 0.6505134433870215500, 0.6505134433870215500, 0.8083544723463824700),
 ( 1.000000000000000000, 0.8047378540491014800, 0.8047378540491014800, 1.000000000000000000) ) ) 
 REPRESENTATION_ITEM ( '' )  SURFACE ( )  );
#4716 = VERTEX_POINT ( 'NONE', #537 ) ;
#4717 = EDGE_CURVE ( 'NONE', #4431, #3747, #2476, .T. ) ;
#4718 = EDGE_LOOP ( 'NONE', ( #1577, #3283, #972, #1443, #5038 ) ) ;
#4719 = ORIENTED_EDGE ( 'NONE', *, *, #2902, .F. ) ;
#4720 = CARTESIAN_POINT ( 'NONE',  ( -12.65925303153263200, 1.699999999999990900, 25.44308418776538300 ) ) ;
#4721 = EDGE_LOOP ( 'NONE', ( #4090, #4594, #1810, #2154 ) ) ;
#4722 = ORIENTED_EDGE ( 'NONE', *, *, #2805, .T. ) ;
#4723 = EDGE_CURVE ( 'NONE', #3784, #1430, #4504, .T. ) ;
#4724 = DIRECTION ( 'NONE',  ( 1.000000000000000000, 2.470955234246605300E-016, -1.718560196236194400E-013 ) ) ;
#4725 = EDGE_CURVE ( 'NONE', #2048, #4134, #1840, .T. ) ;
#4726 = ORIENTED_EDGE ( 'NONE', *, *, #2867, .F. ) ;
#4727 = CARTESIAN_POINT ( 'NONE',  ( 13.00325947667362700, 0.7000000000000077300, -25.02013518796004000 ) ) ;
#4728 = VERTEX_POINT ( 'NONE', #2140 ) ;
#4729 = ORIENTED_EDGE ( 'NONE', *, *, #1393, .T. ) ;
#4730 = AXIS2_PLACEMENT_3D ( 'NONE', #5026, #4587, #3451 ) ;
#4731 = DIRECTION ( 'NONE',  ( -2.470955234246180800E-016, 1.000000000000000000, 2.470955234246605300E-016 ) ) ;
#4732 = B_SPLINE_CURVE_WITH_KNOTS ( 'NONE', 3,
 ( #3866, #5105, #2700, #2746 ),
 .UNSPECIFIED., .F., .F.,
 ( 4, 4 ),
 ( 0.0000000000000000000, 1.000000000000000000 ),
 .UNSPECIFIED. ) ;
#4733 = CARTESIAN_POINT ( 'NONE',  ( 12.67132901533844300, 0.6999999999999946300, 25.47316610894434100 ) ) ;
#4734 = EDGE_LOOP ( 'NONE', ( #1449, #873 ) ) ;
#4735 = EDGE_LOOP ( 'NONE', ( #1331, #2763 ) ) ;
#4736 = DIRECTION ( 'NONE',  ( 1.000000000000000000, 2.470955234246605300E-016, -1.718560196236194400E-013 ) ) ;
#4737 = FACE_OUTER_BOUND ( 'NONE', #3228, .T. ) ;
#4738 = CARTESIAN_POINT ( 'NONE',  ( -11.86745506493266300, 0.6999999999999988500, -15.49999999999796100 ) ) ;
#4739 = DIRECTION ( 'NONE',  ( 2.470955234246180800E-016, -1.000000000000000000, -2.470955234246605300E-016 ) ) ;
#4740 = ORIENTED_EDGE ( 'NONE', *, *, #5022, .F. ) ;
#4741 = VERTEX_POINT ( 'NONE', #2090 ) ;
#4742 = VECTOR ( 'NONE', #2897, 1000.000000000000000 ) ;
#4743 = ORIENTED_EDGE ( 'NONE', *, *, #42, .F. ) ;
#4744 = ORIENTED_EDGE ( 'NONE', *, *, #3982, .F. ) ;
#4745 = CARTESIAN_POINT ( 'NONE',  ( 12.08770529052838500, 1.200000000000005300, -9.400000000002078700 ) ) ;
#4746 = ADVANCED_FACE ( 'NONE', ( #11, #4756, #273, #1661, #1776 ), #2475, .T. ) ;
#4747 = PLANE ( 'NONE',  #1246 ) ;
#4748 = CARTESIAN_POINT ( 'NONE',  ( 11.27931603926818500, 22.89246606762006700, -25.98147744539440400 ) ) ;
#4749 = DIRECTION ( 'NONE',  ( 1.718255327079238600E-013, 0.01745240643727956300, 0.9998476951563913800 ) ) ;
#4750 = LINE ( 'NONE', #1832, #3127 ) ;
#4751 = DIRECTION ( 'NONE',  ( -2.470955234246180800E-016, 1.000000000000000000, 2.470955234246605300E-016 ) ) ;
#4752 = EDGE_CURVE ( 'NONE', #1693, #2162, #3250, .T. ) ;
#4753 = CARTESIAN_POINT ( 'NONE',  ( 13.09992383598424600, -2.900636935508298900E-015, 24.71512599218775100 ) ) ;
#4754 = VECTOR ( 'NONE', #1655, 1000.000000000000000 ) ;
#4755 = EDGE_LOOP ( 'NONE', ( #1746, #1059, #1649, #4173, #2978, #4914, #4163, #69 ) ) ;
#4756 = FACE_BOUND ( 'NONE', #4844, .T. ) ;
#4757 = EDGE_CURVE ( 'NONE', #2226, #4408, #1961, .T. ) ;
#4758 = CARTESIAN_POINT ( 'NONE',  ( -0.6000000000039288400, 1.399973453572675300, -22.85999999999989300 ) ) ;
#4759 = VECTOR ( 'NONE', #977, 1000.000000000000000 ) ;
#4760 = LINE ( 'NONE', #130, #3507 ) ;
#4761 = EDGE_CURVE ( 'NONE', #4099, #4861, #465, .T. ) ;
#4762 = VECTOR ( 'NONE', #412, 1000.000000000000000 ) ;
#4763 = DIRECTION ( 'NONE',  ( 1.718560196236194400E-013, -2.470955234246180800E-016, 1.000000000000000000 ) ) ;
#4764 = CARTESIAN_POINT ( 'NONE',  ( 0.0000000000000000000, 0.0000000000000000000, 0.0000000000000000000 ) ) ;
#4765 = AXIS2_PLACEMENT_3D ( 'NONE', #702, #3774, #1478 ) ;
#4766 = CARTESIAN_POINT ( 'NONE',  ( 2.646409735337342000E-012, 0.6999999999999961800, 15.40000000000000000 ) ) ;
#4767 = CARTESIAN_POINT ( 'NONE',  ( -10.15999999999607400, 10.21199999999999400, 22.86000000000174700 ) ) ;
#4768 = CARTESIAN_POINT ( 'NONE',  ( -11.86745506493159800, 0.6999999999999972900, -9.299999999997961500 ) ) ;
#4769 = ORIENTED_EDGE ( 'NONE', *, *, #505, .T. ) ;
#4770 = AXIS2_PLACEMENT_3D ( 'NONE', #2647, #254, #4168 ) ;
#4772 = ADVANCED_FACE ( 'NONE', ( #4694 ), #1327, .T. ) ;
#4771 = VECTOR ( 'NONE', #434, 1000.000000000000100 ) ;
#4773 = DIRECTION ( 'NONE',  ( 2.470955234246180800E-016, -1.000000000000000000, -2.470955234246605300E-016 ) ) ;
#4774 = DIRECTION ( 'NONE',  ( 1.000000000000000000, 3.614007241618348800E-016, -1.676899360110913900E-013 ) ) ;
#4775 = EDGE_CURVE ( 'NONE', #3047, #3107, #4015, .T. ) ;
#4776 = DIRECTION ( 'NONE',  ( -1.718560196236194400E-013, 2.470955234246180800E-016, -1.000000000000000000 ) ) ;
#4777 = CARTESIAN_POINT ( 'NONE',  ( -2.000003976631285100E-006, -5.999999999999993800, -22.85999999999970100 ) ) ;
#4778 = VECTOR ( 'NONE', #3868, 1000.000000000000100 ) ;
#4779 = CARTESIAN_POINT ( 'NONE',  ( 13.12048245006743000, 22.90473760965714000, -25.00141976888394900 ) ) ;
#4780 =( BOUNDED_CURVE ( )  B_SPLINE_CURVE ( 3, ( #2275, #1144, #2979, #4254 ),
 .UNSPECIFIED., .F., .F. ) 
 B_SPLINE_CURVE_WITH_KNOTS ( ( 4, 4 ),
 ( 5.497939437029718800, 5.858173938714741300 ),
 .UNSPECIFIED. ) 
 CURVE ( )  GEOMETRIC_REPRESENTATION_ITEM ( )  RATIONAL_B_SPLINE_CURVE ( ( 1.000000000000000000, 0.9892151297713516200, 0.9892151297713516200, 1.000000000000000000 ) ) 
 REPRESENTATION_ITEM ( '' )  );
#4781 = DIRECTION ( 'NONE',  ( 1.718255327079238600E-013, 0.01745240643727956300, 0.9998476951563913800 ) ) ;
#4782 = ORIENTED_EDGE ( 'NONE', *, *, #4251, .T. ) ;
#4783 = CARTESIAN_POINT ( 'NONE',  ( -11.71576007828466700, 22.02617860964920400, -25.81553162224378900 ) ) ;
#4784 = EDGE_CURVE ( 'NONE', #585, #685, #4883, .T. ) ;
#4785 = EDGE_LOOP ( 'NONE', ( #4038, #1502 ) ) ;
#4786 = EDGE_CURVE ( 'NONE', #2859, #4239, #3384, .T. ) ;
#4787 = CARTESIAN_POINT ( 'NONE',  ( 12.48296569296973100, 1.700000000000009500, -25.57849523947611900 ) ) ;
#4788 = VERTEX_POINT ( 'NONE', #1392 ) ;
#4789 = ORIENTED_EDGE ( 'NONE', *, *, #2354, .T. ) ;
#4790 = CARTESIAN_POINT ( 'NONE',  ( 11.86745506492733600, 1.700000000000006800, -15.50000000000203900 ) ) ;
#4791 = EDGE_LOOP ( 'NONE', ( #4798, #4970, #4041, #2161 ) ) ;
#4792 = PLANE ( 'NONE',  #3245 ) ;
#4794 = ORIENTED_EDGE ( 'NONE', *, *, #452, .T. ) ;
#4793 = VERTEX_POINT ( 'NONE', #683 ) ;
#4795 = VERTEX_POINT ( 'NONE', #3270 ) ;
#4796 = CARTESIAN_POINT ( 'NONE',  ( -12.84308418775877500, 1.699999999999990600, 25.25925303153932000 ) ) ;
#4797 = LINE ( 'NONE', #5109, #1641 ) ;
#4798 = ORIENTED_EDGE ( 'NONE', *, *, #33, .F. ) ;
#4799 = CARTESIAN_POINT ( 'NONE',  ( 11.71576007950795400, 22.00000000000407500, -24.31576007951414600 ) ) ;
#4800 = ORIENTED_EDGE ( 'NONE', *, *, #148, .F. ) ;
#4801 = CARTESIAN_POINT ( 'NONE',  ( 12.10022845706262900, -8.688160857500442400E-015, 26.19999999999702200 ) ) ;
#4802 = LINE ( 'NONE', #3154, #4427 ) ;
#4803 = DIRECTION ( 'NONE',  ( -1.718560196236194400E-013, 2.470955234246180800E-016, -1.000000000000000000 ) ) ;
#4804 = ORIENTED_EDGE ( 'NONE', *, *, #884, .T. ) ;
#4805 = B_SPLINE_CURVE_WITH_KNOTS ( 'NONE', 3,
 ( #1498, #4539, #1451, #2623, #3014, #2212 ),
 .UNSPECIFIED., .F., .F.,
 ( 4, 1, 1, 4 ),
 ( 0.0000000000000000000, 0.0003345423044331111600, 0.0006690846088662225400, 0.0007067113336011498000 ),
 .UNSPECIFIED. ) ;
#4806 = SURFACE_STYLE_FILL_AREA ( #1813 ) ;
#4807 = DIRECTION ( 'NONE',  ( -1.000000000000000000, -2.470955234246605300E-016, 1.718560196236194400E-013 ) ) ;
#4808 = AXIS2_PLACEMENT_3D ( 'NONE', #1410, #1093, #2193 ) ;
#4809 = LINE ( 'NONE', #3926, #460 ) ;
#4810 = CARTESIAN_POINT ( 'NONE',  ( 11.29451029966696800, 22.02198747918930300, 25.99667170548268300 ) ) ;
#4811 = ORIENTED_EDGE ( 'NONE', *, *, #530, .F. ) ;
#4812 = VECTOR ( 'NONE', #2107, 1000.000000000000000 ) ;
#4813 = ORIENTED_EDGE ( 'NONE', *, *, #2570, .T. ) ;
#4814 = DIRECTION ( 'NONE',  ( -1.000000000000000000, -2.470955234246605300E-016, 1.718560196236194400E-013 ) ) ;
#4815 = DIRECTION ( 'NONE',  ( -1.000000000000000000, -2.470955234246605300E-016, 1.718560196236194400E-013 ) ) ;
#4816 = CIRCLE ( 'NONE', #5077, 1.500000000000001100 ) ;
#4817 = EDGE_CURVE ( 'NONE', #3566, #3156, #4939, .T. ) ;
#4818 = CARTESIAN_POINT ( 'NONE',  ( 11.88999999999635900, 8.176390870121116300E-015, -21.20000000000204200 ) ) ;
#4819 = CYLINDRICAL_SURFACE ( 'NONE', #4919, 1.499999999999999600 ) ;
#4820 = VECTOR ( 'NONE', #760, 1000.000000000000000 ) ;
#4821 = ADVANCED_FACE ( 'NONE', ( #780 ), #1595, .T. ) ;
#4822 = AXIS2_PLACEMENT_3D ( 'NONE', #2730, #1570, #1974 ) ;
#4823 = CARTESIAN_POINT ( 'NONE',  ( -12.84308418776754700, 1.700000000000003100, -25.25925303153479700 ) ) ;
#4824 = DIRECTION ( 'NONE',  ( -1.000000000000000000, -2.168404344971006900E-016, 1.734723475976805600E-013 ) ) ;
#4825 = EDGE_CURVE ( 'NONE', #1930, #4741, #959, .T. ) ;
#4826 = EDGE_CURVE ( 'NONE', #2409, #1822, #2536, .T. ) ;
#4827 = VERTEX_POINT ( 'NONE', #967 ) ;
#4828 = CARTESIAN_POINT ( 'NONE',  ( -13.07025022560424800, 1.700000000000002600, -24.71201918137775500 ) ) ;
#4829 = CARTESIAN_POINT ( 'NONE',  ( 1.615273617595625500E-012, 0.6999999999999977400, 9.400000000000000400 ) ) ;
#4830 = DIRECTION ( 'NONE',  ( -0.01745240643763354800, 0.9998476951563850500, 3.246358992804898200E-015 ) ) ;
#4831 = CARTESIAN_POINT ( 'NONE',  ( -10.15999999999607400, 10.21199999999999400, 22.86000000000174700 ) ) ;
#4832 = LINE ( 'NONE', #3631, #1735 ) ;
#4833 = DIRECTION ( 'NONE',  ( -1.000000000000000000, -2.168404344971014300E-016, 1.734723475976811600E-013 ) ) ;
#4834 = CARTESIAN_POINT ( 'NONE',  ( 12.30714819871578700, 0.6999999999999947400, 25.64582323907808400 ) ) ;
#4835 = CARTESIAN_POINT ( 'NONE',  ( -11.08467416166828400, 23.49993545750347200, -24.92716743303303100 ) ) ;
#4836 = ORIENTED_EDGE ( 'NONE', *, *, #2921, .F. ) ;
#4837 = EDGE_LOOP ( 'NONE', ( #4545, #1510, #1512 ) ) ;
#4838 = VERTEX_POINT ( 'NONE', #4890 ) ;
#4839 = MANIFOLD_SOLID_BREP ( 'Body-Move/Copy1[5]', #628 ) ;
#4840 = ADVANCED_FACE ( 'NONE', ( #2655 ), #4715, .T. ) ;
#4841 = CARTESIAN_POINT ( 'NONE',  ( 12.40141976897460400, 22.90473760957192100, 25.72048244998408600 ) ) ;
#4842 = DIRECTION ( 'NONE',  ( 1.000000000000000000, 3.614007241618348300E-016, -1.734723475976807100E-013 ) ) ;
#4843 = CARTESIAN_POINT ( 'NONE',  ( -12.63949452597438000, 1.700000000000003100, -25.48021493423782900 ) ) ;
#4845 = EDGE_LOOP ( 'NONE', ( #2159, #4240, #985, #3099 ) ) ;
#4844 = EDGE_LOOP ( 'NONE', ( #373, #4348 ) ) ;
#4846 = EDGE_CURVE ( 'NONE', #1492, #1319, #4440, .T. ) ;
#4847 = ORIENTED_EDGE ( 'NONE', *, *, #3143, .F. ) ;
#4848 = DIRECTION ( 'NONE',  ( 2.470955234246180800E-016, -1.000000000000000000, -2.470955234246605300E-016 ) ) ;
#4849 = CARTESIAN_POINT ( 'NONE',  ( 13.05000000000640100, 1.699999999999997100, 24.65015230484172500 ) ) ;
#4850 = CARTESIAN_POINT ( 'NONE',  ( 12.06760736976866400, 0.7000000000000072800, -25.66745506493245400 ) ) ;
#4851 = CARTESIAN_POINT ( 'NONE',  ( -11.86745506492733800, 1.299999999999993200, 15.50000000000203900 ) ) ;
#4852 = EDGE_CURVE ( 'NONE', #3476, #2051, #3887, .T. ) ;
#4854 = ORIENTED_EDGE ( 'NONE', *, *, #1168, .F. ) ;
#4853 = ORIENTED_EDGE ( 'NONE', *, *, #2213, .F. ) ;
#4855 = ORIENTED_EDGE ( 'NONE', *, *, #1627, .F. ) ;
#4856 = DIRECTION ( 'NONE',  ( 2.470955234246180800E-016, -1.000000000000000000, -2.470955234246605300E-016 ) ) ;
#4857 = EDGE_CURVE ( 'NONE', #3216, #613, #3819, .T. ) ;
#4858 = CARTESIAN_POINT ( 'NONE',  ( -12.46745506493266700, 1.700000000000000800, -15.49999999999785800 ) ) ;
#4859 = VERTEX_POINT ( 'NONE', #5040 ) ;
#4860 = CARTESIAN_POINT ( 'NONE',  ( 12.42013518798409200, 0.6999999999999946300, 25.60325947666664300 ) ) ;
#4861 = VERTEX_POINT ( 'NONE', #3450 ) ;
#4862 = CARTESIAN_POINT ( 'NONE',  ( 0.4999979999960217400, 0.7000000000000153900, -22.85999999999978600 ) ) ;
#4863 = ORIENTED_EDGE ( 'NONE', *, *, #2611, .F. ) ;
#4864 = AXIS2_PLACEMENT_3D ( 'NONE', #2929, #606, #3721 ) ;
#4865 = FACE_OUTER_BOUND ( 'NONE', #2174, .T. ) ;
#4866 = VERTEX_POINT ( 'NONE', #2361 ) ;
#4867 = CARTESIAN_POINT ( 'NONE',  ( 12.77609723762551200, 22.03701650797376000, 25.37609723780520100 ) ) ;
#4868 = DIRECTION ( 'NONE',  ( 2.470955234246180800E-016, -1.000000000000000000, -2.470955234246605300E-016 ) ) ;
#4869 = CARTESIAN_POINT ( 'NONE',  ( -12.11409038859441400, 0.5666666666667034000, -25.69003263251792300 ) ) ;
#4870 = LINE ( 'NONE', #3765, #4554 ) ;
#4871 = ORIENTED_EDGE ( 'NONE', *, *, #4966, .T. ) ;
#4872 = AXIS2_PLACEMENT_3D ( 'NONE', #3633, #475, #938 ) ;
#4873 = CARTESIAN_POINT ( 'NONE',  ( 12.06760736977659400, 0.7000000000000057300, 25.66745506492983300 ) ) ;
#4874 = CARTESIAN_POINT ( 'NONE',  ( -12.16745506494591200, 1.400000000000019900, -92.58809884117789600 ) ) ;
#4875 = PLANE ( 'NONE',  #3725 ) ;
#4876 = FACE_OUTER_BOUND ( 'NONE', #4547, .T. ) ;
#4877 = ADVANCED_FACE ( 'NONE', ( #1531 ), #3465, .F. ) ;
#4878 =( BOUNDED_CURVE ( )  B_SPLINE_CURVE ( 3, ( #21, #4303, #868, #2464 ),
 .UNSPECIFIED., .F., .T. ) 
 B_SPLINE_CURVE_WITH_KNOTS ( ( 4, 4 ),
 ( 0.1303571363703632800, 0.7852458701538345100 ),
 .UNSPECIFIED. ) 
 CURVE ( )  GEOMETRIC_REPRESENTATION_ITEM ( )  RATIONAL_B_SPLINE_CURVE ( ( 1.000000000000000000, 0.9645782588639608700, 0.9645782588639608700, 1.000000000000000000 ) ) 
 REPRESENTATION_ITEM ( '' )  );
#4879 = EDGE_CURVE ( 'NONE', #5036, #1001, #400, .T. ) ;
#4880 = VECTOR ( 'NONE', #4385, 1000.000000000000000 ) ;
#4881 = EDGE_LOOP ( 'NONE', ( #2241, #437, #1445, #3932 ) ) ;
#4882 = DIRECTION ( 'NONE',  ( -0.01745240643728005600, 0.9998476951563912700, 3.246358992744149600E-015 ) ) ;
#4883 = LINE ( 'NONE', #3008, #4071 ) ;
#4884 = ORIENTED_EDGE ( 'NONE', *, *, #71, .T. ) ;
#4885 = VECTOR ( 'NONE', #785, 1000.000000000000000 ) ;
#4886 = LINE ( 'NONE', #3271, #3957 ) ;
#4887 = CARTESIAN_POINT ( 'NONE',  ( -11.99993905486441800, 3.385204910399639500E-015, -25.69992383597794100 ) ) ;
#4888 = VECTOR ( 'NONE', #1204, 1000.000000000000000 ) ;
#4889 = CARTESIAN_POINT ( 'NONE',  ( 13.06745506492733700, 1.700000000000007100, -15.50000000000224700 ) ) ;
#4890 = CARTESIAN_POINT ( 'NONE',  ( -9.659999999996070800, 0.7000000000000016200, 22.86000000000165500 ) ) ;
#4891 = DIRECTION ( 'NONE',  ( -1.718560196236194400E-013, 2.470955234246180800E-016, -1.000000000000000000 ) ) ;
#4892 = EDGE_CURVE ( 'NONE', #2635, #561, #3958, .T. ) ;
#4893 = DIRECTION ( 'NONE',  ( 0.7071067811866691400, 3.005067010826291800E-029, 0.7071067811864258900 ) ) ;
#4894 = AXIS2_PLACEMENT_3D ( 'NONE', #3843, #3829, #1915 ) ;
#4895 = VECTOR ( 'NONE', #403, 1000.000000000000000 ) ;
#4896 = EDGE_CURVE ( 'NONE', #1380, #1626, #2364, .T. ) ;
#4897 = ADVANCED_FACE ( 'NONE', ( #5006 ), #2844, .T. ) ;
#4898 = CARTESIAN_POINT ( 'NONE',  ( 10.66000000000382600, 10.21199999999999800, 22.85999999999817000 ) ) ;
#4899 = ORIENTED_EDGE ( 'NONE', *, *, #3372, .T. ) ;
#4900 = DIRECTION ( 'NONE',  ( -0.9998476951563913800, 0.01745240643727956300, 1.718341575309310900E-013 ) ) ;
#4901 = AXIS2_PLACEMENT_3D ( 'NONE', #3189, #3972, #3587 ) ;
#4902 = DIRECTION ( 'NONE',  ( 2.470955234245973700E-016, -1.000000000000000000, -3.675571015314493300E-016 ) ) ;
#4903 = VERTEX_POINT ( 'NONE', #389 ) ;
#4904 = CARTESIAN_POINT ( 'NONE',  ( -0.5000020000039785400, 1.700000000000005500, -22.85999999999961200 ) ) ;
#4905 = ORIENTED_EDGE ( 'NONE', *, *, #3511, .T. ) ;
#4906 = DIRECTION ( 'NONE',  ( 0.9998476951563912700, 0.01745240643728005600, -1.718255327079238300E-013 ) ) ;
#4907 = CARTESIAN_POINT ( 'NONE',  ( -12.65925303153263200, 1.699999999999990900, 25.44308418776538300 ) ) ;
#4909 = ORIENTED_EDGE ( 'NONE', *, *, #586, .F. ) ;
#4908 = VERTEX_POINT ( 'NONE', #1986 ) ;
#4910 = ORIENTED_EDGE ( 'NONE', *, *, #3280, .F. ) ;
#4911 = EDGE_CURVE ( 'NONE', #2696, #3855, #839, .T. ) ;
#4912 = ORIENTED_EDGE ( 'NONE', *, *, #1137, .F. ) ;
#4913 = CARTESIAN_POINT ( 'NONE',  ( 13.12048244985083100, 22.90473760964489400, 25.00141976923136200 ) ) ;
#4914 = ORIENTED_EDGE ( 'NONE', *, *, #4029, .T. ) ;
#4915 = CARTESIAN_POINT ( 'NONE',  ( 12.16745506492839900, 1.700000000000005300, -9.300000000002091500 ) ) ;
#4916 = FACE_OUTER_BOUND ( 'NONE', #1786, .T. ) ;
#4917 = VERTEX_POINT ( 'NONE', #1166 ) ;
#4918 = DIRECTION ( 'NONE',  ( -0.9998476951563913800, -0.01745240643728080200, 1.711593829630450000E-013 ) ) ;
#4919 = AXIS2_PLACEMENT_3D ( 'NONE', #724, #4241, #5039 ) ;
#4920 = ORIENTED_EDGE ( 'NONE', *, *, #3486, .F. ) ;
#4921 = EDGE_CURVE ( 'NONE', #4951, #1878, #4816, .T. ) ;
#4923 = FACE_OUTER_BOUND ( 'NONE', #4734, .T. ) ;
#4922 = DIRECTION ( 'NONE',  ( 2.470955234246180800E-016, -1.000000000000000000, -2.470955234246605300E-016 ) ) ;
#4924 = CARTESIAN_POINT ( 'NONE',  ( 9.560000000003928000, 1.699999999999996600, 22.85999999999835800 ) ) ;
#4925 = AXIS2_PLACEMENT_3D ( 'NONE', #921, #2466, #1353 ) ;
#4926 = ADVANCED_FACE ( 'NONE', ( #4184 ), #1404, .T. ) ;
#4927 = CARTESIAN_POINT ( 'NONE',  ( 10.16000000000392900, 1.399973453572567000, 22.85999999999825100 ) ) ;
#4928 = CARTESIAN_POINT ( 'NONE',  ( -12.77609723762551900, 22.03701650797376000, -25.37609723780519000 ) ) ;
#4929 = DIRECTION ( 'NONE',  ( -1.718560196236194400E-013, 2.470955234246180800E-016, -1.000000000000000000 ) ) ;
#4930 = CARTESIAN_POINT ( 'NONE',  ( 12.34548283940558900, 9.391835980370088500E-015, -25.66344524720212300 ) ) ;
#4931 = VECTOR ( 'NONE', #2771, 1000.000000000000000 ) ;
#4932 = ORIENTED_EDGE ( 'NONE', *, *, #5024, .F. ) ;
#4933 = EDGE_LOOP ( 'NONE', ( #3808, #4225, #4995, #1326, #3335, #3723, #1143 ) ) ;
#4934 = CARTESIAN_POINT ( 'NONE',  ( -12.08770529053264700, 0.7000000000000007300, -15.39999999999792400 ) ) ;
#4935 = CIRCLE ( 'NONE', #4149, 0.5000000000000004400 ) ;
#4936 = VECTOR ( 'NONE', #1819, 1000.000000000000000 ) ;
#4937 = PLANE ( 'NONE',  #4393 ) ;
#4938 = CARTESIAN_POINT ( 'NONE',  ( -12.90461997816434100, 3.052272983203183600E-015, -25.25722511096778400 ) ) ;
#4939 = CIRCLE ( 'NONE', #4808, 0.5000000000000004400 ) ;
#4940 = ORIENTED_EDGE ( 'NONE', *, *, #1845, .T. ) ;
#4941 = LINE ( 'NONE', #4083, #651 ) ;
#4942 = PLANE ( 'NONE',  #85 ) ;
#4943 = VECTOR ( 'NONE', #2895, 1000.000000000000000 ) ;
#4944 = DIRECTION ( 'NONE',  ( 0.7071224240026570100, 0.7070911380243755100, -1.213485261208429500E-013 ) ) ;
#4945 = CARTESIAN_POINT ( 'NONE',  ( -13.07025022559575300, 1.699999999999990600, 24.71201918138224600 ) ) ;
#4946 = CARTESIAN_POINT ( 'NONE',  ( 13.09992383598264700, -5.683385236644581400E-016, 15.39999999999776600 ) ) ;
#4947 = EDGE_CURVE ( 'NONE', #2109, #4490, #1899, .T. ) ;
#4948 = CARTESIAN_POINT ( 'NONE',  ( -12.67132901533844300, 0.7000000000000010700, -25.47316610894434100 ) ) ;
#4949 = B_SPLINE_CURVE_WITH_KNOTS ( 'NONE', 3,
 ( #3793, #2246, #2974, #274, #2997, #5030 ),
 .UNSPECIFIED., .F., .F.,
 ( 4, 1, 1, 4 ),
 ( 0.0000000000000000000, 0.0003345423044331127900, 0.0006690846088662256900, 0.0007067113336011502300 ),
 .UNSPECIFIED. ) ;
#4950 = CARTESIAN_POINT ( 'NONE',  ( 12.34237600997559200, 0.5666666666667092800, -25.65388201153212200 ) ) ;
#4951 = VERTEX_POINT ( 'NONE', #4290 ) ;
#4952 = CARTESIAN_POINT ( 'NONE',  ( -10.16000000000393100, 10.21200000000000300, -22.85999999999795300 ) ) ;
#4953 = ADVANCED_FACE ( 'NONE', ( #4316 ), #4747, .T. ) ;
#4954 = EDGE_CURVE ( 'NONE', #4741, #3601, #1589, .T. ) ;
#4955 = CYLINDRICAL_SURFACE ( 'NONE', #819, 0.9999999999999994400 ) ;
#4956 = PLANE ( 'NONE',  #3003 ) ;
#4957 = CARTESIAN_POINT ( 'NONE',  ( 12.46745506493159900, 1.700000000000000600, 9.299999999997858400 ) ) ;
#4958 = CARTESIAN_POINT ( 'NONE',  ( 12.42013518795323000, 0.7000000000000070600, -25.60325947668015400 ) ) ;
#4959 = LINE ( 'NONE', #5015, #2216 ) ;
#4960 = CARTESIAN_POINT ( 'NONE',  ( -13.60000000000364300, 1.877925978026520500E-015, -21.19999999999766200 ) ) ;
#4961 = ORIENTED_EDGE ( 'NONE', *, *, #1293, .F. ) ;
#4962 = ORIENTED_EDGE ( 'NONE', *, *, #4047, .T. ) ;
#4963 = VERTEX_POINT ( 'NONE', #4796 ) ;
#4964 = CARTESIAN_POINT ( 'NONE',  ( 0.4999979999960217400, 0.7000000000000153900, -22.85999999999978600 ) ) ;
#4965 = DIRECTION ( 'NONE',  ( -1.000000000000000000, -2.470955234246605300E-016, 1.718560196236194400E-013 ) ) ;
#4966 = EDGE_CURVE ( 'NONE', #5046, #1962, #524, .T. ) ;
#4968 = ORIENTED_EDGE ( 'NONE', *, *, #3485, .F. ) ;
#4967 = EDGE_LOOP ( 'NONE', ( #2813, #2372, #4794, #3277 ) ) ;
#4969 = CARTESIAN_POINT ( 'NONE',  ( -12.46745506492840300, 1.699999999999994400, 9.300000000002143000 ) ) ;
#4970 = ORIENTED_EDGE ( 'NONE', *, *, #3169, .T. ) ;
#4971 = ORIENTED_EDGE ( 'NONE', *, *, #1705, .T. ) ;
#4972 = CARTESIAN_POINT ( 'NONE',  ( -12.32716743294894400, 23.49993545788452200, -23.68467416195686300 ) ) ;
#4973 = CARTESIAN_POINT ( 'NONE',  ( -3.212241804520035500E-016, 1.300000000000000300, 3.212241804520587200E-016 ) ) ;
#4975 = ORIENTED_EDGE ( 'NONE', *, *, #5124, .F. ) ;
#4974 = ORIENTED_EDGE ( 'NONE', *, *, #379, .F. ) ;
#4976 = CARTESIAN_POINT ( 'NONE',  ( -11.71576007950953300, 22.02617860965649400, 25.81553162224942000 ) ) ;
#4977 = VERTEX_POINT ( 'NONE', #2759 ) ;
#4978 = CYLINDRICAL_SURFACE ( 'NONE', #1737, 0.9999999999999994400 ) ;
#4979 = VERTEX_POINT ( 'NONE', #1230 ) ;
#4980 = PLANE ( 'NONE',  #3307 ) ;
#4981 = ADVANCED_FACE ( 'NONE', ( #4563 ), #4, .T. ) ;
#4982 = CARTESIAN_POINT ( 'NONE',  ( -13.09992383597577300, -9.315467354049000900E-015, 24.59993905486225100 ) ) ;
#4983 = ORIENTED_EDGE ( 'NONE', *, *, #4317, .T. ) ;
#4984 = ORIENTED_EDGE ( 'NONE', *, *, #2714, .T. ) ;
#4985 = CARTESIAN_POINT ( 'NONE',  ( -10.66000000000392900, 1.700000000000002800, -22.85999999999786800 ) ) ;
#4986 = ORIENTED_EDGE ( 'NONE', *, *, #2451, .T. ) ;
#4987 = PLANE ( 'NONE',  #4765 ) ;
#4988 = CARTESIAN_POINT ( 'NONE',  ( -12.46745506492733900, 1.399999999999993000, 15.50000000000214200 ) ) ;
#4989 = LINE ( 'NONE', #322, #1997 ) ;
#4990 = EDGE_CURVE ( 'NONE', #510, #4728, #954, .T. ) ;
#4991 = ORIENTED_EDGE ( 'NONE', *, *, #4449, .F. ) ;
#4992 = VERTEX_POINT ( 'NONE', #24 ) ;
#4993 = AXIS2_PLACEMENT_3D ( 'NONE', #2450, #3213, #4824 ) ;
#4994 = FACE_OUTER_BOUND ( 'NONE', #2604, .T. ) ;
#4995 = ORIENTED_EDGE ( 'NONE', *, *, #2768, .T. ) ;
#4996 = CARTESIAN_POINT ( 'NONE',  ( 12.02709324931576700, 3.003600000000008900, -24.62709324932206900 ) ) ;
#4997 = EDGE_CURVE ( 'NONE', #2511, #2045, #208, .T. ) ;
#4998 = FACE_OUTER_BOUND ( 'NONE', #3054, .T. ) ;
#4999 = CARTESIAN_POINT ( 'NONE',  ( 11.86745506492840200, 1.700000000000005300, -9.300000000002041700 ) ) ;
#5000 = CYLINDRICAL_SURFACE ( 'NONE', #4901, 0.5000000000000004400 ) ;
#5001 = DIRECTION ( 'NONE',  ( 0.01745240643727956000, 0.9998476951563912700, -2.752243213584931600E-015 ) ) ;
#5003 = VECTOR ( 'NONE', #1203, 1000.000000000000000 ) ;
#5002 = CARTESIAN_POINT ( 'NONE',  ( -11.99993905485558800, 1.133333333332990900, 25.68014142906206500 ) ) ;
#5004 = CARTESIAN_POINT ( 'NONE',  ( -12.49761833559076500, 0.7000000000000011800, -25.57078916954884200 ) ) ;
#5005 = CARTESIAN_POINT ( 'NONE',  ( -12.31965277753836900, 23.50798738021439500, -24.91965277794043500 ) ) ;
#5006 = FACE_OUTER_BOUND ( 'NONE', #3285, .T. ) ;
#5007 = ORIENTED_EDGE ( 'NONE', *, *, #1193, .F. ) ;
#5008 = LINE ( 'NONE', #50, #4187 ) ;
#5009 =( BOUNDED_CURVE ( )  B_SPLINE_CURVE ( 3, ( #3806, #2619, #1482, #2266 ),
 .UNSPECIFIED., .F., .F. ) 
 B_SPLINE_CURVE_WITH_KNOTS ( ( 4, 4 ),
 ( 0.1303571363703647200, 0.7852458701538345100 ),
 .UNSPECIFIED. ) 
 CURVE ( )  GEOMETRIC_REPRESENTATION_ITEM ( )  RATIONAL_B_SPLINE_CURVE ( ( 1.000000000000000000, 0.9645782588639610900, 0.9645782588639610900, 1.000000000000000000 ) ) 
 REPRESENTATION_ITEM ( '' )  );
#5010 = LINE ( 'NONE', #2506, #4943 ) ;
#5011 = AXIS2_PLACEMENT_3D ( 'NONE', #2325, #2809, #1638 ) ;
#5012 = ADVANCED_FACE ( 'NONE', ( #1153 ), #2039, .F. ) ;
#5013 = VECTOR ( 'NONE', #3897, 1000.000000000000100 ) ;
#5014 = CARTESIAN_POINT ( 'NONE',  ( 12.56639088180247500, 1.548995866604894200, -25.51907451139606000 ) ) ;
#5015 = CARTESIAN_POINT ( 'NONE',  ( -11.86745506492840400, 1.699999999999994400, 9.300000000002041700 ) ) ;
#5016 = EDGE_CURVE ( 'NONE', #1745, #4838, #3068, .T. ) ;
#5017 = CARTESIAN_POINT ( 'NONE',  ( -12.11305478498558800, 1.133333333332990900, 25.68014142906208600 ) ) ;
#5018 = VECTOR ( 'NONE', #4944, 1000.000000000000100 ) ;
#5019 = DIRECTION ( 'NONE',  ( 1.000000000000000000, 3.614007241618348800E-016, -1.676899360110913900E-013 ) ) ;
#5020 = B_SPLINE_CURVE_WITH_KNOTS ( 'NONE', 3,
 ( #4907, #2933, #2565, #4705 ),
 .UNSPECIFIED., .F., .F.,
 ( 4, 4 ),
 ( 0.0000000000000000000, 1.000000000000000000 ),
 .UNSPECIFIED. ) ;
#5021 = CARTESIAN_POINT ( 'NONE',  ( -11.70394395684464000, 23.50798738008916900, -25.53536159853060600 ) ) ;
#5022 = EDGE_CURVE ( 'NONE', #1629, #699, #3437, .T. ) ;
#5023 = VECTOR ( 'NONE', #3874, 1000.000000000000000 ) ;
#5024 = EDGE_CURVE ( 'NONE', #4992, #3105, #3950, .T. ) ;
#5025 =( NAMED_UNIT ( * ) SI_UNIT ( $, .STERADIAN. ) SOLID_ANGLE_UNIT ( ) );
#5026 = CARTESIAN_POINT ( 'NONE',  ( 10.16000000000382600, 10.21199999999999800, 22.85999999999825500 ) ) ;
#5027 = DIRECTION ( 'NONE',  ( 2.470955234246180800E-016, -1.000000000000000000, -2.470955234246605300E-016 ) ) ;
#5028 = DIRECTION ( 'NONE',  ( 1.000000000000000000, 2.470955234246605300E-016, -1.718560196236194400E-013 ) ) ;
#5029 = FACE_OUTER_BOUND ( 'NONE', #4668, .T. ) ;
#5030 = CARTESIAN_POINT ( 'NONE',  ( -12.65925303154156000, 1.700000000000002600, -25.44308418776091300 ) ) ;
#5031 = ADVANCED_FACE ( 'NONE', ( #2471 ), #4327, .T. ) ;
#5032 = ORIENTED_EDGE ( 'NONE', *, *, #5088, .F. ) ;
#5033 = CARTESIAN_POINT ( 'NONE',  ( -13.09003263251577200, 0.5666666666666906300, 24.59993905486224700 ) ) ;
#5034 = ORIENTED_EDGE ( 'NONE', *, *, #4021, .T. ) ;
#5035 = DIRECTION ( 'NONE',  ( 1.000000000000000000, 2.470955234246605300E-016, -1.718560196236194400E-013 ) ) ;
#5036 = VERTEX_POINT ( 'NONE', #2059 ) ;
#5037 = FILL_AREA_STYLE ('',( #3500 ) ) ;
#5038 = ORIENTED_EDGE ( 'NONE', *, *, #1723, .T. ) ;
#5039 = DIRECTION ( 'NONE',  ( -1.000000000000000000, 0.0000000000000000000, 1.711593829630450300E-013 ) ) ;
#5040 = CARTESIAN_POINT ( 'NONE',  ( 12.10022845726259700, 8.596453259942828600E-015, -26.20000000000147700 ) ) ;
#5041 = DIRECTION ( 'NONE',  ( -2.470955234246180800E-016, 1.000000000000000000, 2.470955234246605300E-016 ) ) ;
#5042 = EDGE_CURVE ( 'NONE', #2984, #2510, #4383, .T. ) ;
#5043 = ORIENTED_EDGE ( 'NONE', *, *, #3937, .T. ) ;
#5044 = DIRECTION ( 'NONE',  ( -2.470955234246180800E-016, 1.000000000000000000, 2.470955234246605300E-016 ) ) ;
#5045 = ORIENTED_EDGE ( 'NONE', *, *, #256, .F. ) ;
#5046 = VERTEX_POINT ( 'NONE', #2025 ) ;
#5047 = VECTOR ( 'NONE', #4455, 1000.000000000000000 ) ;
#5048 = EDGE_LOOP ( 'NONE', ( #3438, #3320, #3661, #4657, #4853, #1634, #821 ) ) ;
#5049 = DIRECTION ( 'NONE',  ( -1.000000000000000000, 0.0000000000000000000, 1.734723475976811600E-013 ) ) ;
#5050 = EDGE_LOOP ( 'NONE', ( #3943, #3044, #3711, #4418, #1692 ) ) ;
#5051 = DIRECTION ( 'NONE',  ( 1.000000000000000000, 2.470955234246605300E-016, -1.718560196236194400E-013 ) ) ;
#5052 = VERTEX_POINT ( 'NONE', #2392 ) ;
#5053 = VECTOR ( 'NONE', #2221, 1000.000000000000000 ) ;
#5054 = EDGE_LOOP ( 'NONE', ( #2383, #2100 ) ) ;
#5055 = DIRECTION ( 'NONE',  ( 1.718560196236194400E-013, -2.470955234246180800E-016, 1.000000000000000000 ) ) ;
#5056 = DIRECTION ( 'NONE',  ( 0.01745240643728005600, -0.9998476951563912700, -3.246358992744149600E-015 ) ) ;
#5057 = EDGE_CURVE ( 'NONE', #3853, #1630, #142, .T. ) ;
#5058 = LINE ( 'NONE', #2535, #4375 ) ;
#5059 = CARTESIAN_POINT ( 'NONE',  ( 12.08770529052838500, 0.7000000000000052800, -9.400000000002078700 ) ) ;
#5060 = ADVANCED_FACE ( 'NONE', ( #4066 ), #1616, .F. ) ;
#5061 = CARTESIAN_POINT ( 'NONE',  ( -12.05015230483956000, 1.699999999999990600, 25.65000000000423700 ) ) ;
#5062 = PLANE ( 'NONE',  #3378 ) ;
#5063 = AXIS2_PLACEMENT_3D ( 'NONE', #1788, #1773, #2189 ) ;
#5064 = DIRECTION ( 'NONE',  ( -2.470955234245973700E-016, 1.000000000000000000, 3.675571015314493300E-016 ) ) ;
#5065 = VECTOR ( 'NONE', #647, 1000.000000000000000 ) ;
#5066 = PLANE ( 'NONE',  #199 ) ;
#5067 = ORIENTED_EDGE ( 'NONE', *, *, #1491, .F. ) ;
#5068 = CARTESIAN_POINT ( 'NONE',  ( -11.71576007950796200, 22.00000000000405400, 24.31576007951415600 ) ) ;
#5069 = LINE ( 'NONE', #863, #3077 ) ;
#5070 = DIRECTION ( 'NONE',  ( -2.470955234246180800E-016, 1.000000000000000000, 2.470955234246605300E-016 ) ) ;
#5071 = VECTOR ( 'NONE', #2907, 1000.000000000000000 ) ;
#5072 = CIRCLE ( 'NONE', #3799, 0.4999999999999987200 ) ;
#5073 = VERTEX_POINT ( 'NONE', #1675 ) ;
#5074 = DIRECTION ( 'NONE',  ( 0.01745240643847690100, -0.9998476951563704000, -3.246358992949830100E-015 ) ) ;
#5075 = CARTESIAN_POINT ( 'NONE',  ( -12.24208138431582800, 21.99999999999998900, 24.31576007951211000 ) ) ;
#5076 = CARTESIAN_POINT ( 'NONE',  ( 12.08770529053000000, 0.7000000000000030600, -2.077171950747455100E-012 ) ) ;
#5077 = AXIS2_PLACEMENT_3D ( 'NONE', #5078, #4243, #2712 ) ;
#5078 = CARTESIAN_POINT ( 'NONE',  ( 11.71576007950581500, 22.00000000000001100, -24.31576007951200700 ) ) ;
#5079 = DIRECTION ( 'NONE',  ( -2.470955234246180800E-016, 1.000000000000000000, 2.470955234246605300E-016 ) ) ;
#5080 = CARTESIAN_POINT ( 'NONE',  ( -11.99993905486441300, 1.700000000000003100, -25.67025022559794000 ) ) ;
#5081 = ORIENTED_EDGE ( 'NONE', *, *, #546, .F. ) ;
#5082 = FACE_OUTER_BOUND ( 'NONE', #2279, .T. ) ;
#5083 = CARTESIAN_POINT ( 'NONE',  ( -8.589999999995496800, -8.596453259942828600E-015, 26.20000000000147700 ) ) ;
#5084 = CARTESIAN_POINT ( 'NONE',  ( -14.78000000000364300, 1.586353260385421300E-015, -21.19999999999745900 ) ) ;
#5085 = DIRECTION ( 'NONE',  ( 2.470955234246180800E-016, -1.000000000000000000, -2.470955234246605300E-016 ) ) ;
#5087 = ADVANCED_FACE ( 'NONE', ( #1013 ), #5000, .T. ) ;
#5086 = FACE_OUTER_BOUND ( 'NONE', #5054, .T. ) ;
#5088 = EDGE_CURVE ( 'NONE', #3929, #755, #3497, .T. ) ;
#5089 = DIRECTION ( 'NONE',  ( 1.718560196236194400E-013, -2.470955234246180800E-016, 1.000000000000000000 ) ) ;
#5090 = CARTESIAN_POINT ( 'NONE',  ( -8.590000000004415900, 4.227785586006464300E-015, -25.69992383597852700 ) ) ;
#5091 = VECTOR ( 'NONE', #2975, 1000.000000000000100 ) ;
#5092 = DIRECTION ( 'NONE',  ( -2.470955234246180800E-016, 1.000000000000000000, 2.470955234246605300E-016 ) ) ;
#5093 = EDGE_CURVE ( 'NONE', #995, #2568, #309, .T. ) ;
#5094 = DIRECTION ( 'NONE',  ( 1.000000000000000000, 0.0000000000000000000, -1.734723475976807600E-013 ) ) ;
#5095 = EDGE_CURVE ( 'NONE', #1120, #1841, #228, .T. ) ;
#5096 = VERTEX_POINT ( 'NONE', #101 ) ;
#5097 = VERTEX_POINT ( 'NONE', #1322 ) ;
#5098 = VERTEX_POINT ( 'NONE', #944 ) ;
#5099 = CARTESIAN_POINT ( 'NONE',  ( -12.40141976888650400, 22.90473760965713300, -25.72048245006921600 ) ) ;
#5100 = AXIS2_PLACEMENT_3D ( 'NONE', #1245, #4322, #3168 ) ;
#5101 = CARTESIAN_POINT ( 'NONE',  ( 13.08770529052838300, 0.7000000000000055100, -9.400000000002251000 ) ) ;
#5102 = DIRECTION ( 'NONE',  ( 2.470955234246180800E-016, -1.000000000000000000, -2.470955234246605300E-016 ) ) ;
#5104 = ORIENTED_EDGE ( 'NONE', *, *, #3185, .F. ) ;
#5103 = ORIENTED_EDGE ( 'NONE', *, *, #3303, .F. ) ;
#5105 = CARTESIAN_POINT ( 'NONE',  ( 12.56587981374348400, 1.548164813364520900, 25.51949272514165700 ) ) ;
#5106 = ORIENTED_EDGE ( 'NONE', *, *, #2955, .F. ) ;
#5107 = EDGE_LOOP ( 'NONE', ( #4983, #3204 ) ) ;
#5108 =( BOUNDED_SURFACE ( )  B_SPLINE_SURFACE ( 3, 3, ( 
 ( #3703, #1397, #204, #2561 ),
 ( #605, #2610, #272, #3736 ),
 ( #3026, #3373, #3336, #2580 ),
 ( #712, #2267, #4972, #3412 ) ),
 .UNSPECIFIED., .F., .F., .F. ) 
 B_SPLINE_SURFACE_WITH_KNOTS ( ( 4, 4 ),
 ( 4, 4 ),
 ( 0.0000000000000000000, 1.000000000000000000 ),
 ( 0.0000000000000000000, 1.000000000000000000 ),
 .UNSPECIFIED. ) 
 GEOMETRIC_REPRESENTATION_ITEM ( )  RATIONAL_B_SPLINE_SURFACE ( (
 ( 1.000000000000000000, 0.8047378540035333700, 0.8047378540035333700, 1.000000000000000000),
 ( 0.8083544723009066200, 0.6505134433135902900, 0.6505134433135902900, 0.8083544723009066200),
 ( 0.8083544723009066200, 0.6505134433135902900, 0.6505134433135902900, 0.8083544723009066200),
 ( 1.000000000000000000, 0.8047378540035333700, 0.8047378540035333700, 1.000000000000000000) ) ) 
 REPRESENTATION_ITEM ( '' )  SURFACE ( )  );
#5109 = CARTESIAN_POINT ( 'NONE',  ( 13.58778145455505800, 0.7000000000000008400, 27.97931440638766500 ) ) ;
#5111 = EDGE_LOOP ( 'NONE', ( #3501, #3987, #2105, #1836 ) ) ;
#5110 = ORIENTED_EDGE ( 'NONE', *, *, #4556, .F. ) ;
#5112 = ORIENTED_EDGE ( 'NONE', *, *, #1921, .F. ) ;
#5113 = CARTESIAN_POINT ( 'NONE',  ( -11.99993905485559000, 1.699999999999990600, 25.67025022560206100 ) ) ;
#5114 = VECTOR ( 'NONE', #4557, 1000.000000000000100 ) ;
#5115 = VERTEX_POINT ( 'NONE', #2526 ) ;
#5116 = CARTESIAN_POINT ( 'NONE',  ( 11.86745506493266300, 1.699999999999999100, 15.49999999999796100 ) ) ;
#5117 = ORIENTED_EDGE ( 'NONE', *, *, #2542, .F. ) ;
#5118 = DIRECTION ( 'NONE',  ( -0.7071067812485759600, 3.095248406287739200E-012, 0.7071067811245190800 ) ) ;
#5119 = ADVANCED_FACE ( 'NONE', ( #4686 ), #2873, .T. ) ;
#5120 = ORIENTED_EDGE ( 'NONE', *, *, #650, .F. ) ;
#5121 = VECTOR ( 'NONE', #4692, 1000.000000000000000 ) ;
#5122 = DIRECTION ( 'NONE',  ( 1.000000000000000000, 2.470955234246605300E-016, -1.718560196236194400E-013 ) ) ;
#5123 = CIRCLE ( 'NONE', #1408, 0.9000398214160099100 ) ;
#5124 = EDGE_CURVE ( 'NONE', #1784, #4908, #394, .T. ) ;
#5125 = CARTESIAN_POINT ( 'NONE',  ( -2.663941271032498500E-012, 0.7000000000000017300, -15.50000000000000000 ) ) ;
ENDSEC;
END-ISO-10303-21;
